season,match_id,date,league,home_team,away_team,home_goals,away_goals,home_xg,away_xg,rest_days_home,rest_days_away,corners_home,corners_away
2014,5826,2014-08-23 18:00:00,laliga,Malaga,Athletic Club,1,0,1.32107,1.14151,14.0,14.0,,
2014,5827,2014-08-23 20:00:00,laliga,Sevilla,Valencia,1,1,1.17197,1.74903,14.0,14.0,,
2014,5828,2014-08-23 20:00:00,laliga,Granada,Deportivo La Coruna,2,1,0.548351,0.379371,14.0,14.0,,
2014,5829,2014-08-23 22:00:00,laliga,Almeria,Espanyol,1,1,0.978788,0.399306,14.0,14.0,,
2014,5830,2014-08-24 18:00:00,laliga,Eibar,Real Sociedad,1,0,0.465398,0.975523,14.0,14.0,,
2014,5831,2014-08-24 20:00:00,laliga,Barcelona,Elche,3,0,1.54124,0.10804,14.0,14.0,,
2014,5832,2014-08-24 20:00:00,laliga,Celta Vigo,Getafe,3,1,1.91721,0.673965,14.0,14.0,,
2014,5833,2014-08-24 22:00:00,laliga,Levante,Villarreal,0,2,0.345435,3.01412,14.0,14.0,,
2014,5834,2014-08-25 19:00:00,laliga,Real Madrid,Cordoba,2,0,0.612645,0.37841,14.0,14.0,,
2014,5835,2014-08-25 21:00:00,laliga,Rayo Vallecano,Atletico Madrid,0,0,0.357337,0.901586,14.0,14.0,,
2014,5836,2014-08-29 19:00:00,laliga,Getafe,Almeria,1,0,1.31774,1.31079,5.0,5.9,,
2014,5837,2014-08-29 21:00:00,laliga,Valencia,Malaga,3,0,1.96863,1.13196,6.0,6.1,,
2014,5838,2014-08-30 18:00:00,laliga,Cordoba,Celta Vigo,1,1,0.241504,0.786352,5.0,5.9,,
2014,5839,2014-08-30 18:00:00,laliga,Athletic Club,Levante,3,0,2.25621,0.331502,7.0,5.8,,
2014,5840,2014-08-30 20:00:00,laliga,Atletico Madrid,Eibar,2,1,1.37146,0.855113,5.0,6.1,,
2014,5841,2014-08-30 22:00:00,laliga,Espanyol,Sevilla,1,2,0.945745,1.36011,7.0,7.1,,
2014,5842,2014-08-31 18:00:00,laliga,Villarreal,Barcelona,0,1,1.10836,3.12545,6.8,6.9,,
2014,5843,2014-08-31 20:00:00,laliga,Deportivo La Coruna,Rayo Vallecano,2,2,1.89944,2.23586,8.0,6.0,,
2014,5844,2014-08-31 20:00:00,laliga,Real Sociedad,Real Madrid,4,2,2.74099,2.31574,7.1,6.0,,
2014,5785,2014-08-31 22:00:00,laliga,Elche,Granada,1,1,1.35652,0.762738,7.1,8.1,,
2014,5786,2014-09-12 20:00:00,laliga,Almeria,Cordoba,1,1,1.03628,0.763656,14.0,13.1,,
2014,5787,2014-09-13 15:00:00,laliga,Barcelona,Athletic Club,2,0,2.1772,0.0979707,12.9,13.9,,
2014,5788,2014-09-13 17:00:00,laliga,Malaga,Levante,0,0,0.819725,0.358265,14.8,14.0,,
2014,5789,2014-09-13 19:00:00,laliga,Real Madrid,Atletico Madrid,1,2,1.58778,1.11054,13.0,14.0,,
2014,5790,2014-09-13 21:00:00,laliga,Celta Vigo,Real Sociedad,2,2,2.85395,1.30012,14.1,13.0,,
2014,5791,2014-09-14 11:00:00,laliga,Rayo Vallecano,Elche,2,3,1.42044,0.570631,13.6,13.5,,
2014,5792,2014-09-14 16:00:00,laliga,Valencia,Espanyol,3,1,1.86199,1.09215,15.8,14.8,,
2014,5793,2014-09-14 18:00:00,laliga,Sevilla,Getafe,2,0,2.03978,0.30148,14.8,16.0,,
2014,5794,2014-09-14 20:00:00,laliga,Granada,Villarreal,0,0,0.421198,0.634854,13.9,14.1,,
2014,5795,2014-09-15 19:45:00,laliga,Eibar,Deportivo La Coruna,0,1,0.412722,0.672578,16.0,15.0,,
2014,5796,2014-09-19 20:00:00,laliga,Elche,Eibar,0,2,1.03354,0.903058,5.4,4.0,,
2014,5797,2014-09-20 15:00:00,laliga,Deportivo La Coruna,Real Madrid,2,8,1.74836,2.05644,4.8,6.8,,
2014,5798,2014-09-20 17:00:00,laliga,Athletic Club,Granada,0,1,0.452668,0.385966,7.1,5.9,,
2014,5799,2014-09-20 19:00:00,laliga,Atletico Madrid,Celta Vigo,2,2,2.42868,0.926164,7.0,6.9,,
2014,5800,2014-09-20 21:00:00,laliga,Espanyol,Malaga,2,2,2.76188,0.446347,6.2,7.2,,
2014,5801,2014-09-21 11:00:00,laliga,Real Sociedad,Almeria,1,2,1.67935,0.603236,7.6,8.6,,
2014,5802,2014-09-21 16:00:00,laliga,Villarreal,Rayo Vallecano,4,2,4.38395,1.40506,6.8,7.2,,
2014,5803,2014-09-21 18:00:00,laliga,Cordoba,Sevilla,1,3,0.901931,2.64146,8.9,7.0,,
2014,5804,2014-09-21 20:00:00,laliga,Levante,Barcelona,0,5,0.44198,3.8229,8.1,8.2,,
2014,5805,2014-09-22 19:45:00,laliga,Getafe,Valencia,0,3,0.23474,1.54259,8.1,8.2,,
2014,5806,2014-09-23 19:00:00,laliga,Real Madrid,Elche,5,1,3.93785,1.07447,3.2,4.0,,
2014,5807,2014-09-23 21:00:00,laliga,Celta Vigo,Deportivo La Coruna,2,1,1.19299,1.04057,3.1,3.2,,
2014,5808,2014-09-24 19:00:00,laliga,Eibar,Villarreal,1,1,0.793018,0.662859,5.0,3.1,,
2014,5809,2014-09-24 19:00:00,laliga,Rayo Vallecano,Athletic Club,2,1,3.17965,1.06179,3.1,4.1,,
2014,5810,2014-09-24 19:00:00,laliga,Almeria,Atletico Madrid,0,1,0.263228,1.689,3.3,4.0,,
2014,5811,2014-09-24 21:00:00,laliga,Sevilla,Real Sociedad,1,0,2.02336,0.248733,3.1,3.4,,
2014,5812,2014-09-24 21:00:00,laliga,Granada,Levante,0,1,0.636719,0.415162,4.2,3.0,,
2014,5813,2014-09-24 21:00:00,laliga,Malaga,Barcelona,0,0,0.278657,0.646364,4.0,3.0,,
2014,5814,2014-09-25 19:00:00,laliga,Espanyol,Getafe,2,0,2.09364,0.40196,4.9,3.0,,
2014,5815,2014-09-25 21:00:00,laliga,Valencia,Cordoba,3,0,1.26428,0.116667,3.1,4.1,,
2014,5816,2014-09-26 20:00:00,laliga,Elche,Celta Vigo,0,1,0.402099,2.04008,3.0,3.0,,
2014,5817,2014-09-27 15:00:00,laliga,Villarreal,Real Madrid,0,2,0.951263,0.976346,2.8,3.8,,
2014,5818,2014-09-27 17:00:00,laliga,Barcelona,Granada,6,0,4.92758,0.445275,2.8,2.8,,
2014,5819,2014-09-27 19:00:00,laliga,Atletico Madrid,Sevilla,4,0,2.70863,0.178376,3.0,2.9,,
2014,5820,2014-09-27 21:00:00,laliga,Athletic Club,Eibar,0,0,1.16599,0.518244,3.1,3.1,,
2014,5821,2014-09-27 21:00:00,laliga,Levante,Rayo Vallecano,0,2,0.637848,1.39355,3.0,3.1,,
2014,5822,2014-09-28 11:00:00,laliga,Getafe,Malaga,1,0,0.704397,0.619457,2.7,3.6,,
2014,5823,2014-09-28 16:00:00,laliga,Deportivo La Coruna,Almeria,0,1,0.957268,0.72135,4.8,3.9,,
2014,5824,2014-09-28 18:00:00,laliga,Real Sociedad,Valencia,1,1,0.762877,0.554817,3.9,2.9,,
2014,5825,2014-09-28 20:00:00,laliga,Cordoba,Espanyol,0,0,0.137119,0.112527,3.0,3.0,,
2014,5754,2014-10-03 20:00:00,laliga,Getafe,Cordoba,1,1,1.4608,0.377042,5.4,5.0,,
2014,5755,2014-10-04 15:00:00,laliga,Valencia,Atletico Madrid,3,1,1.01863,1.68827,5.9,6.8,,
2014,5756,2014-10-04 17:00:00,laliga,Rayo Vallecano,Barcelona,0,2,0.515599,2.97834,6.8,7.0,,
2014,5757,2014-10-04 19:00:00,laliga,Eibar,Levante,3,3,1.03989,1.03547,6.9,6.9,,
2014,5758,2014-10-04 21:00:00,laliga,Almeria,Elche,2,2,2.34067,0.511144,6.2,8.0,,
2014,5759,2014-10-04 21:00:00,laliga,Malaga,Granada,2,1,2.2003,0.851565,6.4,7.2,,
2014,5760,2014-10-05 11:00:00,laliga,Sevilla,Deportivo La Coruna,4,1,3.9035,0.227817,7.7,6.8,,
2014,5761,2014-10-05 16:00:00,laliga,Celta Vigo,Villarreal,1,3,1.17846,2.02409,8.8,8.0,,
2014,5762,2014-10-05 18:00:00,laliga,Espanyol,Real Sociedad,2,0,1.39473,0.481761,6.9,7.0,,
2014,5763,2014-10-05 20:00:00,laliga,Real Madrid,Athletic Club,5,0,3.61471,0.744918,8.2,8.0,,
2014,5764,2014-10-17 20:00:00,laliga,Granada,Rayo Vallecano,0,1,0.432469,0.471785,13.0,13.1,,
2014,5765,2014-10-18 15:00:00,laliga,Levante,Real Madrid,0,5,0.488171,4.276,13.8,12.8,,
2014,5766,2014-10-18 17:00:00,laliga,Athletic Club,Celta Vigo,1,1,2.66245,0.221015,12.9,13.0,,
2014,5767,2014-10-18 19:00:00,laliga,Barcelona,Eibar,3,0,3.09294,0.929153,14.1,14.0,,
2014,5768,2014-10-18 21:00:00,laliga,Cordoba,Malaga,1,2,0.395949,1.41292,15.0,14.0,,
2014,5769,2014-10-19 11:00:00,laliga,Atletico Madrid,Espanyol,2,0,4.12804,0.723748,14.8,13.7,,
2014,5770,2014-10-19 16:00:00,laliga,Deportivo La Coruna,Valencia,3,0,0.994809,0.56407,14.2,15.0,,
2014,5771,2014-10-19 18:00:00,laliga,Elche,Sevilla,0,2,0.47658,2.52963,14.9,14.3,,
2014,5772,2014-10-19 20:00:00,laliga,Villarreal,Almeria,2,0,2.75077,0.336251,14.2,15.0,,
2014,5773,2014-10-20 19:45:00,laliga,Real Sociedad,Getafe,1,2,1.29417,1.19816,15.1,17.0,,
2014,5774,2014-10-24 20:00:00,laliga,Celta Vigo,Levante,3,0,1.88024,0.207108,6.1,6.2,,
2014,5775,2014-10-25 15:00:00,laliga,Almeria,Athletic Club,0,1,0.310169,0.921626,5.8,6.9,,
2014,5776,2014-10-25 17:00:00,laliga,Real Madrid,Barcelona,3,1,1.87887,1.30281,7.1,6.9,,
2014,5777,2014-10-25 19:00:00,laliga,Valencia,Elche,3,1,1.18501,0.498984,6.1,6.0,,
2014,5778,2014-10-25 21:00:00,laliga,Cordoba,Real Sociedad,1,1,2.09938,0.967731,7.0,5.1,,
2014,5779,2014-10-25 21:00:00,laliga,Eibar,Granada,1,1,0.738375,0.542272,7.1,8.0,,
2014,5780,2014-10-26 11:00:00,laliga,Malaga,Rayo Vallecano,4,0,3.90394,0.395055,7.6,8.6,,
2014,5781,2014-10-26 16:00:00,laliga,Espanyol,Deportivo La Coruna,0,0,0.410527,0.0932128,7.2,7.0,,
2014,5782,2014-10-26 18:00:00,laliga,Sevilla,Villarreal,2,1,1.03012,1.3659,7.0,6.9,,
2014,5783,2014-10-26 20:00:00,laliga,Getafe,Atletico Madrid,0,1,0.42457,1.57745,6.0,7.4,,
2014,5784,2014-10-31 19:45:00,laliga,Deportivo La Coruna,Getafe,1,2,0.760639,1.5836,5.2,5.0,,
2014,5716,2014-11-01 15:00:00,laliga,Granada,Real Madrid,0,4,1.07775,2.84686,6.8,6.9,,
2014,5717,2014-11-01 17:00:00,laliga,Atletico Madrid,Cordoba,4,2,1.77353,0.785648,5.9,6.8,,
2014,5718,2014-11-01 19:00:00,laliga,Barcelona,Celta Vigo,0,1,2.66159,1.55562,7.1,8.0,,
2014,5719,2014-11-01 21:00:00,laliga,Real Sociedad,Malaga,0,1,0.112869,1.46771,7.0,6.4,,
2014,5720,2014-11-02 11:00:00,laliga,Athletic Club,Sevilla,1,0,0.43055,0.151226,7.8,6.7,,
2014,5721,2014-11-02 16:00:00,laliga,Villarreal,Valencia,1,3,0.95333,0.339474,6.9,7.9,,
2014,5722,2014-11-02 18:00:00,laliga,Levante,Almeria,2,1,1.46581,1.32208,8.9,8.1,,
2014,5723,2014-11-02 20:00:00,laliga,Elche,Espanyol,2,1,2.35234,2.01995,8.0,7.2,,
2014,5724,2014-11-03 19:45:00,laliga,Rayo Vallecano,Eibar,2,3,1.21559,2.50481,8.4,8.9,,
2014,5725,2014-11-07 19:45:00,laliga,Cordoba,Deportivo La Coruna,0,0,1.22585,0.217729,6.1,7.0,,
2014,5726,2014-11-08 15:00:00,laliga,Almeria,Barcelona,1,2,0.710826,2.88307,5.9,6.8,,
2014,5727,2014-11-08 17:00:00,laliga,Getafe,Elche,0,0,0.701376,0.891117,7.9,5.9,,
2014,5728,2014-11-08 19:00:00,laliga,Real Madrid,Rayo Vallecano,5,1,2.69643,0.843676,7.2,5.0,,
2014,5729,2014-11-08 21:00:00,laliga,Malaga,Eibar,2,1,2.15625,0.783082,7.0,5.1,,
2014,5730,2014-11-08 21:00:00,laliga,Celta Vigo,Granada,0,0,1.3927,1.30763,7.1,7.2,,
2014,5731,2014-11-09 11:00:00,laliga,Sevilla,Levante,1,1,1.53921,1.11455,7.0,6.7,,
2014,5732,2014-11-09 16:00:00,laliga,Espanyol,Villarreal,1,1,0.926317,2.12387,6.8,7.0,,
2014,5733,2014-11-09 18:00:00,laliga,Valencia,Athletic Club,0,0,0.766329,0.767828,7.1,7.3,,
2014,5734,2014-11-09 20:00:00,laliga,Real Sociedad,Atletico Madrid,2,1,0.896143,0.594573,8.0,8.1,,
2014,5735,2014-11-21 19:45:00,laliga,Athletic Club,Espanyol,3,1,0.829053,0.746307,12.1,12.2,,
2014,5736,2014-11-22 15:00:00,laliga,Atletico Madrid,Malaga,3,1,2.30452,0.172228,12.8,13.8,,
2014,5737,2014-11-22 17:00:00,laliga,Eibar,Real Madrid,0,4,0.87358,4.68657,13.8,13.9,,
2014,5738,2014-11-22 19:00:00,laliga,Barcelona,Sevilla,5,1,3.11963,0.113587,14.2,13.3,,
2014,5739,2014-11-22 21:00:00,laliga,Deportivo La Coruna,Real Sociedad,0,0,0.431861,0.629175,15.1,13.0,,
2014,5740,2014-11-23 11:00:00,laliga,Rayo Vallecano,Celta Vigo,1,0,0.865947,0.704494,14.7,14.6,,
2014,5741,2014-11-23 16:00:00,laliga,Levante,Valencia,2,1,1.0788,1.48232,14.2,13.9,,
2014,5742,2014-11-23 18:00:00,laliga,Elche,Cordoba,2,2,2.11064,0.941968,15.0,15.9,,
2014,5743,2014-11-23 20:00:00,laliga,Villarreal,Getafe,2,1,0.655779,0.580139,14.2,15.1,,
2014,5744,2014-11-24 19:45:00,laliga,Granada,Almeria,0,0,1.26093,0.0493305,15.9,16.2,,
2014,5745,2014-11-28 19:45:00,laliga,Real Sociedad,Elche,3,0,1.32833,0.749825,5.9,5.1,,
2014,5746,2014-11-29 15:00:00,laliga,Getafe,Athletic Club,1,2,0.704685,0.518302,5.8,7.8,,
2014,5747,2014-11-29 17:00:00,laliga,Espanyol,Levante,2,1,1.12491,1.64662,7.9,6.0,,
2014,5748,2014-11-29 19:00:00,laliga,Malaga,Real Madrid,1,2,1.16042,4.15129,7.2,7.1,,
2014,5749,2014-11-29 21:00:00,laliga,Celta Vigo,Eibar,0,1,1.42996,1.06888,6.4,7.2,,
2014,5750,2014-11-30 11:00:00,laliga,Atletico Madrid,Deportivo La Coruna,2,0,1.07451,0.103816,7.8,7.6,,
2014,5751,2014-11-30 16:00:00,laliga,Sevilla,Granada,5,1,3.80926,1.19502,7.9,5.8,,
2014,5752,2014-11-30 18:00:00,laliga,Cordoba,Villarreal,0,2,0.541323,0.84254,7.0,6.9,,
2014,5753,2014-11-30 20:00:00,laliga,Valencia,Barcelona,0,1,1.14991,1.95194,7.2,8.0,,
2014,5686,2014-12-01 19:45:00,laliga,Almeria,Rayo Vallecano,0,1,0.80016,1.25863,7.0,8.4,,
2014,5687,2014-12-06 15:00:00,laliga,Elche,Atletico Madrid,0,2,0.424663,0.279031,7.8,6.2,,
2014,5688,2014-12-06 17:00:00,laliga,Athletic Club,Cordoba,0,1,0.611024,1.1939,7.1,6.0,,
2014,5689,2014-12-06 19:00:00,laliga,Real Madrid,Celta Vigo,3,0,2.59443,0.552243,7.0,6.9,,
2014,5690,2014-12-06 21:00:00,laliga,Deportivo La Coruna,Malaga,0,1,2.64447,0.375388,6.4,7.1,,
2014,5691,2014-12-07 11:00:00,laliga,Rayo Vallecano,Sevilla,0,1,1.41398,1.58437,5.6,6.8,,
2014,5692,2014-12-07 16:00:00,laliga,Barcelona,Espanyol,5,1,2.11804,0.223494,6.8,8.0,,
2014,5693,2014-12-07 18:00:00,laliga,Villarreal,Real Sociedad,4,0,1.76594,0.336566,7.0,8.9,,
2014,5694,2014-12-07 20:00:00,laliga,Granada,Valencia,1,1,1.1801,0.651538,7.2,7.0,,
2014,5695,2014-12-08 16:00:00,laliga,Eibar,Almeria,5,2,1.57541,1.39683,8.8,6.8,,
2014,5696,2014-12-08 18:00:00,laliga,Levante,Getafe,1,1,1.1169,0.24465,9.0,9.1,,
2014,5697,2014-12-12 19:45:00,laliga,Almeria,Real Madrid,1,4,1.33389,1.25169,4.2,6.0,,
2014,5698,2014-12-13 15:00:00,laliga,Getafe,Barcelona,0,0,0.11349,1.87156,4.9,6.0,,
2014,5699,2014-12-13 17:00:00,laliga,Valencia,Rayo Vallecano,3,0,3.01549,0.603533,5.9,6.2,,
2014,5700,2014-12-13 19:00:00,laliga,Cordoba,Levante,0,0,0.806315,0.603413,7.1,5.0,,
2014,5701,2014-12-13 21:00:00,laliga,Malaga,Celta Vigo,1,0,1.10137,1.10271,7.0,7.1,,
2014,5702,2014-12-14 11:00:00,laliga,Espanyol,Granada,2,1,1.94193,0.699727,6.8,6.6,,
2014,5703,2014-12-14 16:00:00,laliga,Sevilla,Eibar,0,0,1.29083,0.132624,7.2,6.0,,
2014,5704,2014-12-14 18:00:00,laliga,Atletico Madrid,Villarreal,0,1,1.01723,0.561906,8.1,7.0,,
2014,5705,2014-12-14 20:00:00,laliga,Real Sociedad,Athletic Club,1,1,1.86676,0.932204,7.1,8.1,,
2014,5706,2014-12-15 19:45:00,laliga,Deportivo La Coruna,Elche,1,0,0.761893,0.909314,8.9,9.2,,
2014,5707,2014-12-19 19:45:00,laliga,Celta Vigo,Almeria,0,1,1.44921,1.36468,5.9,7.0,,
2014,5708,2014-12-20 15:00:00,laliga,Barcelona,Cordoba,5,0,2.59358,0.29662,7.0,6.8,,
2014,5709,2014-12-20 17:00:00,laliga,Levante,Real Sociedad,1,1,1.21074,0.150209,6.9,5.9,,
2014,5710,2014-12-20 19:00:00,laliga,Eibar,Valencia,0,1,0.321199,1.49491,6.1,7.1,,
2014,5711,2014-12-20 21:00:00,laliga,Rayo Vallecano,Espanyol,1,3,1.37834,2.25875,7.2,6.4,,
2014,5712,2014-12-21 11:00:00,laliga,Villarreal,Deportivo La Coruna,3,0,2.74975,0.669743,6.7,5.6,,
2014,5713,2014-12-21 16:00:00,laliga,Granada,Getafe,1,1,1.52366,0.923894,7.2,8.0,,
2014,5714,2014-12-21 18:00:00,laliga,Elche,Malaga,1,2,0.508293,1.43511,5.9,7.9,,
2014,5715,2014-12-21 20:00:00,laliga,Athletic Club,Atletico Madrid,1,4,0.294125,2.16168,7.0,7.1,,
2014,5642,2015-01-03 15:00:00,laliga,Atletico Madrid,Levante,3,1,2.14869,0.533056,12.8,13.9,,
2014,5643,2015-01-03 17:00:00,laliga,Sevilla,Celta Vigo,1,0,0.846357,0.947026,20.0,14.9,,
2014,5644,2015-01-03 19:00:00,laliga,Elche,Villarreal,2,2,1.51945,2.90415,13.0,13.3,,
2014,5645,2015-01-03 21:00:00,laliga,Deportivo La Coruna,Athletic Club,1,0,0.604346,0.999235,13.4,13.0,,
2014,5646,2015-01-03 21:00:00,laliga,Malaga,Almeria,1,2,0.574598,1.38062,13.1,15.1,,
2014,5647,2015-01-04 11:00:00,laliga,Getafe,Rayo Vallecano,1,2,0.518609,2.5901,13.8,14.6,,
2014,5648,2015-01-04 16:00:00,laliga,Valencia,Real Madrid,2,1,0.708983,2.63452,14.9,22.8,,
2014,5649,2015-01-04 18:00:00,laliga,Espanyol,Eibar,1,2,1.54932,1.53054,14.9,15.0,,
2014,5650,2015-01-04 20:00:00,laliga,Real Sociedad,Barcelona,1,0,0.636981,0.900848,15.1,15.2,,
2014,5651,2015-01-05 19:45:00,laliga,Cordoba,Granada,2,0,0.980041,0.501211,16.2,15.2,,
2014,5652,2015-01-09 19:45:00,laliga,Levante,Deportivo La Coruna,0,0,0.766293,1.07012,6.2,5.9,,
2014,5653,2015-01-10 15:00:00,laliga,Real Madrid,Espanyol,3,0,1.73073,0.367803,6.0,5.9,,
2014,5654,2015-01-10 17:00:00,laliga,Malaga,Villarreal,1,1,0.496312,0.732696,6.8,6.9,,
2014,5655,2015-01-10 19:00:00,laliga,Celta Vigo,Valencia,1,1,2.22601,0.29812,7.1,6.1,,
2014,5656,2015-01-10 21:00:00,laliga,Eibar,Getafe,2,1,0.857562,0.273647,6.1,6.4,,
2014,5657,2015-01-11 11:00:00,laliga,Almeria,Sevilla,0,2,1.13032,1.07199,7.6,7.8,,
2014,5658,2015-01-11 16:00:00,laliga,Athletic Club,Elche,1,2,1.29276,1.18469,7.8,7.9,,
2014,5659,2015-01-11 18:00:00,laliga,Granada,Real Sociedad,1,1,2.64609,1.15464,5.9,6.9,,
2014,5660,2015-01-11 20:00:00,laliga,Barcelona,Atletico Madrid,3,1,3.72806,0.87562,7.0,8.2,,
2014,5661,2015-01-12 19:45:00,laliga,Rayo Vallecano,Cordoba,0,1,1.78825,0.573866,8.4,7.0,,
2014,5662,2015-01-16 19:45:00,laliga,Cordoba,Eibar,1,1,1.11225,0.290839,4.0,5.9,,
2014,5663,2015-01-17 15:00:00,laliga,Real Sociedad,Rayo Vallecano,0,1,0.569536,0.710475,5.9,4.8,,
2014,5664,2015-01-17 17:00:00,laliga,Valencia,Almeria,3,2,2.23964,0.822402,6.9,6.2,,
2014,5665,2015-01-17 19:00:00,laliga,Villarreal,Athletic Club,2,0,2.35698,0.646477,7.1,6.1,,
2014,5666,2015-01-17 21:00:00,laliga,Espanyol,Celta Vigo,1,0,1.11281,0.234731,7.2,7.1,,
2014,5667,2015-01-18 11:00:00,laliga,Getafe,Real Madrid,0,3,0.544312,2.41204,7.6,7.8,,
2014,5668,2015-01-18 16:00:00,laliga,Atletico Madrid,Granada,2,0,1.68927,0.129219,6.8,6.9,,
2014,5669,2015-01-18 18:00:00,laliga,Deportivo La Coruna,Barcelona,0,4,0.582376,2.25001,8.9,6.9,,
2014,5670,2015-01-18 20:00:00,laliga,Elche,Levante,1,0,1.91784,1.0119,7.2,9.0,,
2014,5671,2015-01-18 20:00:00,laliga,Sevilla,Malaga,2,0,1.94535,0.364,7.4,8.1,,
2014,5672,2015-01-24 15:00:00,laliga,Cordoba,Real Madrid,1,2,1.63834,1.99717,7.8,6.2,,
2014,5673,2015-01-24 17:00:00,laliga,Elche,Barcelona,0,6,0.347795,3.51478,5.9,6.0,,
2014,5674,2015-01-24 19:00:00,laliga,Atletico Madrid,Rayo Vallecano,3,1,1.4904,0.696507,6.1,7.2,,
2014,5675,2015-01-24 21:00:00,laliga,Real Sociedad,Eibar,1,0,0.845464,0.511777,7.2,8.1,,
2014,5676,2015-01-24 21:00:00,laliga,Villarreal,Levante,1,0,1.30052,1.02925,7.1,6.0,,
2014,5677,2015-01-25 11:00:00,laliga,Deportivo La Coruna,Granada,2,2,1.86738,0.264957,6.7,6.8,,
2014,5678,2015-01-25 16:00:00,laliga,Athletic Club,Malaga,1,1,0.959466,1.25659,7.9,6.8,,
2014,5679,2015-01-25 18:00:00,laliga,Espanyol,Almeria,3,0,2.44178,0.300551,7.9,8.0,,
2014,5680,2015-01-25 20:00:00,laliga,Valencia,Sevilla,3,1,2.66487,1.97883,8.1,7.0,,
2014,5681,2015-01-26 19:45:00,laliga,Getafe,Celta Vigo,2,1,2.05397,0.47185,8.4,8.9,,
2014,5682,2015-01-30 19:45:00,laliga,Rayo Vallecano,Deportivo La Coruna,1,2,1.31894,2.38957,6.0,5.4,,
2014,5683,2015-01-31 15:00:00,laliga,Real Madrid,Real Sociedad,4,1,4.01477,1.0602,7.0,6.8,,
2014,5684,2015-01-31 17:00:00,laliga,Eibar,Atletico Madrid,1,3,1.16555,0.842025,6.8,6.9,,
2014,5685,2015-01-31 19:00:00,laliga,Granada,Elche,1,0,1.51392,0.214841,6.3,7.1,,
2014,5601,2015-01-31 21:00:00,laliga,Celta Vigo,Cordoba,1,0,2.59613,0.402388,5.1,7.2,,
2014,5602,2015-02-01 11:00:00,laliga,Levante,Athletic Club,0,2,1.0606,1.65235,7.6,6.8,,
2014,5603,2015-02-01 16:00:00,laliga,Almeria,Getafe,1,0,1.93122,0.822826,6.9,5.8,,
2014,5604,2015-02-01 18:00:00,laliga,Sevilla,Espanyol,3,2,3.32956,0.904898,6.9,7.0,,
2014,5605,2015-02-01 20:00:00,laliga,Barcelona,Villarreal,3,2,3.1169,0.958569,8.1,8.0,,
2014,5606,2015-02-02 19:45:00,laliga,Malaga,Valencia,1,0,1.68775,0.656199,8.2,8.0,,
2014,5607,2015-02-04 19:45:00,laliga,Real Madrid,Sevilla,2,1,2.44168,2.47777,4.2,3.1,,
2014,5608,2015-02-06 19:45:00,laliga,Deportivo La Coruna,Eibar,2,0,2.24001,0.0956199,7.0,6.1,,
2014,5609,2015-02-07 15:00:00,laliga,Atletico Madrid,Real Madrid,4,0,2.27475,0.102273,6.9,2.8,,
2014,5610,2015-02-07 17:00:00,laliga,Villarreal,Granada,2,0,1.54408,0.377127,5.9,6.9,,
2014,5611,2015-02-07 19:00:00,laliga,Levante,Malaga,4,1,3.08668,0.44907,6.3,5.0,,
2014,5612,2015-02-07 21:00:00,laliga,Real Sociedad,Celta Vigo,1,1,0.981892,0.574985,7.2,7.0,,
2014,5613,2015-02-08 11:00:00,laliga,Cordoba,Almeria,1,2,1.02973,1.37273,7.6,6.8,,
2014,5614,2015-02-08 16:00:00,laliga,Getafe,Sevilla,2,1,3.04719,0.401739,7.0,3.8,,
2014,5615,2015-02-08 18:00:00,laliga,Espanyol,Valencia,1,2,1.57927,1.49482,7.0,5.9,,
2014,5616,2015-02-08 20:00:00,laliga,Athletic Club,Barcelona,2,5,1.8275,4.6084,7.4,7.0,,
2014,5617,2015-02-09 19:45:00,laliga,Elche,Rayo Vallecano,2,0,2.96514,0.406262,9.0,10.0,,
2014,5618,2015-02-13 19:45:00,laliga,Almeria,Real Sociedad,2,2,1.1247,0.912368,5.4,5.9,,
2014,5619,2015-02-14 15:00:00,laliga,Sevilla,Cordoba,3,0,2.40554,0.320386,6.0,6.2,,
2014,5620,2015-02-14 17:00:00,laliga,Real Madrid,Deportivo La Coruna,2,0,1.47812,0.618923,7.1,7.9,,
2014,5621,2015-02-14 19:00:00,laliga,Granada,Athletic Club,0,0,0.476819,0.732856,7.1,6.0,,
2014,5622,2015-02-14 21:00:00,laliga,Malaga,Espanyol,0,2,1.56057,0.6984,7.1,6.1,,
2014,5623,2015-02-15 11:00:00,laliga,Valencia,Getafe,1,0,2.14598,0.649505,6.7,6.8,,
2014,5624,2015-02-15 16:00:00,laliga,Barcelona,Levante,5,0,3.66014,0.247088,6.8,7.9,,
2014,5625,2015-02-15 18:00:00,laliga,Rayo Vallecano,Villarreal,2,0,1.25027,2.06078,5.9,8.0,,
2014,5626,2015-02-15 20:00:00,laliga,Celta Vigo,Atletico Madrid,2,0,2.0703,0.549303,8.0,8.2,,
2014,5627,2015-02-16 19:45:00,laliga,Eibar,Elche,0,1,0.932447,0.434956,10.0,7.0,,
2014,5628,2015-02-20 19:45:00,laliga,Getafe,Espanyol,2,1,1.43242,0.705886,5.4,5.9,,
2014,5629,2015-02-21 15:00:00,laliga,Barcelona,Malaga,0,1,1.22195,1.63942,6.0,6.8,,
2014,5630,2015-02-21 17:00:00,laliga,Cordoba,Valencia,1,2,1.08496,1.89163,7.1,6.2,,
2014,5631,2015-02-21 19:00:00,laliga,Atletico Madrid,Almeria,3,0,1.7792,0.331948,6.0,8.0,,
2014,5632,2015-02-21 21:00:00,laliga,Deportivo La Coruna,Celta Vigo,0,2,1.08256,1.92739,7.2,6.0,,
2014,5633,2015-02-22 11:00:00,laliga,Real Sociedad,Sevilla,4,3,2.13723,2.49215,8.6,7.8,,
2014,5634,2015-02-22 16:00:00,laliga,Athletic Club,Rayo Vallecano,1,0,1.93713,0.144942,7.9,6.9,,
2014,5635,2015-02-22 18:00:00,laliga,Villarreal,Eibar,1,0,1.86055,0.231931,7.0,5.9,,
2014,5636,2015-02-22 20:00:00,laliga,Elche,Real Madrid,0,2,0.113848,1.93223,6.0,8.1,,
2014,5637,2015-02-23 19:45:00,laliga,Levante,Granada,2,1,0.925939,1.58381,8.2,9.0,,
2014,5638,2015-02-27 19:45:00,laliga,Espanyol,Cordoba,1,0,0.579128,1.14225,7.0,6.1,,
2014,5639,2015-02-28 15:00:00,laliga,Granada,Barcelona,1,3,1.05422,3.76412,4.8,7.0,,
2014,5640,2015-02-28 17:00:00,laliga,Rayo Vallecano,Levante,4,2,2.10446,1.5619,6.0,4.9,,
2014,5641,2015-02-28 19:00:00,laliga,Almeria,Deportivo La Coruna,0,0,0.385643,1.93328,7.0,6.9,,
2014,5565,2015-02-28 21:00:00,laliga,Malaga,Getafe,3,2,1.61726,2.02132,7.2,8.1,,
2014,5566,2015-03-01 11:00:00,laliga,Valencia,Real Sociedad,2,0,1.34535,0.377908,7.8,7.0,,
2014,5567,2015-03-01 16:00:00,laliga,Eibar,Athletic Club,0,1,0.282177,1.81458,6.9,7.0,,
2014,5568,2015-03-01 18:00:00,laliga,Sevilla,Atletico Madrid,0,0,0.864001,0.387528,7.3,8.0,,
2014,5569,2015-03-01 20:00:00,laliga,Real Madrid,Villarreal,1,1,2.94269,0.830645,7.0,7.1,,
2014,5570,2015-03-02 19:45:00,laliga,Celta Vigo,Elche,1,1,1.3045,0.913534,8.9,8.0,,
2014,5571,2015-03-06 19:45:00,laliga,Levante,Eibar,2,1,0.968252,1.1246,6.1,5.2,,
2014,5572,2015-03-07 15:00:00,laliga,Deportivo La Coruna,Sevilla,3,4,2.49167,3.0458,6.8,5.9,,
2014,5573,2015-03-07 17:00:00,laliga,Athletic Club,Real Madrid,1,0,0.351052,0.880869,6.0,5.9,,
2014,5574,2015-03-07 19:00:00,laliga,Elche,Almeria,1,0,1.87874,0.509389,5.0,7.0,,
2014,5575,2015-03-07 21:00:00,laliga,Granada,Malaga,1,0,1.48614,0.108569,7.2,7.0,,
2014,5576,2015-03-08 11:00:00,laliga,Barcelona,Rayo Vallecano,6,1,5.199,0.955753,7.8,7.8,,
2014,5577,2015-03-08 16:00:00,laliga,Real Sociedad,Espanyol,1,0,0.740356,0.445724,7.2,8.8,,
2014,5578,2015-03-08 18:00:00,laliga,Villarreal,Celta Vigo,4,1,1.56688,0.979286,6.9,5.9,,
2014,5579,2015-03-08 20:00:00,laliga,Atletico Madrid,Valencia,1,1,0.985146,0.555779,7.1,7.4,,
2014,5580,2015-03-09 19:45:00,laliga,Cordoba,Getafe,1,2,1.134,0.757081,10.0,8.9,,
2014,5581,2015-03-13 19:45:00,laliga,Valencia,Deportivo La Coruna,2,0,2.87108,0.181554,5.0,6.2,,
2014,5582,2015-03-14 15:00:00,laliga,Espanyol,Atletico Madrid,0,0,0.197774,1.49831,6.0,5.8,,
2014,5583,2015-03-14 17:00:00,laliga,Eibar,Barcelona,0,2,0.714941,1.89195,7.9,6.2,,
2014,5584,2015-03-14 19:00:00,laliga,Rayo Vallecano,Granada,3,1,3.07872,1.13426,6.3,6.9,,
2014,5585,2015-03-14 21:00:00,laliga,Celta Vigo,Athletic Club,1,2,1.93556,2.77225,6.1,7.2,,
2014,5586,2015-03-15 11:00:00,laliga,Almeria,Villarreal,0,0,1.3378,1.39493,7.7,6.7,,
2014,5587,2015-03-15 16:00:00,laliga,Malaga,Cordoba,2,0,1.64345,0.926039,7.8,5.8,,
2014,5588,2015-03-15 18:00:00,laliga,Sevilla,Elche,3,0,3.005,0.67376,8.1,8.0,,
2014,5589,2015-03-15 20:00:00,laliga,Real Madrid,Levante,2,0,2.53951,0.58311,8.1,9.0,,
2014,5590,2015-03-16 19:45:00,laliga,Getafe,Real Sociedad,0,1,1.18559,0.440657,7.0,8.2,,
2014,5591,2015-03-20 19:45:00,laliga,Elche,Valencia,0,4,0.247285,2.37545,5.1,7.0,,
2014,5592,2015-03-21 15:00:00,laliga,Atletico Madrid,Getafe,2,0,2.09938,0.255093,7.0,4.8,,
2014,5593,2015-03-21 17:00:00,laliga,Rayo Vallecano,Malaga,1,0,0.578125,0.787002,6.9,6.0,,
2014,5594,2015-03-21 19:00:00,laliga,Levante,Celta Vigo,0,1,0.434826,2.92074,6.0,6.9,,
2014,5595,2015-03-21 21:00:00,laliga,Athletic Club,Almeria,2,1,1.43356,0.341584,7.0,6.4,,
2014,5596,2015-03-21 21:00:00,laliga,Granada,Eibar,0,0,0.706268,0.288646,7.1,7.2,,
2014,5597,2015-03-22 11:00:00,laliga,Deportivo La Coruna,Espanyol,0,0,0.89593,1.551,8.6,7.8,,
2014,5598,2015-03-22 16:00:00,laliga,Villarreal,Sevilla,0,2,1.9763,0.561801,7.2,6.9,,
2014,5599,2015-03-22 18:00:00,laliga,Real Sociedad,Cordoba,3,1,1.48367,0.6619,5.9,7.1,,
2014,5600,2015-03-22 23:00:00,laliga,Barcelona,Real Madrid,2,1,2.29612,1.69907,8.2,7.1,,
2014,5505,2015-04-03 19:45:00,laliga,Eibar,Rayo Vallecano,1,2,1.32137,1.33096,12.9,13.1,,
2014,5506,2015-04-04 15:00:00,laliga,Sevilla,Athletic Club,2,0,1.36462,0.480128,13.0,13.8,,
2014,5507,2015-04-04 17:00:00,laliga,Cordoba,Atletico Madrid,0,2,0.477035,1.18641,13.0,14.1,,
2014,5508,2015-04-04 19:00:00,laliga,Almeria,Levante,1,4,1.34021,2.45536,13.9,14.0,,
2014,5509,2015-04-04 21:00:00,laliga,Malaga,Real Sociedad,1,1,1.94239,0.432609,14.2,13.1,,
2014,5510,2015-04-05 11:00:00,laliga,Real Madrid,Granada,9,1,6.61091,0.602945,13.5,14.6,,
2014,5511,2015-04-05 16:00:00,laliga,Valencia,Villarreal,0,0,1.26916,0.278552,15.8,14.0,,
2014,5512,2015-04-05 18:00:00,laliga,Getafe,Deportivo La Coruna,2,1,1.29359,1.16571,15.1,14.3,,
2014,5513,2015-04-05 20:00:00,laliga,Celta Vigo,Barcelona,0,1,0.653911,1.93453,15.0,13.9,,
2014,5514,2015-04-06 19:00:00,laliga,Espanyol,Elche,1,1,0.536142,0.496354,15.3,17.0,,
2014,5515,2015-04-07 19:00:00,laliga,Atletico Madrid,Real Sociedad,2,0,1.31813,0.436442,3.1,2.9,,
2014,5516,2015-04-07 21:00:00,laliga,Levante,Sevilla,1,2,1.66884,1.49345,3.1,3.2,,
2014,5517,2015-04-07 21:00:00,laliga,Eibar,Malaga,1,0,0.790085,0.428638,4.1,3.0,,
2014,5518,2015-04-08 19:00:00,laliga,Barcelona,Almeria,4,0,1.71657,0.267948,3.0,4.0,,
2014,5519,2015-04-08 19:00:00,laliga,Deportivo La Coruna,Cordoba,1,1,0.469966,1.36851,3.0,4.1,,
2014,5520,2015-04-08 21:00:00,laliga,Granada,Celta Vigo,1,1,1.66481,1.04873,3.4,3.0,,
2014,5521,2015-04-08 21:00:00,laliga,Rayo Vallecano,Real Madrid,0,2,1.19622,1.94497,5.1,3.4,,
2014,5522,2015-04-09 19:00:00,laliga,Athletic Club,Valencia,1,1,1.30831,1.12945,5.2,4.1,,
2014,5523,2015-04-09 21:00:00,laliga,Elche,Getafe,0,1,0.552753,1.01048,3.1,4.1,,
2014,5524,2015-04-09 21:00:00,laliga,Villarreal,Espanyol,0,3,0.259097,1.95758,4.2,3.1,,
2014,5525,2015-04-11 15:00:00,laliga,Real Madrid,Eibar,3,0,2.99344,0.143497,2.8,3.8,,
2014,5526,2015-04-11 17:00:00,laliga,Malaga,Atletico Madrid,2,2,0.670229,2.52542,3.8,3.9,,
2014,5527,2015-04-11 19:00:00,laliga,Sevilla,Barcelona,2,2,1.26597,1.76203,3.9,3.0,,
2014,5528,2015-04-11 21:00:00,laliga,Almeria,Granada,3,0,2.26761,1.66924,3.1,3.0,,
2014,5529,2015-04-11 21:00:00,laliga,Celta Vigo,Rayo Vallecano,6,1,6.56908,0.962212,3.0,3.0,,
2014,5530,2015-04-12 11:00:00,laliga,Getafe,Villarreal,1,1,1.41544,1.11289,2.6,2.6,,
2014,5531,2015-04-12 16:00:00,laliga,Espanyol,Athletic Club,1,0,0.512811,0.269712,2.8,2.9,,
2014,5532,2015-04-12 18:00:00,laliga,Real Sociedad,Deportivo La Coruna,2,2,1.01446,1.50991,5.0,4.0,,
2014,5533,2015-04-12 20:00:00,laliga,Cordoba,Elche,0,2,1.00055,1.18169,4.0,3.0,,
2014,5534,2015-04-13 19:30:00,laliga,Valencia,Levante,3,0,0.822921,0.341912,4.0,5.9,,
2014,5535,2015-04-17 19:45:00,laliga,Levante,Espanyol,2,2,1.05378,1.71351,4.0,5.2,,
2014,5536,2015-04-18 15:00:00,laliga,Barcelona,Valencia,2,0,2.05137,1.3841,6.8,4.8,,
2014,5537,2015-04-18 17:00:00,laliga,Deportivo La Coruna,Atletico Madrid,1,2,0.838632,1.51593,6.0,7.0,,
2014,5538,2015-04-18 19:00:00,laliga,Real Madrid,Malaga,3,1,3.03655,1.04346,7.2,7.1,,
2014,5539,2015-04-18 21:00:00,laliga,Athletic Club,Getafe,4,0,4.04338,0.0426725,6.2,6.4,,
2014,5540,2015-04-19 11:00:00,laliga,Rayo Vallecano,Almeria,2,0,2.62824,0.372844,7.6,7.6,,
2014,5541,2015-04-19 16:00:00,laliga,Granada,Sevilla,1,1,0.31456,0.750507,7.8,7.9,,
2014,5542,2015-04-19 18:00:00,laliga,Villarreal,Cordoba,0,0,2.31812,0.270253,7.3,6.9,,
2014,5543,2015-04-19 20:00:00,laliga,Eibar,Celta Vigo,0,1,0.496233,2.19944,8.2,8.0,,
2014,5544,2015-04-20 19:45:00,laliga,Elche,Real Sociedad,1,0,0.635837,0.240527,8.0,8.1,,
2014,5545,2015-04-24 19:45:00,laliga,Cordoba,Athletic Club,0,1,2.18715,1.4308,5.1,5.9,,
2014,5546,2015-04-25 15:00:00,laliga,Espanyol,Barcelona,0,2,1.00138,3.49523,7.8,7.0,,
2014,5547,2015-04-25 17:00:00,laliga,Atletico Madrid,Elche,3,0,2.30439,1.10245,7.0,4.9,,
2014,5548,2015-04-25 19:00:00,laliga,Getafe,Levante,0,1,0.827697,0.371997,6.9,8.0,,
2014,5549,2015-04-25 21:00:00,laliga,Real Sociedad,Villarreal,0,0,0.648718,1.91558,5.1,6.1,,
2014,5550,2015-04-26 11:00:00,laliga,Malaga,Deportivo La Coruna,1,1,1.32081,1.16186,7.7,7.8,,
2014,5551,2015-04-26 16:00:00,laliga,Almeria,Eibar,2,0,1.6408,0.325557,7.2,6.8,,
2014,5552,2015-04-26 18:00:00,laliga,Sevilla,Rayo Vallecano,2,0,3.21575,1.37722,7.1,7.3,,
2014,5553,2015-04-26 20:00:00,laliga,Celta Vigo,Real Madrid,2,4,2.11816,2.11441,7.0,8.0,,
2014,5554,2015-04-27 19:45:00,laliga,Valencia,Granada,4,0,1.9701,0.209664,9.2,8.2,,
2014,5555,2015-04-28 19:00:00,laliga,Barcelona,Getafe,6,0,2.78449,0.576588,3.2,3.0,,
2014,5556,2015-04-28 21:00:00,laliga,Athletic Club,Real Sociedad,1,1,1.32188,0.41352,4.1,3.0,,
2014,5557,2015-04-28 21:00:00,laliga,Levante,Cordoba,1,0,1.16982,0.223601,3.1,4.1,,
2014,5558,2015-04-29 19:00:00,laliga,Eibar,Sevilla,1,3,1.16322,2.00481,3.1,3.0,,
2014,5559,2015-04-29 19:00:00,laliga,Real Madrid,Almeria,3,0,2.72518,0.248127,3.0,3.1,,
2014,5560,2015-04-29 19:00:00,laliga,Celta Vigo,Malaga,1,0,2.42446,1.16202,3.0,3.3,,
2014,5561,2015-04-29 21:00:00,laliga,Elche,Deportivo La Coruna,4,0,3.21848,0.734613,4.2,3.4,,
2014,5562,2015-04-29 21:00:00,laliga,Villarreal,Atletico Madrid,0,1,0.75045,1.64341,4.0,4.2,,
2014,5563,2015-04-30 19:00:00,laliga,Rayo Vallecano,Valencia,1,1,0.486759,1.25767,4.0,3.0,,
2014,5564,2015-04-30 21:00:00,laliga,Granada,Espanyol,1,2,1.23315,0.862324,3.1,5.2,,
2014,5465,2015-05-01 19:45:00,laliga,Real Sociedad,Levante,3,0,1.12737,0.469938,2.9,2.9,,
2014,5466,2015-05-02 15:00:00,laliga,Cordoba,Barcelona,0,8,0.433609,6.18696,3.8,3.8,,
2014,5467,2015-05-02 17:00:00,laliga,Atletico Madrid,Athletic Club,0,0,0.962339,0.887369,2.8,3.8,,
2014,5468,2015-05-02 19:00:00,laliga,Sevilla,Real Madrid,2,3,2.92695,1.7552,3.0,3.0,,
2014,5469,2015-05-02 21:00:00,laliga,Deportivo La Coruna,Villarreal,1,1,0.610146,0.418168,3.0,3.0,,
2014,5470,2015-05-03 11:00:00,laliga,Espanyol,Rayo Vallecano,1,1,0.760792,0.614259,2.6,2.7,,
2014,5471,2015-05-03 16:00:00,laliga,Getafe,Granada,1,2,0.783329,1.73377,4.9,2.8,,
2014,5472,2015-05-03 18:00:00,laliga,Valencia,Eibar,3,1,1.40783,0.996269,3.0,4.0,,
2014,5473,2015-05-03 20:00:00,laliga,Malaga,Elche,1,2,3.77025,1.57961,4.0,4.0,,
2014,5474,2015-05-04 19:45:00,laliga,Almeria,Celta Vigo,2,2,2.25388,0.998686,5.0,5.0,,
2014,5475,2015-05-08 19:45:00,laliga,Eibar,Espanyol,0,2,0.243878,1.46248,5.1,5.4,,
2014,5476,2015-05-09 15:00:00,laliga,Granada,Cordoba,2,0,3.14933,0.0979845,6.0,7.0,,
2014,5477,2015-05-09 17:00:00,laliga,Barcelona,Real Sociedad,2,0,2.17671,0.231803,7.1,7.9,,
2014,5478,2015-05-09 19:00:00,laliga,Real Madrid,Valencia,2,2,2.73249,1.59908,7.0,6.0,,
2014,5479,2015-05-09 21:00:00,laliga,Athletic Club,Deportivo La Coruna,1,1,0.764287,0.443144,7.2,7.0,,
2014,5480,2015-05-10 11:00:00,laliga,Levante,Atletico Madrid,2,2,2.15407,1.57159,8.6,7.8,,
2014,5481,2015-05-10 16:00:00,laliga,Villarreal,Elche,1,0,1.53839,1.06985,7.8,6.8,,
2014,5482,2015-05-10 18:00:00,laliga,Almeria,Malaga,1,2,1.84645,2.14355,5.9,6.9,,
2014,5483,2015-05-10 20:00:00,laliga,Celta Vigo,Sevilla,1,1,1.62726,1.67727,6.0,8.0,,
2014,5484,2015-05-11 19:45:00,laliga,Rayo Vallecano,Getafe,2,0,1.40202,0.866413,8.4,8.2,,
2014,5485,2015-05-17 18:00:00,laliga,Villarreal,Malaga,2,1,1.15862,0.853222,7.1,7.0,,
2014,5486,2015-05-17 18:00:00,laliga,Elche,Athletic Club,2,3,1.28526,1.27624,7.1,7.9,,
2014,5487,2015-05-17 18:00:00,laliga,Deportivo La Coruna,Levante,2,0,0.77058,0.0802943,7.9,7.3,,
2014,5488,2015-05-17 18:00:00,laliga,Atletico Madrid,Barcelona,0,1,0.516818,1.46846,7.3,8.0,,
2014,5489,2015-05-17 18:00:00,laliga,Real Sociedad,Granada,0,3,0.276179,1.58346,8.0,8.1,,
2014,5490,2015-05-17 18:00:00,laliga,Cordoba,Rayo Vallecano,1,2,1.05152,2.20767,8.1,5.9,,
2014,5491,2015-05-17 18:00:00,laliga,Getafe,Eibar,1,1,1.04185,0.454082,5.9,8.9,,
2014,5492,2015-05-17 18:00:00,laliga,Espanyol,Real Madrid,1,4,1.5021,2.42924,8.9,8.0,,
2014,5493,2015-05-17 18:00:00,laliga,Valencia,Celta Vigo,1,1,2.1914,0.594569,8.0,6.9,,
2014,5494,2015-05-17 18:00:00,laliga,Sevilla,Almeria,2,1,2.3833,1.19623,6.9,7.0,,
2014,5495,2015-05-23 15:30:00,laliga,Levante,Elche,0,0,0.829026,2.09849,5.9,5.9,,
2014,5496,2015-05-23 17:30:00,laliga,Barcelona,Deportivo La Coruna,2,2,2.43729,0.605381,6.0,6.0,,
2014,5497,2015-05-23 17:30:00,laliga,Granada,Atletico Madrid,0,0,0.0809351,0.074881,6.0,6.0,,
2014,5498,2015-05-23 17:30:00,laliga,Athletic Club,Villarreal,4,0,2.45261,0.981771,6.0,6.0,,
2014,5499,2015-05-23 17:30:00,laliga,Malaga,Sevilla,2,3,0.698996,2.65132,6.0,6.0,,
2014,5500,2015-05-23 17:30:00,laliga,Almeria,Valencia,2,3,1.38838,2.17387,6.0,6.0,,
2014,5501,2015-05-23 17:30:00,laliga,Rayo Vallecano,Real Sociedad,2,4,1.0083,1.55136,6.0,6.0,,
2014,5502,2015-05-23 17:30:00,laliga,Eibar,Cordoba,3,0,1.68473,0.44487,6.0,6.0,,
2014,5503,2015-05-23 17:30:00,laliga,Celta Vigo,Espanyol,3,2,1.28113,2.36037,6.0,6.0,,
2014,5504,2015-05-23 19:30:00,laliga,Real Madrid,Getafe,7,3,3.13453,0.979312,6.1,6.1,,
2015,1399,2015-08-21 22:30:00,laliga,Malaga,Sevilla,0,0,0.98272,0.856601,60.0,60.0,,
2015,1400,2015-08-22 20:30:00,laliga,Deportivo La Coruna,Real Sociedad,0,0,0.574748,0.944878,60.0,60.0,,
2015,1401,2015-08-22 20:30:00,laliga,Espanyol,Getafe,1,0,0.477297,1.27636,60.0,60.0,,
2015,1402,2015-08-22 22:30:00,laliga,Atletico Madrid,Las Palmas,1,0,0.91996,0.522515,60.0,14.0,,
2015,1403,2015-08-23 00:30:00,laliga,Rayo Vallecano,Valencia,0,0,0.693517,2.20399,60.0,60.0,,
2015,1404,2015-08-23 20:30:00,laliga,Athletic Club,Barcelona,0,1,0.394999,1.76141,60.0,60.0,,
2015,1405,2015-08-23 22:30:00,laliga,Sporting Gijon,Real Madrid,0,0,0.333248,1.54271,14.0,60.0,,
2015,1406,2015-08-24 00:00:00,laliga,Levante,Celta Vigo,1,2,0.485771,1.80598,60.0,60.0,,
2015,1407,2015-08-24 00:30:00,laliga,Real Betis,Villarreal,1,1,1.4954,1.63096,14.0,60.0,,
2015,1408,2015-08-24 22:30:00,laliga,Granada,Eibar,1,3,0.893586,1.81223,60.0,60.0,,
2015,1409,2015-08-28 22:30:00,laliga,Villarreal,Espanyol,3,1,1.59386,0.721424,4.9,6.1,,
2015,1410,2015-08-29 20:30:00,laliga,Real Sociedad,Sporting Gijon,0,0,0.887693,0.25686,7.0,5.9,,
2015,1411,2015-08-29 22:30:00,laliga,Barcelona,Malaga,1,0,1.92171,0.223011,6.1,8.0,,
2015,1412,2015-08-30 00:00:00,laliga,Celta Vigo,Rayo Vallecano,3,0,1.7022,0.0816438,6.0,7.0,,
2015,1413,2015-08-30 00:30:00,laliga,Real Madrid,Real Betis,5,0,3.14512,0.941159,6.1,6.0,,
2015,1414,2015-08-30 20:30:00,laliga,Eibar,Athletic Club,2,0,1.34808,0.316867,5.9,7.0,,
2015,1415,2015-08-30 22:30:00,laliga,Sevilla,Atletico Madrid,0,3,1.73824,1.2446,9.0,8.0,,
2015,1416,2015-08-30 22:30:00,laliga,Valencia,Deportivo La Coruna,1,1,1.85572,0.818281,7.9,8.1,,
2015,1417,2015-08-31 00:30:00,laliga,Getafe,Granada,1,2,0.801319,1.27622,8.2,6.1,,
2015,1418,2015-08-31 00:30:00,laliga,Las Palmas,Levante,0,0,0.825401,0.0685963,8.1,7.0,,
2015,1419,2015-09-11 22:30:00,laliga,Levante,Sevilla,1,1,1.09171,0.886593,11.9,12.0,,
2015,1420,2015-09-12 18:00:00,laliga,Espanyol,Real Madrid,0,6,1.47918,4.38766,14.8,13.7,,
2015,1421,2015-09-12 20:15:00,laliga,Sporting Gijon,Valencia,0,1,1.10502,1.48606,14.0,12.9,,
2015,1422,2015-09-12 22:30:00,laliga,Atletico Madrid,Barcelona,1,2,0.833737,2.33036,13.0,14.0,,
2015,1423,2015-09-13 00:00:00,laliga,Real Betis,Real Sociedad,1,0,0.75201,0.663712,14.0,14.1,,
2015,1424,2015-09-13 14:00:00,laliga,Granada,Villarreal,1,3,0.817524,1.48742,13.6,15.6,,
2015,1425,2015-09-13 18:00:00,laliga,Athletic Club,Getafe,3,1,1.91225,0.930841,13.9,13.7,,
2015,1426,2015-09-13 20:15:00,laliga,Celta Vigo,Las Palmas,3,3,3.52742,1.29875,14.8,13.8,,
2015,1427,2015-09-13 22:30:00,laliga,Malaga,Eibar,0,0,1.03596,0.885807,15.0,14.1,,
2015,1428,2015-09-14 22:30:00,laliga,Rayo Vallecano,Deportivo La Coruna,1,3,0.61631,2.11613,15.9,15.0,,
2015,1429,2015-09-18 22:30:00,laliga,Getafe,Malaga,1,0,1.18708,0.690557,5.2,5.0,,
2015,1430,2015-09-19 18:00:00,laliga,Real Madrid,Granada,1,0,3.03758,1.7661,7.0,6.2,,
2015,1431,2015-09-19 20:15:00,laliga,Valencia,Real Betis,0,0,1.81097,0.190749,7.0,6.8,,
2015,1432,2015-09-19 22:30:00,laliga,Eibar,Atletico Madrid,0,2,0.2857,1.72085,6.0,7.0,,
2015,1433,2015-09-20 00:00:00,laliga,Real Sociedad,Espanyol,2,3,1.35321,1.89499,7.0,7.2,,
2015,1434,2015-09-20 14:00:00,laliga,Sevilla,Celta Vigo,1,2,1.52622,0.84576,8.6,6.7,,
2015,1435,2015-09-20 18:00:00,laliga,Deportivo La Coruna,Sporting Gijon,2,3,0.831861,1.62405,5.8,7.9,,
2015,1436,2015-09-20 20:15:00,laliga,Villarreal,Athletic Club,3,1,1.61474,1.26405,7.3,7.1,,
2015,1437,2015-09-20 22:30:00,laliga,Barcelona,Levante,4,1,4.0122,0.866439,8.0,9.0,,
2015,1438,2015-09-20 22:30:00,laliga,Las Palmas,Rayo Vallecano,0,1,0.401504,1.77993,7.1,6.0,,
2015,1439,2015-09-22 22:00:00,laliga,Espanyol,Valencia,1,0,1.87389,0.777547,2.9,3.1,,
2015,1440,2015-09-22 22:00:00,laliga,Atletico Madrid,Getafe,2,0,1.48124,0.480381,3.0,4.0,,
2015,1441,2015-09-23 00:00:00,laliga,Granada,Real Sociedad,0,3,0.393118,2.65392,3.2,3.0,,
2015,1442,2015-09-23 22:00:00,laliga,Rayo Vallecano,Sporting Gijon,2,1,2.90667,0.532738,3.0,3.2,,
2015,1443,2015-09-23 22:00:00,laliga,Celta Vigo,Barcelona,4,1,2.22577,2.51546,3.3,3.0,,
2015,1444,2015-09-23 22:00:00,laliga,Levante,Eibar,2,2,0.537144,1.40104,3.0,4.0,,
2015,1445,2015-09-23 23:00:00,laliga,Athletic Club,Real Madrid,1,2,1.17616,2.93805,3.1,4.2,,
2015,1446,2015-09-24 00:00:00,laliga,Malaga,Villarreal,0,1,0.878256,0.933564,5.1,3.2,,
2015,1447,2015-09-24 00:00:00,laliga,Las Palmas,Sevilla,2,0,1.02387,1.53528,3.1,3.4,,
2015,1448,2015-09-25 00:05:00,laliga,Real Betis,Deportivo La Coruna,1,2,1.11886,0.264158,5.2,4.3,,
2015,1449,2015-09-25 22:30:00,laliga,Valencia,Granada,1,0,2.0801,0.990969,3.0,2.9,,
2015,1450,2015-09-26 18:00:00,laliga,Barcelona,Las Palmas,2,1,3.47992,0.585814,2.8,2.8,,
2015,1451,2015-09-26 20:15:00,laliga,Real Madrid,Malaga,0,0,3.18828,0.638418,2.9,2.8,,
2015,1452,2015-09-26 22:30:00,laliga,Sevilla,Rayo Vallecano,3,2,2.76392,0.920477,2.9,3.0,,
2015,1453,2015-09-26 22:30:00,laliga,Villarreal,Atletico Madrid,1,0,0.871094,0.466414,2.9,4.0,,
2015,1454,2015-09-27 00:05:00,laliga,Eibar,Celta Vigo,1,1,1.20938,1.08234,3.1,3.1,,
2015,1455,2015-09-27 14:00:00,laliga,Sporting Gijon,Real Betis,1,2,1.75847,1.65258,3.7,2.6,,
2015,1456,2015-09-27 18:00:00,laliga,Deportivo La Coruna,Espanyol,3,0,1.89137,0.259334,2.7,4.8,,
2015,1457,2015-09-27 20:15:00,laliga,Getafe,Levante,3,0,1.09777,0.589659,4.9,3.9,,
2015,1458,2015-09-27 22:30:00,laliga,Real Sociedad,Athletic Club,0,0,1.08705,0.611548,4.9,4.0,,
2015,1459,2015-10-02 22:30:00,laliga,Celta Vigo,Getafe,0,0,1.48902,1.32092,5.9,5.1,,
2015,1460,2015-10-03 18:00:00,laliga,Sevilla,Barcelona,2,1,1.57705,3.86997,6.8,7.0,,
2015,1461,2015-10-03 20:15:00,laliga,Granada,Deportivo La Coruna,1,1,0.825643,0.942041,7.9,6.1,,
2015,1462,2015-10-03 22:30:00,laliga,Espanyol,Sporting Gijon,1,2,2.00148,1.6289,6.2,6.4,,
2015,1463,2015-10-04 00:00:00,laliga,Las Palmas,Eibar,0,2,0.965753,1.62203,7.2,7.0,,
2015,1464,2015-10-04 00:05:00,laliga,Malaga,Real Sociedad,3,1,1.89707,1.04161,7.2,6.1,,
2015,1465,2015-10-04 14:00:00,laliga,Rayo Vallecano,Real Betis,0,2,1.2884,1.68781,7.6,7.0,,
2015,1466,2015-10-04 18:00:00,laliga,Athletic Club,Valencia,3,1,2.69373,0.61804,6.8,8.8,,
2015,1467,2015-10-04 20:15:00,laliga,Levante,Villarreal,1,0,1.06144,0.114789,7.0,7.9,,
2015,1468,2015-10-04 22:30:00,laliga,Atletico Madrid,Real Madrid,1,1,2.38708,0.792017,8.0,8.1,,
2015,1469,2015-10-17 18:00:00,laliga,Real Madrid,Levante,3,0,1.60293,1.5507,12.8,12.9,,
2015,1470,2015-10-17 20:15:00,laliga,Eibar,Sevilla,1,1,0.781265,1.68695,13.8,14.1,,
2015,1471,2015-10-17 22:30:00,laliga,Barcelona,Rayo Vallecano,5,2,4.61543,2.83637,14.2,13.4,,
2015,1472,2015-10-18 00:00:00,laliga,Valencia,Malaga,3,0,1.59507,1.53697,13.2,14.0,,
2015,1473,2015-10-18 00:05:00,laliga,Real Betis,Espanyol,1,3,1.86579,1.85292,13.4,14.1,,
2015,1474,2015-10-18 14:00:00,laliga,Villarreal,Celta Vigo,1,2,0.995361,1.62408,13.7,15.6,,
2015,1475,2015-10-18 18:00:00,laliga,Real Sociedad,Atletico Madrid,0,2,0.485713,1.57864,14.7,13.8,,
2015,1476,2015-10-18 20:15:00,laliga,Getafe,Las Palmas,4,0,2.86431,0.443316,15.9,14.8,,
2015,1477,2015-10-18 22:30:00,laliga,Deportivo La Coruna,Athletic Club,2,2,1.24801,0.676596,15.1,14.2,,
2015,1478,2015-10-19 22:30:00,laliga,Sporting Gijon,Granada,3,3,1.39196,2.51462,16.0,16.1,,
2015,1479,2015-10-23 22:30:00,laliga,Rayo Vallecano,Espanyol,3,0,1.85851,1.41105,6.0,5.9,,
2015,1480,2015-10-24 18:00:00,laliga,Celta Vigo,Real Madrid,1,3,1.57638,1.9616,6.2,7.0,,
2015,1481,2015-10-24 20:15:00,laliga,Granada,Real Betis,1,1,1.06647,1.11054,4.9,6.8,,
2015,1482,2015-10-24 22:30:00,laliga,Sevilla,Getafe,5,0,5.15361,0.227689,7.1,6.1,,
2015,1483,2015-10-25 00:05:00,laliga,Malaga,Deportivo La Coruna,2,0,1.06014,0.766533,7.0,6.1,,
2015,1484,2015-10-25 15:00:00,laliga,Levante,Real Sociedad,0,4,1.07863,3.28662,7.9,6.9,,
2015,1485,2015-10-25 19:00:00,laliga,Las Palmas,Villarreal,0,0,0.189007,0.205133,6.9,7.2,,
2015,1486,2015-10-25 21:15:00,laliga,Barcelona,Eibar,3,1,1.64662,1.30132,7.9,8.0,,
2015,1487,2015-10-25 23:30:00,laliga,Atletico Madrid,Valencia,2,1,2.07582,0.885758,7.2,8.0,,
2015,1488,2015-10-26 23:30:00,laliga,Athletic Club,Sporting Gijon,3,0,2.81541,0.15924,8.0,7.0,,
2015,1489,2015-10-30 23:30:00,laliga,Deportivo La Coruna,Atletico Madrid,1,1,0.917497,1.43617,6.0,5.0,,
2015,1490,2015-10-31 19:00:00,laliga,Real Madrid,Las Palmas,3,1,2.80269,0.562561,7.0,6.0,,
2015,1491,2015-10-31 21:15:00,laliga,Villarreal,Sevilla,2,1,1.03337,0.880961,6.1,6.9,,
2015,1492,2015-10-31 21:15:00,laliga,Valencia,Levante,3,0,2.26116,1.14512,5.9,6.3,,
2015,1493,2015-10-31 23:30:00,laliga,Getafe,Barcelona,0,2,0.18992,2.07864,7.0,6.1,,
2015,1494,2015-11-01 01:05:00,laliga,Real Sociedad,Celta Vigo,2,3,1.13516,1.43886,6.4,7.3,,
2015,1495,2015-11-01 15:00:00,laliga,Eibar,Rayo Vallecano,1,0,1.26188,0.502135,6.7,8.7,,
2015,1496,2015-11-01 19:00:00,laliga,Espanyol,Granada,1,1,1.71942,0.680785,8.9,7.9,,
2015,1497,2015-11-01 21:15:00,laliga,Sporting Gijon,Malaga,1,0,1.51083,0.482096,5.9,7.9,,
2015,1498,2015-11-01 23:30:00,laliga,Real Betis,Athletic Club,1,3,1.23993,4.022,8.1,6.0,,
2015,1499,2015-11-06 23:30:00,laliga,Las Palmas,Real Sociedad,2,0,0.802566,0.500075,6.2,5.9,,
2015,1500,2015-11-07 19:00:00,laliga,Celta Vigo,Valencia,1,5,1.6317,1.48214,6.7,6.9,,
2015,1501,2015-11-07 21:15:00,laliga,Levante,Deportivo La Coruna,1,1,0.822146,0.572246,7.0,7.9,,
2015,1502,2015-11-07 23:30:00,laliga,Eibar,Getafe,3,1,2.65653,0.607458,6.4,7.0,,
2015,1503,2015-11-07 23:30:00,laliga,Rayo Vallecano,Granada,2,1,0.825919,0.483537,6.4,6.2,,
2015,1504,2015-11-08 01:05:00,laliga,Malaga,Real Betis,0,1,0.890995,0.876923,6.2,6.1,,
2015,1505,2015-11-08 15:00:00,laliga,Athletic Club,Espanyol,2,1,0.780105,0.629441,6.6,6.8,,
2015,1506,2015-11-08 19:00:00,laliga,Barcelona,Villarreal,3,0,3.0769,0.278588,7.8,7.9,,
2015,1507,2015-11-08 21:15:00,laliga,Atletico Madrid,Sporting Gijon,1,0,1.21835,0.396003,8.9,7.0,,
2015,1508,2015-11-08 23:30:00,laliga,Sevilla,Real Madrid,3,2,2.39505,1.25807,8.1,8.2,,
2015,1509,2015-11-21 19:00:00,laliga,Real Sociedad,Sevilla,2,0,1.39018,1.1262,14.8,12.8,,
2015,1510,2015-11-21 21:15:00,laliga,Real Madrid,Barcelona,0,4,1.2581,3.27692,12.9,13.1,,
2015,1511,2015-11-21 23:30:00,laliga,Espanyol,Malaga,2,0,1.15492,0.753602,13.4,13.9,,
2015,1512,2015-11-22 01:00:00,laliga,Valencia,Las Palmas,1,1,1.38069,2.43396,14.2,15.1,,
2015,1513,2015-11-22 01:05:00,laliga,Deportivo La Coruna,Celta Vigo,2,0,1.02848,0.886052,14.2,14.3,,
2015,1514,2015-11-22 15:00:00,laliga,Sporting Gijon,Levante,0,3,1.98544,2.67209,13.7,14.7,,
2015,1515,2015-11-22 19:00:00,laliga,Villarreal,Eibar,1,1,1.78239,2.61337,14.0,14.8,,
2015,1516,2015-11-22 21:15:00,laliga,Granada,Athletic Club,2,0,0.806379,1.35423,14.9,14.3,,
2015,1517,2015-11-22 23:30:00,laliga,Real Betis,Atletico Madrid,0,1,0.128682,2.26452,14.9,14.1,,
2015,1518,2015-11-23 23:30:00,laliga,Getafe,Rayo Vallecano,1,1,0.721945,1.1181,16.0,16.0,,
2015,1519,2015-11-27 23:30:00,laliga,Levante,Real Betis,0,1,1.10847,0.943363,5.4,5.0,,
2015,1520,2015-11-28 19:00:00,laliga,Barcelona,Real Sociedad,4,0,2.95341,0.617573,6.9,7.0,,
2015,1521,2015-11-28 21:15:00,laliga,Atletico Madrid,Espanyol,1,0,1.73222,0.143079,5.9,6.9,,
2015,1522,2015-11-28 23:30:00,laliga,Malaga,Granada,2,2,1.40547,0.557943,7.0,6.1,,
2015,1523,2015-11-29 01:00:00,laliga,Las Palmas,Deportivo La Coruna,0,2,0.349655,2.20767,7.0,7.0,,
2015,1524,2015-11-29 01:05:00,laliga,Celta Vigo,Sporting Gijon,2,1,1.14376,0.664946,7.0,6.4,,
2015,1525,2015-11-29 15:00:00,laliga,Getafe,Villarreal,2,0,1.67288,0.7886,5.6,6.8,,
2015,1526,2015-11-29 19:00:00,laliga,Eibar,Real Madrid,0,2,0.28097,2.29034,7.0,7.9,,
2015,1527,2015-11-29 21:15:00,laliga,Rayo Vallecano,Athletic Club,0,3,1.45678,2.24726,5.9,7.0,,
2015,1528,2015-11-29 23:30:00,laliga,Sevilla,Valencia,1,0,1.63337,0.0,8.2,7.9,,
2015,1529,2015-12-05 19:00:00,laliga,Real Madrid,Getafe,4,1,1.87007,0.24488,6.0,6.2,,
2015,1530,2015-12-05 21:15:00,laliga,Granada,Atletico Madrid,0,2,0.602436,1.93434,6.9,7.0,,
2015,1531,2015-12-05 23:30:00,laliga,Valencia,Barcelona,1,1,0.847612,2.08221,6.0,7.2,,
2015,1532,2015-12-06 01:00:00,laliga,Deportivo La Coruna,Sevilla,1,1,0.64324,1.09296,7.0,6.1,,
2015,1533,2015-12-06 01:05:00,laliga,Real Betis,Celta Vigo,1,1,2.41831,0.535918,8.1,7.0,,
2015,1534,2015-12-06 15:00:00,laliga,Real Sociedad,Eibar,2,1,2.37051,0.286413,7.8,6.8,,
2015,1535,2015-12-06 19:00:00,laliga,Villarreal,Rayo Vallecano,2,1,1.60179,0.325638,7.2,6.9,,
2015,1536,2015-12-06 21:15:00,laliga,Sporting Gijon,Las Palmas,3,1,3.85858,0.418437,7.8,7.8,,
2015,1537,2015-12-06 23:30:00,laliga,Athletic Club,Malaga,0,0,0.305008,0.699162,7.1,8.0,,
2015,1538,2015-12-07 23:30:00,laliga,Espanyol,Levante,1,1,1.40669,1.01356,9.1,10.0,,
2015,1539,2015-12-11 23:30:00,laliga,Getafe,Real Sociedad,1,1,0.762214,1.82817,6.2,5.4,,
2015,1540,2015-12-12 19:00:00,laliga,Barcelona,Deportivo La Coruna,2,2,0.873385,1.22055,6.8,6.8,,
2015,1541,2015-12-12 21:15:00,laliga,Celta Vigo,Espanyol,1,0,1.23164,0.166852,6.8,4.9,,
2015,1542,2015-12-12 21:15:00,laliga,Levante,Granada,1,2,0.727312,0.752355,4.9,7.0,,
2015,1543,2015-12-12 23:30:00,laliga,Sevilla,Sporting Gijon,2,0,2.1509,0.0656616,6.9,6.1,,
2015,1544,2015-12-13 01:05:00,laliga,Las Palmas,Real Betis,1,0,2.11811,0.36831,6.2,7.0,,
2015,1545,2015-12-13 15:00:00,laliga,Rayo Vallecano,Malaga,1,2,1.12081,1.43186,6.8,6.6,,
2015,1546,2015-12-13 19:00:00,laliga,Eibar,Valencia,1,1,2.92204,0.286203,7.2,7.8,,
2015,1547,2015-12-13 21:15:00,laliga,Atletico Madrid,Athletic Club,2,1,0.33621,1.62076,8.0,6.9,,
2015,1548,2015-12-13 23:30:00,laliga,Villarreal,Real Madrid,1,0,0.940499,1.45508,7.2,8.2,,
2015,1549,2015-12-19 19:00:00,laliga,Valencia,Getafe,2,2,1.18705,0.508532,6.0,7.8,,
2015,1550,2015-12-19 21:15:00,laliga,Espanyol,Las Palmas,1,0,1.24844,0.598519,7.0,6.8,,
2015,1551,2015-12-19 23:30:00,laliga,Real Betis,Sevilla,0,0,0.377247,1.02024,6.9,7.0,,
2015,1552,2015-12-20 01:05:00,laliga,Deportivo La Coruna,Eibar,2,0,1.60925,0.462565,7.3,6.3,,
2015,1553,2015-12-20 19:00:00,laliga,Real Madrid,Rayo Vallecano,10,2,5.71778,0.93456,6.8,7.2,,
2015,1554,2015-12-20 21:15:00,laliga,Real Sociedad,Villarreal,0,2,1.02445,0.797645,8.9,6.9,,
2015,1555,2015-12-20 21:15:00,laliga,Granada,Celta Vigo,0,2,0.340342,2.25068,8.0,8.0,,
2015,1556,2015-12-20 21:15:00,laliga,Athletic Club,Levante,2,0,2.74756,0.514585,7.0,8.0,,
2015,1557,2015-12-20 23:30:00,laliga,Malaga,Atletico Madrid,1,0,1.0242,0.378061,7.4,7.1,,
2015,1558,2015-12-30 19:00:00,laliga,Real Madrid,Real Sociedad,3,1,3.42264,0.580977,10.0,9.9,,
2015,1559,2015-12-30 19:00:00,laliga,Levante,Malaga,0,1,0.167376,1.04316,9.9,9.8,,
2015,1560,2015-12-30 21:15:00,laliga,Rayo Vallecano,Atletico Madrid,0,2,0.372305,2.20164,10.1,9.9,,
2015,1561,2015-12-30 21:15:00,laliga,Sevilla,Espanyol,2,0,2.87616,0.633616,10.9,11.0,,
2015,1562,2015-12-30 21:30:00,laliga,Eibar,Sporting Gijon,2,0,1.17554,0.399746,10.9,17.9,,
2015,1563,2015-12-30 23:30:00,laliga,Getafe,Deportivo La Coruna,0,0,0.742286,0.584931,11.2,10.9,,
2015,1564,2015-12-30 23:30:00,laliga,Barcelona,Real Betis,4,0,4.34983,0.457226,18.2,11.0,,
2015,1565,2015-12-30 23:30:00,laliga,Celta Vigo,Athletic Club,0,1,0.414056,1.09564,10.1,10.1,,
2015,1566,2015-12-31 00:00:00,laliga,Las Palmas,Granada,4,1,1.28726,0.688245,11.1,10.1,,
2015,1567,2015-12-31 19:00:00,laliga,Villarreal,Valencia,1,0,0.420594,0.339183,10.9,12.0,,
2015,1568,2016-01-02 19:00:00,laliga,Espanyol,Barcelona,0,0,0.138495,1.00394,2.9,2.8,,
2015,1569,2016-01-02 23:30:00,laliga,Atletico Madrid,Levante,1,0,1.06627,0.460313,3.1,3.2,,
2015,1570,2016-01-03 01:05:00,laliga,Malaga,Celta Vigo,2,0,3.03854,1.0569,3.3,3.1,,
2015,1571,2016-01-03 15:00:00,laliga,Rayo Vallecano,Real Sociedad,2,2,0.924233,1.31907,3.7,3.8,,
2015,1572,2016-01-03 19:00:00,laliga,Real Betis,Eibar,0,4,1.53245,1.49466,3.8,3.9,,
2015,1573,2016-01-03 19:00:00,laliga,Granada,Sevilla,2,1,0.766685,2.31991,3.8,3.9,,
2015,1574,2016-01-03 21:15:00,laliga,Athletic Club,Las Palmas,2,2,1.71133,0.517767,3.9,3.9,,
2015,1575,2016-01-03 21:15:00,laliga,Deportivo La Coruna,Villarreal,1,2,1.15796,1.55208,3.9,3.1,,
2015,1576,2016-01-03 23:30:00,laliga,Valencia,Real Madrid,2,2,2.45563,1.20246,3.2,4.2,,
2015,1577,2016-01-04 23:30:00,laliga,Sporting Gijon,Getafe,1,2,1.85778,2.18421,5.1,5.0,,
2015,1578,2016-01-09 19:00:00,laliga,Barcelona,Granada,4,0,4.72913,0.325061,7.0,6.0,,
2015,1579,2016-01-09 21:15:00,laliga,Sevilla,Athletic Club,2,0,1.7013,1.25007,6.1,6.0,,
2015,1580,2016-01-09 21:15:00,laliga,Getafe,Real Betis,1,0,1.28639,0.602107,4.9,6.1,,
2015,1581,2016-01-09 23:30:00,laliga,Real Madrid,Deportivo La Coruna,5,0,3.52924,0.989088,6.0,6.1,,
2015,1582,2016-01-10 01:05:00,laliga,Levante,Rayo Vallecano,2,1,0.954929,0.34525,7.1,6.4,,
2015,1583,2016-01-10 15:00:00,laliga,Villarreal,Sporting Gijon,2,0,1.53045,0.960625,6.7,5.6,,
2015,1584,2016-01-10 19:00:00,laliga,Real Sociedad,Valencia,2,0,2.82395,0.838597,7.2,6.8,,
2015,1585,2016-01-10 21:15:00,laliga,Eibar,Espanyol,2,1,2.87714,0.263626,7.1,8.1,,
2015,1586,2016-01-10 21:15:00,laliga,Las Palmas,Malaga,1,1,0.391723,2.18407,7.0,7.8,,
2015,1587,2016-01-10 23:30:00,laliga,Celta Vigo,Atletico Madrid,0,2,0.213705,1.07666,7.9,8.0,,
2015,1588,2016-01-16 19:00:00,laliga,Sevilla,Malaga,2,1,1.39715,1.00078,6.9,5.9,,
2015,1589,2016-01-16 21:15:00,laliga,Celta Vigo,Levante,4,3,2.1571,1.42901,5.9,6.8,,
2015,1590,2016-01-16 23:30:00,laliga,Villarreal,Real Betis,0,0,0.806178,0.839004,6.4,7.1,,
2015,1591,2016-01-17 01:05:00,laliga,Real Sociedad,Deportivo La Coruna,1,1,2.75948,1.06682,6.3,7.1,,
2015,1592,2016-01-17 15:00:00,laliga,Valencia,Rayo Vallecano,2,2,1.26687,1.82333,6.8,7.6,,
2015,1593,2016-01-17 19:00:00,laliga,Real Madrid,Sporting Gijon,5,1,3.1536,0.691816,7.8,7.2,,
2015,1594,2016-01-17 21:15:00,laliga,Getafe,Espanyol,3,1,2.98406,1.6525,8.0,7.0,,
2015,1595,2016-01-17 21:15:00,laliga,Las Palmas,Atletico Madrid,0,3,0.605793,1.73491,7.0,6.9,,
2015,1596,2016-01-17 23:30:00,laliga,Barcelona,Athletic Club,6,0,4.44439,0.885303,8.2,8.1,,
2015,1597,2016-01-18 23:30:00,laliga,Eibar,Granada,5,1,2.01571,0.430886,8.1,9.2,,
2015,1598,2016-01-22 23:30:00,laliga,Sporting Gijon,Real Sociedad,5,1,4.13679,0.83285,5.2,5.9,,
2015,1599,2016-01-23 19:00:00,laliga,Malaga,Barcelona,1,2,1.12099,2.55037,7.0,5.8,,
2015,1600,2016-01-23 21:15:00,laliga,Espanyol,Villarreal,2,2,1.36067,1.50472,6.0,6.9,,
2015,1601,2016-01-23 23:30:00,laliga,Granada,Getafe,3,2,2.75252,1.57754,5.0,6.1,,
2015,1602,2016-01-24 01:05:00,laliga,Rayo Vallecano,Celta Vigo,3,0,3.20178,0.133975,6.4,7.2,,
2015,1603,2016-01-24 15:00:00,laliga,Athletic Club,Eibar,5,2,1.21738,1.67081,6.6,5.6,,
2015,1604,2016-01-24 19:00:00,laliga,Atletico Madrid,Sevilla,0,0,1.57618,0.27169,6.9,8.0,,
2015,1605,2016-01-24 21:15:00,laliga,Deportivo La Coruna,Valencia,1,1,1.05958,1.30721,7.8,7.3,,
2015,1606,2016-01-24 23:30:00,laliga,Real Betis,Real Madrid,1,1,0.211024,3.34615,8.0,7.2,,
2015,1607,2016-01-25 23:30:00,laliga,Levante,Las Palmas,3,2,1.48217,1.52612,9.1,8.1,,
2015,1608,2016-01-30 19:00:00,laliga,Barcelona,Atletico Madrid,2,1,1.19052,1.01896,7.0,6.0,,
2015,1609,2016-01-30 21:15:00,laliga,Eibar,Malaga,1,2,0.856269,1.31996,6.3,7.1,,
2015,1610,2016-01-30 21:15:00,laliga,Getafe,Athletic Club,0,1,1.33205,1.59857,6.9,6.3,,
2015,1611,2016-01-30 23:30:00,laliga,Villarreal,Granada,1,0,1.95153,0.91326,7.1,7.0,,
2015,1612,2016-01-31 01:05:00,laliga,Real Sociedad,Real Betis,2,1,1.08259,0.773957,8.1,6.1,,
2015,1613,2016-01-31 15:00:00,laliga,Sevilla,Levante,3,1,2.56252,0.686912,6.8,5.6,,
2015,1614,2016-01-31 19:00:00,laliga,Valencia,Sporting Gijon,0,1,2.04802,1.05546,6.9,8.8,,
2015,1615,2016-01-31 21:15:00,laliga,Las Palmas,Celta Vigo,2,1,2.12188,0.376974,5.9,7.8,,
2015,1616,2016-01-31 23:30:00,laliga,Real Madrid,Espanyol,6,0,2.76612,1.46627,7.0,8.1,,
2015,1617,2016-02-01 23:30:00,laliga,Deportivo La Coruna,Rayo Vallecano,2,2,1.42948,1.13142,8.1,8.9,,
2015,1618,2016-02-05 23:30:00,laliga,Malaga,Getafe,3,0,2.07318,0.524602,6.1,6.1,,
2015,1619,2016-02-06 19:00:00,laliga,Atletico Madrid,Eibar,3,1,2.57006,0.30035,7.0,6.9,,
2015,1620,2016-02-06 21:15:00,laliga,Rayo Vallecano,Las Palmas,2,0,3.09731,0.273377,4.9,6.0,,
2015,1621,2016-02-06 23:30:00,laliga,Athletic Club,Villarreal,0,0,0.56818,0.628815,7.1,7.0,,
2015,1622,2016-02-07 01:05:00,laliga,Sporting Gijon,Deportivo La Coruna,1,1,0.666281,0.227944,6.3,5.1,,
2015,1623,2016-02-07 15:00:00,laliga,Levante,Barcelona,0,2,0.802274,1.40471,7.0,7.8,,
2015,1624,2016-02-07 19:00:00,laliga,Real Betis,Valencia,1,0,1.00904,1.13142,7.7,7.0,,
2015,1625,2016-02-07 21:15:00,laliga,Celta Vigo,Sevilla,1,1,2.37006,0.922926,7.0,7.3,,
2015,1626,2016-02-07 23:30:00,laliga,Granada,Real Madrid,1,2,0.751196,1.67636,8.0,7.0,,
2015,1627,2016-02-08 23:30:00,laliga,Espanyol,Real Sociedad,0,5,0.208008,2.0285,8.0,8.9,,
2015,1628,2016-02-12 23:30:00,laliga,Sporting Gijon,Rayo Vallecano,2,2,2.38598,1.73162,5.9,6.1,,
2015,1629,2016-02-13 19:00:00,laliga,Real Madrid,Athletic Club,4,2,2.09005,1.50136,5.8,6.8,,
2015,1630,2016-02-13 21:15:00,laliga,Villarreal,Malaga,1,0,0.760756,0.671008,6.9,7.9,,
2015,1631,2016-02-13 23:30:00,laliga,Valencia,Espanyol,2,1,2.0361,3.41105,6.2,5.0,,
2015,1632,2016-02-14 01:05:00,laliga,Deportivo La Coruna,Real Betis,2,2,3.22944,0.598716,7.0,6.3,,
2015,1633,2016-02-14 15:00:00,laliga,Real Sociedad,Granada,3,0,2.55267,1.47828,5.6,6.6,,
2015,1634,2016-02-14 19:00:00,laliga,Sevilla,Las Palmas,2,0,1.12123,0.430522,6.9,7.9,,
2015,1635,2016-02-14 21:15:00,laliga,Getafe,Atletico Madrid,0,1,0.312685,0.711788,8.9,8.1,,
2015,1636,2016-02-14 21:15:00,laliga,Eibar,Levante,2,0,4.3639,0.78103,8.1,7.3,,
2015,1637,2016-02-14 23:30:00,laliga,Barcelona,Celta Vigo,6,1,5.54249,1.49242,7.4,7.1,,
2015,1638,2016-02-17 21:30:00,laliga,Sporting Gijon,Barcelona,1,3,0.87373,2.41243,4.9,2.9,,
2015,1639,2016-02-19 23:30:00,laliga,Levante,Getafe,3,0,2.29436,1.46167,5.1,5.1,,
2015,1640,2016-02-20 19:00:00,laliga,Las Palmas,Barcelona,1,2,1.08938,3.29704,6.0,2.9,,
2015,1641,2016-02-20 21:15:00,laliga,Espanyol,Deportivo La Coruna,1,0,3.34615,0.995453,6.9,6.8,,
2015,1642,2016-02-20 23:30:00,laliga,Real Betis,Sporting Gijon,1,1,0.953419,0.408199,6.9,3.1,,
2015,1643,2016-02-21 01:05:00,laliga,Celta Vigo,Eibar,3,2,2.5831,1.4201,6.1,6.2,,
2015,1644,2016-02-21 15:00:00,laliga,Rayo Vallecano,Sevilla,2,2,1.66155,3.37315,8.6,6.8,,
2015,1645,2016-02-21 19:00:00,laliga,Malaga,Real Madrid,1,1,1.68623,1.76313,7.9,8.0,,
2015,1646,2016-02-21 21:15:00,laliga,Athletic Club,Real Sociedad,0,1,0.512824,0.900436,8.1,7.3,,
2015,1647,2016-02-21 21:15:00,laliga,Granada,Valencia,1,2,2.00307,1.71536,7.3,7.9,,
2015,1648,2016-02-21 23:30:00,laliga,Atletico Madrid,Villarreal,0,0,0.769511,0.663896,7.1,8.1,,
2015,1649,2016-02-26 23:30:00,laliga,Eibar,Las Palmas,0,1,0.295947,0.651178,5.9,6.2,,
2015,1650,2016-02-27 19:00:00,laliga,Real Madrid,Atletico Madrid,0,1,0.984203,0.695343,6.0,5.8,,
2015,1651,2016-02-27 21:15:00,laliga,Getafe,Celta Vigo,0,1,0.863924,1.60224,7.9,6.8,,
2015,1652,2016-02-27 21:15:00,laliga,Sporting Gijon,Espanyol,2,4,1.68942,1.38627,6.9,7.0,,
2015,1653,2016-02-27 23:30:00,laliga,Real Betis,Rayo Vallecano,2,2,2.46401,1.42394,7.0,6.4,,
2015,1654,2016-02-28 01:05:00,laliga,Real Sociedad,Malaga,1,1,0.871084,1.22344,6.2,6.3,,
2015,1655,2016-02-28 15:00:00,laliga,Villarreal,Levante,3,0,1.6962,0.664928,6.6,8.6,,
2015,1656,2016-02-28 19:00:00,laliga,Valencia,Athletic Club,0,3,1.49242,1.68968,6.9,6.9,,
2015,1657,2016-02-28 21:15:00,laliga,Deportivo La Coruna,Granada,0,1,0.822359,1.84198,8.0,7.0,,
2015,1658,2016-02-28 23:30:00,laliga,Barcelona,Sevilla,2,1,2.33655,1.29686,8.2,7.4,,
2015,1659,2016-03-02 00:00:00,laliga,Atletico Madrid,Real Sociedad,3,0,1.92794,1.00552,3.2,3.0,,
2015,1660,2016-03-02 01:00:00,laliga,Las Palmas,Getafe,4,0,2.3145,0.477963,4.1,3.2,,
2015,1661,2016-03-02 23:00:00,laliga,Sevilla,Eibar,1,0,1.57261,0.553485,3.0,5.0,,
2015,1662,2016-03-02 23:00:00,laliga,Malaga,Valencia,1,2,0.433431,1.38765,3.9,3.2,,
2015,1663,2016-03-02 23:00:00,laliga,Celta Vigo,Villarreal,0,0,0.846173,0.328383,4.1,3.3,,
2015,1664,2016-03-02 23:00:00,laliga,Athletic Club,Deportivo La Coruna,4,1,2.7862,0.875636,3.2,3.1,,
2015,1665,2016-03-03 00:00:00,laliga,Levante,Real Madrid,1,3,1.07575,2.04124,3.4,4.2,,
2015,1666,2016-03-03 23:00:00,laliga,Granada,Sporting Gijon,2,0,1.87883,0.127036,4.1,5.1,,
2015,1667,2016-03-03 23:30:00,laliga,Espanyol,Real Betis,0,3,0.780555,1.92223,5.1,5.0,,
2015,1668,2016-03-04 00:00:00,laliga,Rayo Vallecano,Barcelona,1,5,1.17964,4.52996,5.0,4.0,,
2015,1669,2016-03-05 19:00:00,laliga,Real Madrid,Celta Vigo,7,1,2.39112,1.52691,2.8,2.8,,
2015,1670,2016-03-05 21:15:00,laliga,Villarreal,Las Palmas,0,1,1.15088,0.52008,2.9,3.8,,
2015,1671,2016-03-05 23:30:00,laliga,Getafe,Sevilla,1,1,1.13072,0.467979,3.9,3.0,,
2015,1672,2016-03-06 01:05:00,laliga,Deportivo La Coruna,Malaga,3,3,3.50017,0.990845,3.1,3.1,,
2015,1673,2016-03-06 15:00:00,laliga,Real Betis,Granada,2,0,0.844439,0.363768,2.6,2.7,,
2015,1674,2016-03-06 19:00:00,laliga,Eibar,Barcelona,0,4,0.358263,2.45515,3.8,2.8,,
2015,1675,2016-03-06 21:15:00,laliga,Sporting Gijon,Athletic Club,0,2,0.656848,1.34389,2.9,3.9,,
2015,1676,2016-03-06 21:15:00,laliga,Real Sociedad,Levante,1,1,2.23386,0.326226,4.9,3.9,,
2015,1677,2016-03-06 23:30:00,laliga,Valencia,Atletico Madrid,1,3,1.16388,1.58564,4.0,5.0,,
2015,1678,2016-03-07 23:30:00,laliga,Espanyol,Rayo Vallecano,2,1,1.78244,0.201034,4.0,4.0,,
2015,1679,2016-03-11 23:30:00,laliga,Malaga,Sporting Gijon,1,0,0.459569,0.957008,5.9,5.1,,
2015,1680,2016-03-12 19:00:00,laliga,Barcelona,Getafe,6,0,4.60705,0.281872,6.0,6.8,,
2015,1681,2016-03-12 21:15:00,laliga,Celta Vigo,Real Sociedad,1,0,0.377845,0.559876,7.1,6.0,,
2015,1682,2016-03-12 23:30:00,laliga,Atletico Madrid,Deportivo La Coruna,3,0,1.30692,0.292134,6.0,6.9,,
2015,1683,2016-03-13 01:05:00,laliga,Rayo Vallecano,Eibar,1,1,1.20734,0.804912,5.1,6.3,,
2015,1684,2016-03-13 15:00:00,laliga,Levante,Valencia,1,0,1.43121,0.77056,6.7,6.6,,
2015,1685,2016-03-13 19:00:00,laliga,Sevilla,Villarreal,4,2,3.1376,1.70728,7.8,7.9,,
2015,1686,2016-03-13 21:15:00,laliga,Athletic Club,Real Betis,3,1,2.14502,1.09836,7.0,7.3,,
2015,1687,2016-03-13 23:30:00,laliga,Las Palmas,Real Madrid,1,2,1.29762,0.860338,8.1,8.2,,
2015,1688,2016-03-14 23:30:00,laliga,Granada,Espanyol,1,1,0.793529,0.699866,8.4,7.0,,
2015,1689,2016-03-18 23:30:00,laliga,Getafe,Eibar,1,1,1.28229,2.83807,6.2,5.9,,
2015,1690,2016-03-19 19:00:00,laliga,Sporting Gijon,Atletico Madrid,2,1,1.89802,0.258695,7.8,6.8,,
2015,1691,2016-03-19 21:15:00,laliga,Real Sociedad,Las Palmas,0,1,0.590086,2.23147,7.0,5.9,,
2015,1692,2016-03-19 21:15:00,laliga,Granada,Rayo Vallecano,2,2,1.40008,1.57585,4.9,6.8,,
2015,1693,2016-03-19 23:30:00,laliga,Deportivo La Coruna,Levante,2,1,1.76797,0.632769,7.0,6.4,,
2015,1694,2016-03-20 01:05:00,laliga,Real Betis,Malaga,0,1,1.65417,1.33486,6.2,8.1,,
2015,1695,2016-03-20 15:00:00,laliga,Espanyol,Athletic Club,2,1,2.19144,1.80603,5.6,6.7,,
2015,1696,2016-03-20 19:00:00,laliga,Villarreal,Barcelona,2,2,0.980467,2.14473,7.0,8.0,,
2015,1697,2016-03-20 21:15:00,laliga,Valencia,Celta Vigo,0,2,0.646205,2.19927,7.3,8.0,,
2015,1698,2016-03-20 23:30:00,laliga,Real Madrid,Sevilla,4,0,4.08121,1.03777,7.0,7.2,,
2015,1699,2016-04-01 22:30:00,laliga,Rayo Vallecano,Getafe,2,0,2.4939,0.759713,13.1,14.0,,
2015,1700,2016-04-02 18:00:00,laliga,Atletico Madrid,Real Betis,5,1,4.5488,0.68708,14.0,13.7,,
2015,1701,2016-04-02 20:15:00,laliga,Las Palmas,Valencia,2,1,2.13172,0.748618,14.0,13.0,,
2015,1702,2016-04-02 22:30:00,laliga,Barcelona,Real Madrid,1,2,0.882445,1.56537,13.1,13.0,,
2015,1703,2016-04-03 00:05:00,laliga,Celta Vigo,Deportivo La Coruna,1,1,0.36047,0.864408,13.1,14.0,,
2015,1704,2016-04-03 14:00:00,laliga,Athletic Club,Granada,1,1,1.37516,0.618683,14.0,14.7,,
2015,1705,2016-04-03 18:00:00,laliga,Malaga,Espanyol,1,1,1.50099,0.260613,14.7,14.1,,
2015,1706,2016-04-03 20:15:00,laliga,Eibar,Villarreal,1,2,0.804064,2.08255,15.9,14.1,,
2015,1707,2016-04-03 22:30:00,laliga,Sevilla,Real Sociedad,1,2,1.82989,0.392534,14.0,15.1,,
2015,1708,2016-04-04 22:30:00,laliga,Levante,Sporting Gijon,0,0,1.87115,0.630978,16.0,16.1,,
2015,1709,2016-04-08 22:30:00,laliga,Granada,Malaga,0,0,0.613945,1.05827,5.4,5.2,,
2015,1710,2016-04-09 18:00:00,laliga,Real Madrid,Eibar,4,0,2.83938,1.60526,6.8,5.9,,
2015,1711,2016-04-09 20:15:00,laliga,Espanyol,Atletico Madrid,1,3,0.63963,2.12141,6.1,7.1,,
2015,1712,2016-04-09 22:30:00,laliga,Real Sociedad,Barcelona,1,0,0.295072,1.37196,6.0,7.0,,
2015,1713,2016-04-10 00:05:00,laliga,Real Betis,Levante,1,0,0.623216,1.17874,7.3,5.1,,
2015,1714,2016-04-10 14:00:00,laliga,Sporting Gijon,Celta Vigo,0,1,0.814767,1.03986,5.6,7.6,,
2015,1715,2016-04-10 18:00:00,laliga,Valencia,Sevilla,2,1,1.90707,1.00405,7.9,6.8,,
2015,1716,2016-04-10 20:15:00,laliga,Villarreal,Getafe,2,0,2.05697,0.718479,7.0,8.9,,
2015,1717,2016-04-10 22:30:00,laliga,Athletic Club,Rayo Vallecano,1,0,0.625122,2.08111,7.4,9.0,,
2015,1718,2016-04-11 22:30:00,laliga,Deportivo La Coruna,Las Palmas,1,3,2.30191,1.63213,8.9,9.1,,
2015,1719,2016-04-15 22:30:00,laliga,Levante,Espanyol,2,1,1.35949,1.08748,5.9,6.1,,
2015,1720,2016-04-16 18:00:00,laliga,Getafe,Real Madrid,1,5,1.0366,3.07047,5.9,7.0,,
2015,1721,2016-04-16 20:15:00,laliga,Las Palmas,Sporting Gijon,1,1,0.54782,0.864694,4.9,6.3,,
2015,1722,2016-04-16 22:30:00,laliga,Eibar,Real Sociedad,2,1,1.24429,0.865097,7.2,7.0,,
2015,1723,2016-04-17 00:05:00,laliga,Celta Vigo,Real Betis,1,1,1.74985,1.54169,6.4,7.0,,
2015,1724,2016-04-17 14:00:00,laliga,Malaga,Athletic Club,0,1,1.9143,1.08656,8.6,6.6,,
2015,1725,2016-04-17 18:00:00,laliga,Sevilla,Deportivo La Coruna,1,1,2.00121,0.699714,7.0,5.8,,
2015,1726,2016-04-17 20:15:00,laliga,Atletico Madrid,Granada,3,0,1.61364,0.473812,8.0,8.9,,
2015,1727,2016-04-17 20:15:00,laliga,Rayo Vallecano,Villarreal,2,1,1.08503,0.631315,6.9,7.0,,
2015,1728,2016-04-17 22:30:00,laliga,Barcelona,Valencia,1,2,4.05676,1.12103,8.0,7.2,,
2015,1729,2016-04-19 22:00:00,laliga,Espanyol,Celta Vigo,1,1,0.873164,0.502009,4.0,2.9,,
2015,1730,2016-04-19 23:00:00,laliga,Real Betis,Las Palmas,1,0,1.92261,0.217396,3.0,3.1,,
2015,1731,2016-04-20 22:00:00,laliga,Deportivo La Coruna,Barcelona,0,8,2.19692,5.76112,3.2,3.0,,
2015,1732,2016-04-20 22:45:00,laliga,Valencia,Eibar,4,0,3.14654,0.651864,3.0,4.0,,
2015,1733,2016-04-20 22:45:00,laliga,Athletic Club,Atletico Madrid,0,1,0.498286,0.919656,3.4,3.1,,
2015,1734,2016-04-20 22:45:00,laliga,Sporting Gijon,Sevilla,2,1,1.2216,1.76493,4.1,3.2,,
2015,1735,2016-04-20 22:45:00,laliga,Malaga,Rayo Vallecano,1,1,1.14186,1.05395,3.4,3.1,,
2015,1736,2016-04-21 00:00:00,laliga,Real Madrid,Villarreal,3,0,1.75884,0.226133,4.2,3.2,,
2015,1737,2016-04-21 22:30:00,laliga,Real Sociedad,Getafe,1,2,1.22844,1.58835,5.0,5.2,,
2015,1738,2016-04-21 23:00:00,laliga,Granada,Levante,5,1,3.1552,1.04939,4.1,6.0,,
2015,1739,2016-04-22 23:00:00,laliga,Las Palmas,Espanyol,4,0,1.68464,1.36658,3.0,3.0,,
2015,1740,2016-04-23 18:00:00,laliga,Rayo Vallecano,Real Madrid,2,3,1.56205,2.6433,2.8,2.8,,
2015,1741,2016-04-23 20:15:00,laliga,Atletico Madrid,Malaga,1,0,1.19248,0.167259,2.9,2.9,,
2015,1742,2016-04-23 22:30:00,laliga,Barcelona,Sporting Gijon,6,0,6.1271,0.624434,3.0,3.0,,
2015,1743,2016-04-24 00:05:00,laliga,Eibar,Deportivo La Coruna,1,1,0.950821,0.323346,3.1,3.1,,
2015,1744,2016-04-24 14:00:00,laliga,Levante,Athletic Club,2,2,0.759214,1.61191,2.6,3.6,,
2015,1745,2016-04-24 18:00:00,laliga,Sevilla,Real Betis,2,0,2.03176,0.394998,3.8,4.8,,
2015,1746,2016-04-24 20:15:00,laliga,Getafe,Valencia,2,2,2.82608,0.728167,2.9,3.9,,
2015,1747,2016-04-24 22:30:00,laliga,Villarreal,Real Sociedad,0,0,0.65957,0.640832,3.9,3.0,,
2015,1748,2016-04-25 22:30:00,laliga,Celta Vigo,Granada,2,1,1.96923,0.740282,6.0,4.0,,
2015,1749,2016-04-29 22:30:00,laliga,Sporting Gijon,Eibar,2,0,0.349788,0.985421,6.0,5.9,,
2015,1750,2016-04-30 18:00:00,laliga,Real Sociedad,Real Madrid,0,1,0.496976,1.58863,5.8,7.0,,
2015,1751,2016-04-30 20:15:00,laliga,Atletico Madrid,Rayo Vallecano,1,0,1.07386,0.597729,7.0,7.1,,
2015,1752,2016-04-30 22:30:00,laliga,Real Betis,Barcelona,0,2,0.0828961,2.07851,6.2,7.0,,
2015,1753,2016-05-01 00:05:00,laliga,Granada,Las Palmas,3,2,2.05186,1.747,5.1,8.0,,
2015,1754,2016-05-01 14:00:00,laliga,Athletic Club,Celta Vigo,2,1,1.64739,0.470176,7.0,5.6,,
2015,1755,2016-05-01 18:00:00,laliga,Espanyol,Sevilla,1,0,1.66593,0.329135,8.8,7.0,,
2015,1756,2016-05-01 20:15:00,laliga,Deportivo La Coruna,Getafe,0,2,0.669729,0.961273,7.8,7.0,,
2015,1757,2016-05-01 22:30:00,laliga,Valencia,Villarreal,0,2,0.259066,1.05764,7.1,7.0,,
2015,1758,2016-05-02 22:30:00,laliga,Malaga,Levante,3,1,2.53234,1.88493,9.1,8.4,,
2015,1759,2016-05-08 19:00:00,laliga,Las Palmas,Athletic Club,0,0,0.133019,0.297706,7.8,7.2,,
2015,1760,2016-05-08 19:00:00,laliga,Celta Vigo,Malaga,1,0,1.25876,0.981005,7.2,5.9,,
2015,1761,2016-05-08 19:00:00,laliga,Levante,Atletico Madrid,2,1,1.26898,1.69964,5.9,7.9,,
2015,1762,2016-05-08 19:00:00,laliga,Getafe,Sporting Gijon,1,1,1.25718,0.508995,6.9,8.9,,
2015,1763,2016-05-08 19:00:00,laliga,Villarreal,Deportivo La Coruna,0,2,0.701392,0.388761,6.9,6.9,,
2015,1764,2016-05-08 19:00:00,laliga,Real Sociedad,Rayo Vallecano,2,1,1.6654,2.18163,8.0,7.9,,
2015,1765,2016-05-08 19:00:00,laliga,Real Madrid,Valencia,3,2,2.52264,2.3222,8.0,6.9,,
2015,1766,2016-05-08 19:00:00,laliga,Eibar,Real Betis,1,1,2.67637,1.13808,8.9,7.9,,
2015,1767,2016-05-08 19:00:00,laliga,Barcelona,Espanyol,5,0,2.59373,0.20206,7.9,7.0,,
2015,1768,2016-05-08 19:00:00,laliga,Sevilla,Granada,1,4,0.898919,2.16052,7.0,7.8,,
2015,1769,2016-05-13 22:30:00,laliga,Valencia,Real Sociedad,0,1,0.918193,0.95132,5.1,5.1,,
2015,1770,2016-05-14 19:00:00,laliga,Deportivo La Coruna,Real Madrid,0,2,0.651269,1.90958,6.0,6.0,,
2015,1771,2016-05-14 19:00:00,laliga,Granada,Barcelona,0,3,0.383514,3.23381,6.0,6.0,,
2015,1772,2016-05-14 21:30:00,laliga,Athletic Club,Sevilla,3,1,1.70447,1.02774,6.1,6.1,,
2015,1773,2016-05-14 21:30:00,laliga,Atletico Madrid,Celta Vigo,2,0,1.24915,0.504827,6.1,6.1,,
2015,1774,2016-05-15 14:00:00,laliga,Malaga,Las Palmas,4,1,2.24531,1.78426,6.8,6.8,,
2015,1775,2016-05-15 21:00:00,laliga,Espanyol,Eibar,4,2,2.23504,1.8428,7.1,7.1,,
2015,1776,2016-05-15 21:30:00,laliga,Real Betis,Getafe,2,1,1.59407,1.28875,7.1,7.1,,
2015,1777,2016-05-15 21:30:00,laliga,Sporting Gijon,Villarreal,2,0,1.51593,0.721212,7.1,7.1,,
2015,1778,2016-05-15 21:30:00,laliga,Rayo Vallecano,Levante,3,1,2.06167,1.32769,7.1,7.1,,
2016,1779,2016-08-19 22:45:00,laliga,Malaga,Osasuna,1,1,0.834224,0.829951,60.0,14.0,,
2016,1780,2016-08-20 00:00:00,laliga,Deportivo La Coruna,Eibar,2,1,1.6197,0.359012,60.0,60.0,,
2016,1781,2016-08-20 20:15:00,laliga,Barcelona,Real Betis,6,2,3.84325,0.250977,60.0,60.0,,
2016,1782,2016-08-20 22:15:00,laliga,Granada,Villarreal,1,1,0.977176,1.75881,60.0,60.0,,
2016,1783,2016-08-21 00:15:00,laliga,Sevilla,Espanyol,6,4,2.60289,1.41803,60.0,60.0,,
2016,1784,2016-08-21 20:15:00,laliga,Sporting Gijon,Athletic Club,2,1,1.43642,0.604671,60.0,60.0,,
2016,1785,2016-08-21 22:15:00,laliga,Real Sociedad,Real Madrid,0,3,0.270003,2.73735,60.0,60.0,,
2016,1786,2016-08-22 00:15:00,laliga,Atletico Madrid,Alaves,1,1,4.17855,0.0332215,60.0,14.0,,
2016,1787,2016-08-22 22:00:00,laliga,Celta Vigo,Leganes,0,1,0.64855,0.908454,60.0,14.0,,
2016,1788,2016-08-23 00:00:00,laliga,Valencia,Las Palmas,2,4,1.27123,1.2781,60.0,60.0,,
2016,1789,2016-08-26 22:45:00,laliga,Real Betis,Deportivo La Coruna,0,0,0.593093,0.590187,6.1,6.9,,
2016,1790,2016-08-27 00:00:00,laliga,Espanyol,Malaga,2,2,0.449707,0.43567,6.0,7.1,,
2016,1791,2016-08-27 20:15:00,laliga,Osasuna,Real Sociedad,0,2,0.342253,0.758033,7.9,5.9,,
2016,1792,2016-08-27 20:15:00,laliga,Eibar,Valencia,1,0,1.36093,2.05592,7.8,4.8,,
2016,1793,2016-08-27 22:15:00,laliga,Real Madrid,Celta Vigo,2,1,2.02091,0.241185,6.0,5.0,,
2016,1794,2016-08-28 00:15:00,laliga,Leganes,Atletico Madrid,0,0,0.189954,0.700848,5.1,6.0,,
2016,1795,2016-08-28 20:15:00,laliga,Las Palmas,Granada,5,1,2.78367,0.431857,5.8,7.9,,
2016,1796,2016-08-28 20:15:00,laliga,Alaves,Sporting Gijon,0,0,1.12017,0.27695,6.8,7.0,,
2016,1797,2016-08-28 22:15:00,laliga,Athletic Club,Barcelona,0,1,0.625251,2.33658,7.1,8.1,,
2016,1798,2016-08-29 00:15:00,laliga,Villarreal,Sevilla,0,0,0.580165,0.161483,8.1,8.0,,
2016,1799,2016-09-09 22:45:00,laliga,Real Sociedad,Espanyol,1,1,0.303769,0.0708424,13.1,13.9,,
2016,1800,2016-09-10 15:00:00,laliga,Celta Vigo,Atletico Madrid,0,4,0.701483,2.42263,13.7,13.6,,
2016,1801,2016-09-10 18:00:00,laliga,Real Madrid,Osasuna,5,2,3.7979,1.03534,13.8,13.9,,
2016,1802,2016-09-10 20:15:00,laliga,Sevilla,Las Palmas,2,1,3.53881,0.642731,12.8,13.0,,
2016,1803,2016-09-10 20:15:00,laliga,Malaga,Villarreal,0,2,1.05974,2.47884,14.8,12.8,,
2016,1804,2016-09-10 22:30:00,laliga,Barcelona,Alaves,1,2,1.352,0.290172,13.0,13.1,,
2016,1805,2016-09-11 14:00:00,laliga,Sporting Gijon,Leganes,2,1,1.65936,0.484862,13.7,14.6,,
2016,1806,2016-09-11 18:00:00,laliga,Valencia,Real Betis,2,3,1.81116,1.96896,14.9,15.8,,
2016,1807,2016-09-11 20:15:00,laliga,Granada,Eibar,1,2,1.96158,1.12057,14.0,15.0,,
2016,1808,2016-09-11 22:30:00,laliga,Deportivo La Coruna,Athletic Club,0,1,0.708733,0.239631,16.0,14.0,,
2016,1809,2016-09-16 22:45:00,laliga,Real Betis,Granada,2,2,1.96299,1.41911,5.2,5.1,,
2016,1810,2016-09-17 15:00:00,laliga,Leganes,Barcelona,1,5,1.18104,2.94825,6.0,6.7,,
2016,1811,2016-09-17 18:15:00,laliga,Atletico Madrid,Sporting Gijon,5,0,2.52857,0.503786,7.1,6.2,,
2016,1812,2016-09-17 20:30:00,laliga,Eibar,Sevilla,1,1,0.767442,1.22253,6.0,7.0,,
2016,1813,2016-09-17 22:45:00,laliga,Las Palmas,Malaga,1,0,0.869251,0.645227,7.1,7.1,,
2016,1814,2016-09-18 14:00:00,laliga,Osasuna,Celta Vigo,0,0,0.259738,0.683638,7.8,8.0,,
2016,1815,2016-09-18 18:15:00,laliga,Athletic Club,Valencia,2,1,1.34212,1.53251,6.8,7.0,,
2016,1816,2016-09-18 20:30:00,laliga,Villarreal,Real Sociedad,2,1,1.42126,1.03528,8.0,8.9,,
2016,1817,2016-09-18 22:45:00,laliga,Espanyol,Real Madrid,0,2,0.830388,1.23959,9.0,8.2,,
2016,1818,2016-09-19 22:45:00,laliga,Alaves,Deportivo La Coruna,0,0,0.45933,0.671784,9.0,8.0,,
2016,1819,2016-09-20 22:00:00,laliga,Malaga,Eibar,2,1,0.474926,1.77918,3.0,3.1,,
2016,1820,2016-09-21 00:00:00,laliga,Sevilla,Real Betis,1,0,0.74909,0.450469,3.1,4.1,,
2016,1821,2016-09-21 22:00:00,laliga,Real Madrid,Villarreal,1,1,1.34367,1.0322,3.0,3.1,,
2016,1822,2016-09-21 22:00:00,laliga,Celta Vigo,Sporting Gijon,2,1,1.38706,0.847147,3.3,4.2,,
2016,1823,2016-09-22 00:00:00,laliga,Real Sociedad,Las Palmas,4,1,2.81655,1.02708,3.1,4.1,,
2016,1824,2016-09-22 00:00:00,laliga,Granada,Athletic Club,1,2,0.887639,1.57519,5.1,3.2,,
2016,1825,2016-09-22 00:00:00,laliga,Barcelona,Atletico Madrid,1,1,1.32384,0.295787,4.4,4.2,,
2016,1826,2016-09-22 22:00:00,laliga,Deportivo La Coruna,Leganes,1,2,1.64049,1.06372,3.0,5.3,,
2016,1827,2016-09-22 22:00:00,laliga,Osasuna,Espanyol,1,2,1.06944,1.39628,4.3,4.0,,
2016,1828,2016-09-23 00:00:00,laliga,Valencia,Alaves,2,1,1.42235,0.259625,4.2,3.1,,
2016,1829,2016-09-23 22:45:00,laliga,Real Betis,Malaga,1,0,0.741813,0.786565,2.9,3.0,,
2016,1830,2016-09-24 15:00:00,laliga,Eibar,Real Sociedad,2,0,1.67754,0.0863513,3.7,2.6,,
2016,1831,2016-09-24 18:15:00,laliga,Sporting Gijon,Barcelona,0,5,0.631314,3.6662,2.8,2.8,,
2016,1832,2016-09-24 20:30:00,laliga,Athletic Club,Sevilla,3,1,2.14897,0.607158,2.9,3.9,,
2016,1833,2016-09-24 22:45:00,laliga,Las Palmas,Real Madrid,2,2,1.31532,2.7519,2.9,3.0,,
2016,1834,2016-09-25 14:00:00,laliga,Leganes,Valencia,1,2,1.29014,1.37734,2.7,2.6,,
2016,1835,2016-09-25 18:15:00,laliga,Atletico Madrid,Deportivo La Coruna,1,0,2.13155,0.2328,3.8,2.8,,
2016,1836,2016-09-25 20:30:00,laliga,Villarreal,Osasuna,3,1,2.9887,1.7961,3.9,2.9,,
2016,1837,2016-09-25 22:45:00,laliga,Espanyol,Celta Vigo,0,2,0.542865,0.705192,3.0,4.0,,
2016,1838,2016-09-26 22:45:00,laliga,Alaves,Granada,3,1,1.72967,0.820437,3.9,4.9,,
2016,1839,2016-09-30 22:45:00,laliga,Real Sociedad,Real Betis,1,0,1.18527,0.68749,6.3,7.0,,
2016,1840,2016-10-01 15:00:00,laliga,Granada,Leganes,0,1,0.665545,0.238575,4.7,6.0,,
2016,1841,2016-10-01 18:15:00,laliga,Sevilla,Alaves,2,1,2.4771,1.11701,6.9,4.8,,
2016,1842,2016-10-01 20:30:00,laliga,Osasuna,Las Palmas,2,2,0.988479,1.37115,6.0,6.9,,
2016,1843,2016-10-01 22:45:00,laliga,Deportivo La Coruna,Sporting Gijon,2,1,1.26977,0.234392,6.2,7.2,,
2016,1844,2016-10-02 14:00:00,laliga,Valencia,Atletico Madrid,0,2,1.00546,3.29348,7.0,6.8,,
2016,1845,2016-10-02 18:15:00,laliga,Real Madrid,Eibar,1,1,1.67419,0.445,7.8,8.1,,
2016,1846,2016-10-02 20:30:00,laliga,Malaga,Athletic Club,2,1,1.38797,0.599527,8.9,8.0,,
2016,1847,2016-10-02 20:30:00,laliga,Espanyol,Villarreal,0,0,0.351825,0.696855,6.9,7.0,,
2016,1848,2016-10-02 22:45:00,laliga,Celta Vigo,Barcelona,4,3,1.53201,2.27848,7.0,8.2,,
2016,1849,2016-10-14 22:45:00,laliga,Las Palmas,Espanyol,0,0,1.07463,0.318729,13.1,12.1,,
2016,1850,2016-10-15 15:00:00,laliga,Leganes,Sevilla,2,3,0.851751,1.53817,14.0,13.9,,
2016,1851,2016-10-15 18:15:00,laliga,Barcelona,Deportivo La Coruna,4,0,4.85964,0.278286,12.8,13.8,,
2016,1852,2016-10-15 20:30:00,laliga,Atletico Madrid,Granada,7,1,3.0536,0.306751,13.3,14.2,,
2016,1853,2016-10-15 22:45:00,laliga,Real Betis,Real Madrid,1,6,0.908061,3.98737,15.0,13.2,,
2016,1854,2016-10-16 14:00:00,laliga,Alaves,Malaga,1,1,1.34202,0.419972,14.8,13.7,,
2016,1855,2016-10-16 18:15:00,laliga,Athletic Club,Real Sociedad,3,2,1.53028,0.618302,13.9,15.8,,
2016,1856,2016-10-16 20:30:00,laliga,Sporting Gijon,Valencia,1,2,0.487759,0.962304,14.9,14.3,,
2016,1857,2016-10-16 22:45:00,laliga,Villarreal,Celta Vigo,5,0,1.79979,0.258037,14.1,14.0,,
2016,1858,2016-10-17 22:45:00,laliga,Eibar,Osasuna,2,3,0.802032,1.40368,15.2,16.1,,
2016,1859,2016-10-21 22:45:00,laliga,Osasuna,Real Betis,1,2,0.929293,1.23524,4.0,6.0,,
2016,1860,2016-10-22 15:00:00,laliga,Espanyol,Eibar,3,3,0.850937,2.01542,7.7,4.7,,
2016,1861,2016-10-22 18:15:00,laliga,Valencia,Barcelona,2,3,0.839578,2.05021,5.9,7.0,,
2016,1862,2016-10-22 20:30:00,laliga,Real Sociedad,Alaves,3,0,1.84569,0.772306,6.1,6.3,,
2016,1863,2016-10-22 22:45:00,laliga,Granada,Sporting Gijon,0,0,0.546868,0.242784,7.1,6.1,,
2016,1864,2016-10-23 14:00:00,laliga,Celta Vigo,Deportivo La Coruna,4,1,1.82791,0.72415,6.6,7.8,,
2016,1865,2016-10-23 18:15:00,laliga,Sevilla,Atletico Madrid,1,0,1.13802,0.770754,8.1,7.9,,
2016,1866,2016-10-23 20:30:00,laliga,Malaga,Leganes,4,0,3.12089,1.18794,7.3,8.2,,
2016,1867,2016-10-23 20:30:00,laliga,Villarreal,Las Palmas,2,1,1.67294,0.5357,6.9,8.9,,
2016,1868,2016-10-23 22:45:00,laliga,Real Madrid,Athletic Club,2,1,3.52634,1.38084,8.0,7.2,,
2016,3308,2016-10-28 22:45:00,laliga,Leganes,Real Sociedad,0,2,0.192695,1.47952,5.1,6.1,,
2016,3309,2016-10-29 15:00:00,laliga,Sporting Gijon,Sevilla,1,1,0.47946,1.288,6.7,5.9,,
2016,3310,2016-10-29 18:15:00,laliga,Alaves,Real Madrid,1,4,1.37267,2.77099,6.9,5.8,,
2016,3311,2016-10-29 20:30:00,laliga,Atletico Madrid,Malaga,4,2,1.96583,0.244565,6.1,6.0,,
2016,3312,2016-10-29 22:45:00,laliga,Barcelona,Granada,1,0,1.75167,0.0445853,7.2,7.0,,
2016,3313,2016-10-30 15:00:00,laliga,Eibar,Villarreal,2,1,1.4571,1.49906,8.0,6.8,,
2016,3314,2016-10-30 19:15:00,laliga,Athletic Club,Osasuna,1,1,1.4373,0.338045,6.9,8.9,,
2016,3315,2016-10-30 21:30:00,laliga,Real Betis,Espanyol,0,1,0.72975,0.750127,8.9,8.3,,
2016,3316,2016-10-30 23:45:00,laliga,Las Palmas,Celta Vigo,3,3,2.07556,1.23697,7.1,7.4,,
2016,3317,2016-10-31 23:45:00,laliga,Deportivo La Coruna,Valencia,1,1,1.3997,1.03333,8.4,9.2,,
2016,2776,2016-11-04 23:45:00,laliga,Malaga,Sporting Gijon,3,2,1.92978,1.27243,6.1,6.4,,
2016,2777,2016-11-05 16:00:00,laliga,Granada,Deportivo La Coruna,1,1,2.10437,1.71185,6.7,4.7,,
2016,2778,2016-11-05 19:15:00,laliga,Real Sociedad,Atletico Madrid,2,0,1.99325,0.581093,7.9,6.9,,
2016,2779,2016-11-05 21:30:00,laliga,Osasuna,Alaves,0,1,0.471469,1.62667,6.1,7.1,,
2016,2780,2016-11-05 23:45:00,laliga,Las Palmas,Eibar,1,0,1.59273,0.983024,6.0,6.4,,
2016,2781,2016-11-06 15:00:00,laliga,Real Madrid,Leganes,3,0,2.62943,0.273683,7.9,8.7,,
2016,2782,2016-11-06 19:15:00,laliga,Espanyol,Athletic Club,0,0,0.277247,0.151209,6.9,7.0,,
2016,2783,2016-11-06 19:15:00,laliga,Celta Vigo,Valencia,2,1,0.571273,1.44482,6.8,5.8,,
2016,2784,2016-11-06 21:30:00,laliga,Villarreal,Real Betis,2,0,1.38858,0.28961,7.3,7.0,,
2016,2785,2016-11-06 23:45:00,laliga,Sevilla,Barcelona,1,2,1.54978,2.17981,8.4,8.0,,
2016,2786,2016-11-18 23:45:00,laliga,Real Betis,Las Palmas,2,0,0.590307,0.358719,12.1,13.0,,
2016,2787,2016-11-19 16:00:00,laliga,Deportivo La Coruna,Sevilla,2,3,0.382392,2.28865,14.0,12.7,,
2016,2788,2016-11-19 19:15:00,laliga,Barcelona,Malaga,0,0,1.44819,0.55807,12.8,14.8,,
2016,2789,2016-11-19 21:30:00,laliga,Eibar,Celta Vigo,1,0,0.911921,0.589399,13.9,13.1,,
2016,2790,2016-11-19 23:45:00,laliga,Atletico Madrid,Real Madrid,0,3,1.0815,2.03273,14.2,13.4,,
2016,2791,2016-11-20 15:00:00,laliga,Alaves,Espanyol,0,1,0.570571,1.26246,14.7,13.8,,
2016,2792,2016-11-20 19:15:00,laliga,Valencia,Granada,1,1,1.58094,0.622946,14.0,15.1,,
2016,2793,2016-11-20 21:30:00,laliga,Sporting Gijon,Real Sociedad,1,3,0.197028,2.1535,15.9,15.1,,
2016,2794,2016-11-20 23:45:00,laliga,Athletic Club,Villarreal,1,0,2.15189,0.173272,14.2,14.1,,
2016,2795,2016-11-21 23:45:00,laliga,Leganes,Osasuna,2,0,1.6402,0.164701,15.4,16.1,,
2016,2796,2016-11-25 23:45:00,laliga,Eibar,Real Betis,3,1,2.55337,0.347362,6.1,7.0,,
2016,2797,2016-11-26 16:00:00,laliga,Malaga,Deportivo La Coruna,4,3,1.28044,2.70531,6.9,7.0,,
2016,2798,2016-11-26 19:15:00,laliga,Real Madrid,Sporting Gijon,2,1,2.90122,1.46445,6.8,5.9,,
2016,2799,2016-11-26 21:30:00,laliga,Espanyol,Leganes,3,0,1.21595,0.205225,6.3,4.9,,
2016,2800,2016-11-26 23:45:00,laliga,Sevilla,Valencia,2,1,0.217327,0.481054,7.3,6.2,,
2016,2801,2016-11-27 15:00:00,laliga,Villarreal,Alaves,0,2,1.92523,1.58373,6.6,7.0,,
2016,2802,2016-11-27 19:15:00,laliga,Osasuna,Atletico Madrid,0,3,1.15264,1.48301,5.8,7.8,,
2016,2803,2016-11-27 21:30:00,laliga,Celta Vigo,Granada,3,1,2.10383,0.761557,8.0,7.1,,
2016,2804,2016-11-27 23:45:00,laliga,Real Sociedad,Barcelona,1,1,1.0404,0.648004,7.1,8.2,,
2016,2805,2016-11-28 23:45:00,laliga,Las Palmas,Athletic Club,3,1,1.05931,1.73341,10.0,8.0,,
2016,3163,2016-12-03 16:00:00,laliga,Granada,Sevilla,2,1,1.90921,1.92504,5.8,6.7,,
2016,3164,2016-12-03 19:15:00,laliga,Barcelona,Real Madrid,1,1,1.73984,1.35909,5.8,7.0,,
2016,3165,2016-12-03 21:30:00,laliga,Leganes,Villarreal,0,0,0.679532,0.296192,7.0,6.3,,
2016,3166,2016-12-03 23:45:00,laliga,Atletico Madrid,Espanyol,0,0,0.576659,0.806691,6.2,7.1,,
2016,3167,2016-12-04 15:00:00,laliga,Real Betis,Celta Vigo,3,3,2.0817,1.49435,8.6,6.7,,
2016,3168,2016-12-04 19:15:00,laliga,Athletic Club,Eibar,3,1,1.4438,0.988471,5.8,8.8,,
2016,3169,2016-12-04 21:30:00,laliga,Sporting Gijon,Osasuna,3,1,1.12982,1.15825,8.1,7.1,,
2016,3170,2016-12-04 21:30:00,laliga,Alaves,Las Palmas,1,1,1.0718,0.495163,7.3,5.9,,
2016,3171,2016-12-04 23:45:00,laliga,Valencia,Malaga,2,2,0.524646,0.849918,8.0,8.3,,
2016,3172,2016-12-05 23:45:00,laliga,Deportivo La Coruna,Real Sociedad,5,1,2.21106,0.569103,9.3,8.0,,
2016,3173,2016-12-09 23:45:00,laliga,Malaga,Granada,1,1,2.80255,0.963052,5.0,6.3,,
2016,3174,2016-12-10 16:00:00,laliga,Osasuna,Barcelona,0,3,0.146912,3.17169,5.8,6.9,,
2016,3175,2016-12-10 19:15:00,laliga,Real Sociedad,Valencia,3,2,2.70322,1.58335,4.8,5.8,,
2016,3176,2016-12-10 21:30:00,laliga,Las Palmas,Leganes,1,1,0.889018,1.26322,6.0,7.0,,
2016,3177,2016-12-10 23:45:00,laliga,Real Madrid,Deportivo La Coruna,3,2,1.17016,0.648444,7.2,5.0,,
2016,3178,2016-12-11 15:00:00,laliga,Eibar,Alaves,0,0,0.482454,0.263174,6.8,6.7,,
2016,3179,2016-12-11 19:15:00,laliga,Celta Vigo,Sevilla,0,3,0.710134,2.58541,7.2,8.1,,
2016,3180,2016-12-11 21:30:00,laliga,Espanyol,Sporting Gijon,2,1,1.22846,0.585213,7.9,7.0,,
2016,3181,2016-12-11 23:45:00,laliga,Real Betis,Athletic Club,1,0,0.684846,0.562742,7.4,7.2,,
2016,3182,2016-12-12 23:45:00,laliga,Villarreal,Atletico Madrid,3,0,1.25177,0.725735,9.1,9.0,,
2016,3183,2016-12-16 23:45:00,laliga,Alaves,Real Betis,1,0,0.854496,0.523568,5.4,5.0,,
2016,3184,2016-12-17 16:00:00,laliga,Sporting Gijon,Villarreal,1,3,1.18555,3.11803,5.8,4.7,,
2016,3185,2016-12-17 19:15:00,laliga,Atletico Madrid,Las Palmas,1,0,0.86238,0.516549,4.8,6.9,,
2016,3186,2016-12-17 21:30:00,laliga,Granada,Real Sociedad,0,2,0.649888,2.10663,7.9,7.1,,
2016,3187,2016-12-17 23:45:00,laliga,Sevilla,Malaga,4,1,2.71147,0.618725,6.2,8.0,,
2016,3188,2016-12-18 19:15:00,laliga,Leganes,Eibar,1,1,0.887175,0.821631,7.9,7.2,,
2016,3189,2016-12-18 21:30:00,laliga,Deportivo La Coruna,Osasuna,2,0,1.12829,0.426863,7.9,8.2,,
2016,3190,2016-12-18 23:45:00,laliga,Barcelona,Espanyol,4,1,2.9504,0.468152,8.3,7.1,,
2016,3191,2016-12-19 23:45:00,laliga,Athletic Club,Celta Vigo,2,1,1.74819,1.79023,8.0,8.2,,
2016,3884,2017-01-06 23:45:00,laliga,Espanyol,Deportivo La Coruna,1,1,1.51212,0.521167,19.0,19.1,,
2016,3885,2017-01-07 16:00:00,laliga,Real Madrid,Granada,5,0,4.18059,0.415223,27.7,20.8,,
2016,3886,2017-01-07 19:15:00,laliga,Eibar,Atletico Madrid,0,2,0.647669,1.08182,20.0,21.0,,
2016,3887,2017-01-07 21:30:00,laliga,Las Palmas,Sporting Gijon,1,0,2.50535,0.715563,21.1,21.2,,
2016,3888,2017-01-07 23:45:00,laliga,Real Sociedad,Sevilla,0,4,0.437028,1.78204,21.1,21.0,,
2016,3889,2017-01-08 15:00:00,laliga,Athletic Club,Alaves,0,0,1.15744,0.825588,19.6,22.6,,
2016,3890,2017-01-08 19:15:00,laliga,Real Betis,Leganes,2,0,1.4196,0.345675,22.8,21.0,,
2016,3891,2017-01-08 21:30:00,laliga,Celta Vigo,Malaga,3,1,1.81695,0.713817,19.9,21.9,,
2016,3892,2017-01-08 23:45:00,laliga,Villarreal,Barcelona,1,1,0.358089,1.07063,22.3,21.0,,
2016,3893,2017-01-09 23:45:00,laliga,Osasuna,Valencia,3,3,1.80424,1.45062,22.1,30.2,,
2016,3894,2017-01-14 16:00:00,laliga,Leganes,Athletic Club,0,0,1.61086,0.319775,5.9,6.0,,
2016,3895,2017-01-14 19:15:00,laliga,Barcelona,Las Palmas,5,0,3.95422,0.406868,5.8,6.9,,
2016,3896,2017-01-14 21:30:00,laliga,Atletico Madrid,Real Betis,1,0,0.880766,0.429648,7.1,6.1,,
2016,3897,2017-01-14 23:45:00,laliga,Deportivo La Coruna,Villarreal,0,0,0.523704,0.144553,8.0,6.0,,
2016,3898,2017-01-15 15:00:00,laliga,Valencia,Espanyol,2,1,1.85655,0.92331,5.6,8.6,,
2016,3899,2017-01-15 19:15:00,laliga,Celta Vigo,Alaves,1,0,1.4187,0.558191,6.9,7.2,,
2016,3900,2017-01-15 21:30:00,laliga,Sporting Gijon,Eibar,2,3,0.451995,2.47656,8.0,8.1,,
2016,3901,2017-01-15 21:30:00,laliga,Granada,Osasuna,1,1,1.66163,1.16305,8.2,5.9,,
2016,3902,2017-01-15 23:45:00,laliga,Sevilla,Real Madrid,2,1,0.452252,2.0699,8.0,8.3,,
2016,3903,2017-01-16 23:45:00,laliga,Malaga,Real Sociedad,0,2,0.67373,0.927504,8.1,9.0,,
2016,3904,2017-01-20 22:45:00,laliga,Las Palmas,Deportivo La Coruna,1,1,0.510785,0.329111,6.1,6.0,,
2016,3905,2017-01-21 15:00:00,laliga,Espanyol,Granada,3,1,0.833841,0.280737,6.0,5.7,,
2016,3906,2017-01-21 18:15:00,laliga,Real Madrid,Malaga,2,1,1.98978,0.399232,5.8,4.8,,
2016,3907,2017-01-21 20:30:00,laliga,Alaves,Leganes,2,2,1.00747,0.448681,6.1,7.2,,
2016,3908,2017-01-21 22:45:00,laliga,Villarreal,Valencia,0,2,1.21498,1.46798,7.0,6.3,,
2016,3909,2017-01-22 14:00:00,laliga,Osasuna,Sevilla,3,4,0.612007,1.16612,6.7,6.6,,
2016,3910,2017-01-22 18:15:00,laliga,Athletic Club,Atletico Madrid,2,2,0.67787,0.577363,8.1,7.9,,
2016,3911,2017-01-22 20:30:00,laliga,Real Betis,Sporting Gijon,0,0,1.22587,0.725506,8.0,7.0,,
2016,3913,2017-01-22 20:30:00,laliga,Real Sociedad,Celta Vigo,1,0,1.37408,0.664992,5.9,7.1,,
2016,3912,2017-01-22 22:45:00,laliga,Eibar,Barcelona,0,4,0.730002,2.43993,7.1,8.1,,
2016,3914,2017-01-27 22:45:00,laliga,Osasuna,Malaga,1,1,0.814611,1.86933,5.4,6.2,,
2016,3915,2017-01-28 15:00:00,laliga,Villarreal,Granada,2,0,2.4514,0.317825,6.7,7.0,,
2016,3916,2017-01-28 18:15:00,laliga,Alaves,Atletico Madrid,0,0,1.25495,0.320877,6.9,6.0,,
2016,3917,2017-01-28 20:30:00,laliga,Eibar,Deportivo La Coruna,3,1,1.44709,1.03408,5.9,7.9,,
2016,3918,2017-01-28 22:45:00,laliga,Leganes,Celta Vigo,0,2,0.665632,0.831373,7.1,6.1,,
2016,3919,2017-01-29 14:00:00,laliga,Real Betis,Barcelona,1,1,1.31719,1.12935,6.7,6.6,,
2016,3920,2017-01-29 18:15:00,laliga,Espanyol,Sevilla,3,1,2.12021,1.12576,8.1,7.2,,
2016,3921,2017-01-29 20:30:00,laliga,Athletic Club,Sporting Gijon,2,1,2.01155,0.989558,7.1,7.0,,
2016,3922,2017-01-29 22:45:00,laliga,Real Madrid,Real Sociedad,3,0,1.06592,0.250453,8.2,7.1,,
2016,3923,2017-01-30 22:45:00,laliga,Las Palmas,Valencia,3,1,0.864443,0.984988,10.0,9.0,,
2016,3931,2017-02-04 12:00:00,laliga,Malaga,Espanyol,0,1,1.46513,0.115172,7.6,5.7,,
2016,3926,2017-02-04 15:15:00,laliga,Barcelona,Athletic Club,3,0,1.54919,0.733014,6.1,5.8,,
2016,3933,2017-02-04 17:30:00,laliga,Atletico Madrid,Leganes,2,0,1.8677,0.725425,7.0,6.8,,
2016,3928,2017-02-04 19:45:00,laliga,Valencia,Eibar,0,4,0.870776,1.2508,4.9,7.0,,
2016,3930,2017-02-05 11:00:00,laliga,Sevilla,Villarreal,0,0,1.67146,0.999917,6.7,7.8,,
2016,3925,2017-02-05 15:15:00,laliga,Sporting Gijon,Alaves,2,4,1.10417,3.304,6.8,7.9,,
2016,3932,2017-02-05 17:30:00,laliga,Real Sociedad,Osasuna,3,2,1.00374,0.985019,6.8,8.8,,
2016,3929,2017-02-06 22:45:00,laliga,Granada,Las Palmas,1,0,0.545986,0.797005,9.3,7.0,,
2016,3942,2017-02-10 19:45:00,laliga,Espanyol,Real Sociedad,1,2,0.287829,0.957027,6.3,5.1,,
2016,3938,2017-02-11 12:00:00,laliga,Real Betis,Valencia,0,0,1.51524,0.291369,12.9,6.7,,
2016,3936,2017-02-11 15:15:00,laliga,Alaves,Barcelona,0,6,0.907655,2.96499,6.0,7.0,,
2016,3937,2017-02-11 17:30:00,laliga,Athletic Club,Deportivo La Coruna,2,1,1.73424,0.584147,7.1,13.9,,
2016,3934,2017-02-11 19:45:00,laliga,Osasuna,Real Madrid,1,3,0.891933,2.36434,6.1,12.9,,
2016,3941,2017-02-12 11:00:00,laliga,Villarreal,Malaga,1,1,1.12992,0.439488,7.0,8.0,,
2016,3935,2017-02-12 15:15:00,laliga,Leganes,Sporting Gijon,0,2,0.421338,0.172436,7.9,7.0,,
2016,3940,2017-02-12 17:30:00,laliga,Las Palmas,Sevilla,0,1,0.841648,1.41556,5.8,7.3,,
2016,3943,2017-02-12 19:45:00,laliga,Atletico Madrid,Celta Vigo,3,2,2.48076,1.47065,8.1,14.9,,
2016,3939,2017-02-13 19:45:00,laliga,Eibar,Granada,4,0,4.09351,0.67033,9.0,6.9,,
2016,3948,2017-02-17 19:45:00,laliga,Granada,Real Betis,4,1,1.56422,0.249724,4.0,6.3,,
2016,3953,2017-02-18 12:00:00,laliga,Sporting Gijon,Atletico Madrid,1,4,1.62573,2.49836,5.9,5.7,,
2016,3952,2017-02-18 15:15:00,laliga,Real Madrid,Espanyol,2,0,1.2723,0.070793,6.8,7.8,,
2016,3946,2017-02-18 17:30:00,laliga,Deportivo La Coruna,Alaves,0,1,1.57995,1.33904,7.0,7.1,,
2016,3949,2017-02-18 19:45:00,laliga,Sevilla,Eibar,2,0,1.81525,0.317281,6.1,5.0,,
2016,3951,2017-02-19 11:00:00,laliga,Real Sociedad,Villarreal,0,1,0.993635,0.998736,8.6,7.0,,
2016,3947,2017-02-19 15:15:00,laliga,Valencia,Athletic Club,2,0,1.47536,1.2272,8.1,7.9,,
2016,3944,2017-02-19 17:30:00,laliga,Celta Vigo,Osasuna,3,0,1.31171,0.476623,6.9,7.9,,
2016,3945,2017-02-19 19:45:00,laliga,Barcelona,Leganes,2,1,2.60098,0.840213,8.2,7.2,,
2016,3950,2017-02-20 19:45:00,laliga,Malaga,Las Palmas,2,1,2.39662,0.574955,8.4,8.1,,
2016,3954,2017-02-22 17:45:00,laliga,Valencia,Real Madrid,2,1,0.832853,0.99003,3.1,4.1,,
2016,3963,2017-02-24 19:45:00,laliga,Las Palmas,Real Sociedad,0,1,1.71708,0.900432,4.0,5.4,,
2016,3959,2017-02-25 12:00:00,laliga,Alaves,Valencia,2,1,1.33101,0.634332,6.8,2.8,,
2016,3957,2017-02-25 15:15:00,laliga,Real Betis,Sevilla,1,2,0.552998,1.94867,7.8,6.8,,
2016,3960,2017-02-25 17:30:00,laliga,Leganes,Deportivo La Coruna,4,0,0.743759,1.13768,5.9,7.0,,
2016,3964,2017-02-25 19:45:00,laliga,Eibar,Malaga,3,0,1.80008,0.136305,7.0,5.0,,
2016,3955,2017-02-26 11:00:00,laliga,Espanyol,Osasuna,3,0,2.0636,0.134311,7.8,6.7,,
2016,3956,2017-02-26 15:15:00,laliga,Atletico Madrid,Barcelona,1,2,0.775423,1.82536,8.1,6.8,,
2016,3958,2017-02-26 17:30:00,laliga,Athletic Club,Granada,3,1,1.72074,0.520455,7.1,8.9,,
2016,3961,2017-02-26 17:30:00,laliga,Sporting Gijon,Celta Vigo,1,1,2.32319,1.18161,8.2,7.0,,
2016,3962,2017-02-26 19:45:00,laliga,Villarreal,Real Madrid,2,3,1.12868,3.35567,7.4,4.1,,
2016,3974,2017-02-28 18:30:00,laliga,Real Sociedad,Eibar,2,2,1.97746,0.677011,3.9,2.9,,
2016,3970,2017-02-28 20:30:00,laliga,Valencia,Leganes,1,0,1.90734,0.0399313,3.4,3.1,,
2016,3973,2017-02-28 20:30:00,laliga,Malaga,Real Betis,1,2,1.00658,1.35901,3.0,3.2,,
2016,3966,2017-03-01 18:30:00,laliga,Osasuna,Villarreal,1,4,2.04719,2.12981,3.3,2.9,,
2016,3967,2017-03-01 18:30:00,laliga,Barcelona,Sporting Gijon,6,1,2.99036,1.07573,3.1,3.0,,
2016,3965,2017-03-01 20:30:00,laliga,Real Madrid,Las Palmas,3,3,3.09385,2.1904,3.0,5.0,,
2016,3968,2017-03-01 20:30:00,laliga,Celta Vigo,Espanyol,2,2,0.725904,0.46046,3.1,3.4,,
2016,3971,2017-03-01 20:30:00,laliga,Granada,Alaves,2,1,0.737167,1.09303,3.1,4.4,,
2016,3969,2017-03-02 19:45:00,laliga,Deportivo La Coruna,Atletico Madrid,1,1,1.23691,0.370998,5.1,4.2,,
2016,3972,2017-03-02 20:30:00,laliga,Sevilla,Athletic Club,1,0,1.76475,0.514869,5.2,4.1,,
2016,3981,2017-03-03 19:45:00,laliga,Real Betis,Real Sociedad,2,3,1.0855,0.586888,3.0,3.1,,
2016,3978,2017-03-04 12:00:00,laliga,Leganes,Granada,1,0,2.11012,0.0529013,3.6,2.6,,
2016,3982,2017-03-04 15:15:00,laliga,Eibar,Real Madrid,1,4,1.2014,2.0593,3.9,2.8,,
2016,3975,2017-03-04 17:30:00,laliga,Villarreal,Espanyol,2,0,1.62938,0.841776,3.0,2.9,,
2016,3984,2017-03-04 19:45:00,laliga,Barcelona,Celta Vigo,5,0,2.8423,0.71755,3.1,3.0,,
2016,3976,2017-03-05 11:00:00,laliga,Sporting Gijon,Deportivo La Coruna,0,1,0.924431,1.62631,3.7,2.6,,
2016,3977,2017-03-05 15:15:00,laliga,Atletico Madrid,Valencia,3,0,1.757,0.315344,2.8,4.8,,
2016,3983,2017-03-05 17:30:00,laliga,Las Palmas,Osasuna,5,2,1.52118,1.30591,3.9,4.0,,
2016,3980,2017-03-05 19:45:00,laliga,Athletic Club,Malaga,1,0,1.51926,0.786509,3.0,5.0,,
2016,3979,2017-03-06 19:45:00,laliga,Alaves,Sevilla,1,1,2.42054,0.532506,5.0,4.0,,
2016,3927,2017-03-08 17:45:00,laliga,Deportivo La Coruna,Real Betis,1,1,1.42173,0.569912,3.3,4.9,,
2016,3991,2017-03-10 19:45:00,laliga,Espanyol,Las Palmas,4,3,1.66149,1.21087,6.1,5.1,,
2016,3994,2017-03-11 12:00:00,laliga,Valencia,Sporting Gijon,1,1,2.10881,0.926125,5.9,6.0,,
2016,3987,2017-03-11 15:15:00,laliga,Sevilla,Leganes,1,1,1.35316,0.871554,4.8,7.1,,
2016,3993,2017-03-11 17:30:00,laliga,Malaga,Alaves,1,2,1.50045,0.625695,5.9,4.9,,
2016,3986,2017-03-11 19:45:00,laliga,Granada,Atletico Madrid,0,1,0.543405,1.63235,7.3,6.2,,
2016,3988,2017-03-12 11:00:00,laliga,Real Sociedad,Athletic Club,0,2,0.651635,1.90097,8.6,6.6,,
2016,3985,2017-03-12 15:15:00,laliga,Deportivo La Coruna,Barcelona,2,1,1.38936,1.50728,3.9,7.8,,
2016,3992,2017-03-12 17:30:00,laliga,Celta Vigo,Villarreal,0,1,0.5028,0.795635,7.9,8.0,,
2016,3989,2017-03-12 19:45:00,laliga,Real Madrid,Real Betis,2,1,1.00957,0.465085,8.2,4.1,,
2016,3990,2017-03-13 19:45:00,laliga,Osasuna,Eibar,1,1,1.29637,0.993742,8.1,9.2,,
2016,3996,2017-03-17 19:45:00,laliga,Las Palmas,Villarreal,1,0,1.57565,0.339418,7.0,5.1,,
2016,3995,2017-03-18 12:00:00,laliga,Eibar,Espanyol,1,1,0.917886,0.229115,4.7,7.7,,
2016,3999,2017-03-18 15:15:00,laliga,Athletic Club,Real Madrid,1,2,1.96298,2.09036,6.2,5.8,,
2016,4004,2017-03-18 17:30:00,laliga,Alaves,Real Sociedad,1,0,2.12281,0.418478,7.0,6.3,,
2016,3998,2017-03-18 19:45:00,laliga,Real Betis,Osasuna,2,0,1.90646,0.670991,6.0,5.0,,
2016,4000,2017-03-19 11:00:00,laliga,Leganes,Malaga,0,0,0.767247,0.380419,7.8,7.7,,
2016,4001,2017-03-19 15:15:00,laliga,Atletico Madrid,Sevilla,3,1,2.48581,0.499596,7.8,8.0,,
2016,3997,2017-03-19 17:30:00,laliga,Deportivo La Coruna,Celta Vigo,0,1,0.806674,0.868296,7.1,7.0,,
2016,4002,2017-03-19 17:30:00,laliga,Sporting Gijon,Granada,3,1,2.97883,1.16888,8.2,7.9,,
2016,4003,2017-03-19 19:45:00,laliga,Barcelona,Valencia,4,2,4.18605,1.02269,7.2,8.3,,
2016,4011,2017-03-31 19:45:00,laliga,Espanyol,Real Betis,2,1,0.434253,1.18318,13.3,13.0,,
2016,4012,2017-04-01 12:00:00,laliga,Villarreal,Eibar,2,3,1.21195,1.99175,14.7,14.0,,
2016,4010,2017-04-01 15:15:00,laliga,Osasuna,Athletic Club,1,2,0.536243,1.34566,13.8,14.0,,
2016,4009,2017-04-01 17:30:00,laliga,Real Sociedad,Leganes,1,1,1.53494,0.391696,14.0,13.3,,
2016,4008,2017-04-01 19:45:00,laliga,Malaga,Atletico Madrid,0,2,0.844668,1.05742,13.4,13.2,,
2016,4007,2017-04-02 11:00:00,laliga,Sevilla,Sporting Gijon,0,0,0.96799,0.26865,13.8,13.7,,
2016,4005,2017-04-02 15:15:00,laliga,Real Madrid,Alaves,3,0,1.54447,1.16793,15.0,14.9,,
2016,4006,2017-04-02 17:30:00,laliga,Valencia,Deportivo La Coruna,3,0,1.45999,1.54959,13.9,14.0,,
2016,4014,2017-04-02 19:45:00,laliga,Granada,Barcelona,1,4,0.513727,3.20394,14.1,14.0,,
2016,4013,2017-04-03 19:45:00,laliga,Celta Vigo,Las Palmas,3,1,1.96679,0.943845,15.1,17.0,,
2016,4021,2017-04-04 18:30:00,laliga,Athletic Club,Espanyol,2,0,2.30916,0.406301,3.1,3.9,,
2016,4016,2017-04-04 20:30:00,laliga,Real Betis,Villarreal,0,1,0.752025,1.45363,4.0,3.4,,
2016,4018,2017-04-04 20:30:00,laliga,Atletico Madrid,Real Sociedad,1,0,2.8366,0.354952,3.0,3.1,,
2016,4022,2017-04-05 18:30:00,laliga,Barcelona,Sevilla,3,0,1.12667,0.706087,2.9,3.3,,
2016,4020,2017-04-05 19:30:00,laliga,Alaves,Osasuna,0,1,0.640826,0.59864,3.2,4.2,,
2016,4023,2017-04-05 19:30:00,laliga,Sporting Gijon,Malaga,0,1,0.809443,0.556202,3.4,4.0,,
2016,4024,2017-04-05 19:30:00,laliga,Deportivo La Coruna,Granada,0,0,1.34824,0.409132,3.1,3.0,,
2016,4019,2017-04-05 20:30:00,laliga,Leganes,Real Madrid,2,4,1.67468,2.43202,4.1,3.2,,
2016,4015,2017-04-06 18:30:00,laliga,Eibar,Las Palmas,3,1,1.84235,0.811517,5.3,2.9,,
2016,4017,2017-04-06 20:30:00,laliga,Valencia,Celta Vigo,3,2,2.06746,1.68539,4.1,3.0,,
2016,4031,2017-04-07 19:45:00,laliga,Villarreal,Athletic Club,3,1,1.58988,0.771423,3.0,3.1,,
2016,4032,2017-04-08 12:00:00,laliga,Espanyol,Alaves,1,0,1.24148,0.345434,3.7,2.7,,
2016,4026,2017-04-08 15:15:00,laliga,Real Madrid,Atletico Madrid,1,1,1.35497,1.08371,2.8,3.8,,
2016,4029,2017-04-08 17:30:00,laliga,Sevilla,Deportivo La Coruna,4,2,3.09093,0.521612,3.0,2.9,,
2016,4028,2017-04-08 19:45:00,laliga,Malaga,Barcelona,2,0,1.26059,1.18346,3.0,3.1,,
2016,4033,2017-04-09 11:00:00,laliga,Granada,Valencia,1,3,0.726489,2.25028,3.6,2.6,,
2016,4025,2017-04-09 15:15:00,laliga,Celta Vigo,Eibar,0,2,0.626267,0.521772,2.8,2.9,,
2016,4030,2017-04-09 17:30:00,laliga,Osasuna,Leganes,2,1,1.58295,1.40274,3.9,3.9,,
2016,4034,2017-04-09 19:45:00,laliga,Las Palmas,Real Betis,4,1,2.25513,1.01656,3.1,5.0,,
2016,4027,2017-04-10 19:45:00,laliga,Real Sociedad,Sporting Gijon,3,1,1.98867,0.399035,6.0,5.0,,
2016,4042,2017-04-14 19:45:00,laliga,Athletic Club,Las Palmas,5,1,3.27145,0.665833,7.0,5.0,,
2016,4040,2017-04-15 12:00:00,laliga,Deportivo La Coruna,Malaga,2,0,0.97862,0.284772,6.8,6.7,,
2016,4038,2017-04-15 15:15:00,laliga,Sporting Gijon,Real Madrid,2,3,0.4652,1.66979,4.8,7.0,,
2016,4037,2017-04-15 17:30:00,laliga,Atletico Madrid,Osasuna,3,0,2.86312,0.117168,7.1,6.0,,
2016,4039,2017-04-15 19:45:00,laliga,Barcelona,Real Sociedad,3,2,3.1445,1.33399,7.0,5.0,,
2016,4044,2017-04-16 11:00:00,laliga,Leganes,Espanyol,0,1,0.544707,0.584488,6.7,8.0,,
2016,4035,2017-04-16 15:15:00,laliga,Valencia,Sevilla,0,0,0.764084,0.73681,7.2,7.9,,
2016,4036,2017-04-16 17:30:00,laliga,Real Betis,Eibar,2,0,0.309059,0.431666,6.9,7.1,,
2016,4043,2017-04-16 19:45:00,laliga,Granada,Celta Vigo,0,3,0.936087,1.79036,7.4,7.2,,
2016,4041,2017-04-17 19:45:00,laliga,Alaves,Villarreal,2,1,1.31518,1.33363,9.3,10.0,,
2016,4051,2017-04-21 20:00:00,laliga,Sevilla,Granada,2,0,3.39839,0.596929,5.2,5.0,,
2016,4050,2017-04-22 12:00:00,laliga,Malaga,Valencia,2,0,1.05969,1.36814,7.0,5.9,,
2016,4054,2017-04-22 15:15:00,laliga,Villarreal,Leganes,2,1,0.763096,0.747073,4.8,6.2,,
2016,4049,2017-04-22 17:30:00,laliga,Osasuna,Sporting Gijon,2,2,0.795145,2.22378,7.0,7.1,,
2016,4053,2017-04-22 19:45:00,laliga,Espanyol,Atletico Madrid,0,1,0.810026,0.868074,6.4,7.1,,
2016,4048,2017-04-23 11:00:00,laliga,Real Sociedad,Deportivo La Coruna,1,0,0.940566,0.299326,7.6,8.0,,
2016,4046,2017-04-23 15:15:00,laliga,Celta Vigo,Real Betis,0,1,0.67659,1.41484,6.8,6.9,,
2016,4045,2017-04-23 17:30:00,laliga,Las Palmas,Alaves,1,1,0.969015,0.488145,8.9,5.9,,
2016,4047,2017-04-23 19:45:00,laliga,Real Madrid,Barcelona,2,3,2.89974,2.06086,8.2,8.0,,
2016,4052,2017-04-24 19:45:00,laliga,Eibar,Athletic Club,0,1,0.249566,0.448314,8.1,10.0,,
2016,4059,2017-04-25 18:30:00,laliga,Sporting Gijon,Espanyol,1,1,0.552443,1.71263,3.0,2.9,,
2016,4056,2017-04-25 19:30:00,laliga,Granada,Malaga,0,2,0.0912526,1.24601,4.0,3.3,,
2016,4060,2017-04-25 20:30:00,laliga,Atletico Madrid,Villarreal,0,1,1.32237,0.857961,3.0,3.2,,
2016,4055,2017-04-26 18:30:00,laliga,Barcelona,Osasuna,7,1,3.74562,0.096291,2.9,4.0,,
2016,4057,2017-04-26 19:30:00,laliga,Valencia,Real Sociedad,2,3,2.32672,1.68807,4.3,3.4,,
2016,4061,2017-04-26 19:30:00,laliga,Leganes,Las Palmas,3,0,2.5676,0.116739,4.2,3.1,,
2016,4058,2017-04-26 20:30:00,laliga,Deportivo La Coruna,Real Madrid,2,6,1.39884,4.95101,3.4,3.0,,
2016,4062,2017-04-27 18:30:00,laliga,Alaves,Eibar,0,0,1.61616,0.164559,4.0,2.9,,
2016,4064,2017-04-27 19:30:00,laliga,Sevilla,Celta Vigo,2,1,2.31049,1.17988,6.0,4.2,,
2016,4063,2017-04-27 20:30:00,laliga,Athletic Club,Real Betis,2,1,2.56597,1.04653,3.0,4.2,,
2016,4070,2017-04-28 19:45:00,laliga,Villarreal,Sporting Gijon,3,1,3.91003,1.03449,3.0,3.1,,
2016,4067,2017-04-29 12:00:00,laliga,Real Sociedad,Granada,2,1,2.10139,0.589329,2.7,3.7,,
2016,4068,2017-04-29 15:15:00,laliga,Real Madrid,Valencia,2,1,2.41841,0.973391,2.8,2.8,,
2016,4071,2017-04-29 17:30:00,laliga,Las Palmas,Atletico Madrid,0,5,0.530853,2.6956,2.9,3.9,,
2016,4065,2017-04-29 19:45:00,laliga,Espanyol,Barcelona,0,3,0.531541,1.82376,4.1,3.1,,
2016,4069,2017-04-30 11:00:00,laliga,Osasuna,Deportivo La Coruna,2,2,1.45216,1.56321,3.7,3.6,,
2016,4074,2017-04-30 15:15:00,laliga,Real Betis,Alaves,1,4,0.615113,2.54109,2.8,2.9,,
2016,4072,2017-04-30 17:30:00,laliga,Eibar,Leganes,2,0,1.08114,0.893755,3.0,3.9,,
2016,4073,2017-04-30 19:45:00,laliga,Celta Vigo,Athletic Club,0,3,0.231412,2.1267,3.0,3.0,,
2016,4066,2017-05-01 20:00:00,laliga,Malaga,Sevilla,4,2,1.44919,1.55824,6.0,4.0,,
2016,4076,2017-05-05 20:00:00,laliga,Sevilla,Real Sociedad,1,1,1.0447,0.908736,4.0,6.3,,
2016,4080,2017-05-06 12:00:00,laliga,Sporting Gijon,Las Palmas,1,0,1.55328,0.298784,7.7,6.8,,
2016,4081,2017-05-06 15:15:00,laliga,Atletico Madrid,Eibar,1,0,1.30492,0.286692,6.9,5.9,,
2016,4075,2017-05-06 17:30:00,laliga,Barcelona,Villarreal,4,1,3.26258,1.17809,6.9,7.9,,
2016,4077,2017-05-06 19:45:00,laliga,Granada,Real Madrid,0,4,0.798168,4.01875,7.3,7.2,,
2016,4083,2017-05-07 11:00:00,laliga,Alaves,Athletic Club,1,0,0.327836,1.07917,6.8,6.6,,
2016,4078,2017-05-07 15:15:00,laliga,Valencia,Osasuna,4,1,3.01483,0.841795,8.0,7.2,,
2016,4079,2017-05-07 17:30:00,laliga,Deportivo La Coruna,Espanyol,1,2,1.58012,1.116,7.3,7.9,,
2016,4084,2017-05-07 19:45:00,laliga,Malaga,Celta Vigo,3,0,2.20858,0.582102,6.0,7.0,,
2016,4082,2017-05-08 19:45:00,laliga,Leganes,Real Betis,4,0,1.63794,0.596654,8.1,8.2,,
2016,4088,2017-05-13 15:00:00,laliga,Espanyol,Valencia,0,1,1.59622,0.481694,5.9,6.0,,
2016,4087,2017-05-13 17:30:00,laliga,Osasuna,Granada,2,1,2.1534,0.823768,6.1,6.9,,
2016,4093,2017-05-14 15:00:00,laliga,Alaves,Celta Vigo,3,1,1.45961,1.54197,7.2,6.8,,
2016,4085,2017-05-14 19:00:00,laliga,Las Palmas,Barcelona,1,4,0.614019,1.60991,8.3,8.1,,
2016,4086,2017-05-14 19:00:00,laliga,Real Madrid,Sevilla,4,1,1.89661,0.878236,8.0,9.0,,
2016,4089,2017-05-14 19:00:00,laliga,Villarreal,Deportivo La Coruna,0,0,1.5957,0.0795451,8.1,7.1,,
2016,4090,2017-05-14 19:00:00,laliga,Eibar,Sporting Gijon,0,1,0.516325,1.13134,8.2,8.3,,
2016,4091,2017-05-14 19:00:00,laliga,Real Betis,Atletico Madrid,1,1,0.489181,0.156793,6.0,8.2,,
2016,4092,2017-05-14 19:00:00,laliga,Athletic Club,Leganes,1,1,1.40486,0.533837,7.3,6.0,,
2016,4094,2017-05-14 19:00:00,laliga,Real Sociedad,Malaga,2,2,1.85706,1.08273,9.0,7.0,,
2016,3924,2017-05-17 20:00:00,laliga,Celta Vigo,Real Madrid,1,4,0.901276,3.64315,3.2,3.0,,
2016,4097,2017-05-19 19:45:00,laliga,Granada,Espanyol,1,2,0.649902,0.761851,6.1,6.2,,
2016,4102,2017-05-20 16:00:00,laliga,Sporting Gijon,Real Betis,2,2,1.27001,2.14979,5.9,5.9,,
2016,4100,2017-05-20 18:00:00,laliga,Leganes,Alaves,1,1,0.666963,1.44228,6.0,6.1,,
2016,4103,2017-05-20 18:00:00,laliga,Deportivo La Coruna,Las Palmas,3,0,1.56248,0.990264,6.0,6.0,,
2016,4098,2017-05-20 20:00:00,laliga,Sevilla,Osasuna,5,0,2.2749,0.240405,6.0,7.1,,
2016,4096,2017-05-21 15:45:00,laliga,Valencia,Villarreal,1,3,1.48798,0.932558,8.0,6.9,,
2016,4101,2017-05-21 15:45:00,laliga,Atletico Madrid,Athletic Club,3,1,3.08909,1.00363,6.9,6.9,,
2016,4104,2017-05-21 15:45:00,laliga,Celta Vigo,Real Sociedad,2,2,1.30693,1.43204,3.8,6.9,,
2016,4095,2017-05-21 19:00:00,laliga,Barcelona,Eibar,4,2,4.7816,0.8164,7.0,7.0,,
2016,4099,2017-05-21 19:00:00,laliga,Malaga,Real Madrid,0,2,1.16006,2.55304,7.0,4.0,,
2017,7879,2017-08-18 19:15:00,laliga,Leganes,Alaves,1,0,1.32428,0.993213,60.0,60.0,,
2017,7880,2017-08-18 21:15:00,laliga,Valencia,Las Palmas,1,0,1.60532,0.219158,60.0,60.0,,
2017,7881,2017-08-19 17:15:00,laliga,Celta Vigo,Real Sociedad,2,3,1.82363,1.97071,60.0,60.0,,
2017,7882,2017-08-19 19:15:00,laliga,Girona,Atletico Madrid,2,2,2.57496,0.847485,14.0,60.0,,
2017,7883,2017-08-19 21:15:00,laliga,Sevilla,Espanyol,1,1,2.52013,1.09286,60.0,60.0,,
2017,7884,2017-08-20 17:15:00,laliga,Athletic Club,Getafe,0,0,1.10938,0.335335,60.0,60.0,,
2017,7885,2017-08-20 19:15:00,laliga,Barcelona,Real Betis,2,0,1.30926,0.150503,60.0,60.0,,
2017,7886,2017-08-20 21:15:00,laliga,Deportivo La Coruna,Real Madrid,0,3,1.48262,2.38821,60.0,60.0,,
2017,7887,2017-08-21 19:15:00,laliga,Levante,Villarreal,1,0,1.27973,0.454109,60.0,60.0,,
2017,7888,2017-08-21 21:00:00,laliga,Malaga,Eibar,0,1,0.913442,1.4766,60.0,60.0,,
2017,7889,2017-08-25 19:15:00,laliga,Real Sociedad,Villarreal,3,0,2.80119,0.121682,6.1,4.0,,
2017,7890,2017-08-25 21:00:00,laliga,Real Betis,Celta Vigo,2,1,1.5432,0.261415,5.1,6.2,,
2017,7891,2017-08-26 17:15:00,laliga,Alaves,Barcelona,0,2,0.635924,2.68718,7.9,5.9,,
2017,7895,2017-08-26 19:15:00,laliga,Girona,Malaga,1,0,1.66954,0.325871,7.0,4.9,,
2017,7898,2017-08-26 19:15:00,laliga,Levante,Deportivo La Coruna,2,2,2.40085,0.814208,5.0,5.9,,
2017,7896,2017-08-26 21:15:00,laliga,Las Palmas,Atletico Madrid,1,5,1.38892,0.510608,8.0,7.1,,
2017,7892,2017-08-27 17:15:00,laliga,Espanyol,Leganes,0,1,1.29777,1.22097,7.8,8.9,,
2017,7894,2017-08-27 17:15:00,laliga,Eibar,Athletic Club,0,1,1.1133,1.35304,5.8,7.0,,
2017,7893,2017-08-27 19:15:00,laliga,Getafe,Sevilla,0,1,1.47212,1.21647,7.1,7.9,,
2017,7897,2017-08-27 21:15:00,laliga,Real Madrid,Valencia,2,2,3.38691,0.90594,7.0,9.0,,
2017,7904,2017-09-08 20:00:00,laliga,Leganes,Getafe,1,2,1.55919,0.392931,12.1,12.0,,
2017,7899,2017-09-09 12:00:00,laliga,Real Madrid,Levante,1,1,3.18354,0.757405,12.6,13.7,,
2017,7908,2017-09-09 15:15:00,laliga,Valencia,Atletico Madrid,0,0,0.702521,0.638366,12.8,13.8,,
2017,7905,2017-09-09 17:30:00,laliga,Sevilla,Eibar,3,0,2.84122,0.690659,12.9,13.0,,
2017,7903,2017-09-09 19:45:00,laliga,Barcelona,Espanyol,5,0,5.54505,0.752988,14.1,13.1,,
2017,7900,2017-09-10 11:00:00,laliga,Deportivo La Coruna,Real Sociedad,2,4,1.1079,2.02187,14.7,15.7,,
2017,7906,2017-09-10 15:15:00,laliga,Athletic Club,Girona,2,0,1.72422,0.314128,13.9,14.8,,
2017,7902,2017-09-10 17:30:00,laliga,Celta Vigo,Alaves,1,0,2.63491,0.491165,15.9,15.0,,
2017,7901,2017-09-10 19:45:00,laliga,Villarreal,Real Betis,3,1,1.59207,0.816093,16.0,15.9,,
2017,7907,2017-09-11 20:00:00,laliga,Malaga,Las Palmas,1,3,0.904978,1.89906,16.0,15.9,,
2017,7915,2017-09-16 06:00:00,laliga,Eibar,Leganes,1,0,0.383513,0.236029,6.5,7.4,,
2017,7909,2017-09-16 12:00:00,laliga,Levante,Valencia,1,1,0.939192,1.8854,7.0,6.9,,
2017,7914,2017-09-16 15:15:00,laliga,Getafe,Barcelona,1,2,0.956195,0.53587,7.8,6.8,,
2017,7911,2017-09-16 17:30:00,laliga,Real Betis,Deportivo La Coruna,2,1,2.73624,0.377717,5.9,6.3,,
2017,7918,2017-09-16 19:45:00,laliga,Atletico Madrid,Malaga,1,0,1.54645,0.438352,7.2,5.0,,
2017,7912,2017-09-17 11:00:00,laliga,Alaves,Villarreal,0,3,0.487809,2.14034,6.7,6.6,,
2017,7916,2017-09-17 15:15:00,laliga,Girona,Sevilla,0,1,1.90439,1.35514,7.0,7.9,,
2017,7917,2017-09-17 17:30:00,laliga,Las Palmas,Athletic Club,1,0,0.895334,1.10686,5.9,7.1,,
2017,7910,2017-09-17 19:45:00,laliga,Real Sociedad,Real Madrid,1,3,0.375385,2.88229,7.4,8.3,,
2017,7913,2017-09-18 20:00:00,laliga,Espanyol,Celta Vigo,2,1,0.707575,0.857512,9.0,8.1,,
2017,7928,2017-09-19 19:00:00,laliga,Valencia,Malaga,5,0,3.40858,0.817228,3.3,3.0,,
2017,7924,2017-09-19 21:00:00,laliga,Barcelona,Eibar,6,1,2.58774,0.962105,3.2,3.6,,
2017,7925,2017-09-20 19:00:00,laliga,Leganes,Girona,0,0,0.470624,1.24121,4.5,3.2,,
2017,7927,2017-09-20 19:00:00,laliga,Athletic Club,Atletico Madrid,1,2,1.715,2.30016,3.1,4.0,,
2017,7921,2017-09-20 20:00:00,laliga,Deportivo La Coruna,Alaves,1,0,1.93585,0.21606,4.1,3.4,,
2017,7920,2017-09-20 21:00:00,laliga,Real Madrid,Real Betis,0,1,3.39115,1.21251,3.1,4.1,,
2017,7926,2017-09-20 21:00:00,laliga,Sevilla,Las Palmas,1,0,1.38776,0.370691,3.2,3.1,,
2017,7922,2017-09-21 19:00:00,laliga,Villarreal,Espanyol,0,0,1.91885,0.992677,4.3,3.0,,
2017,7923,2017-09-21 20:00:00,laliga,Celta Vigo,Getafe,1,1,0.732797,0.743449,3.0,5.2,,
2017,7919,2017-09-21 21:00:00,laliga,Levante,Real Sociedad,3,0,1.78708,0.570261,5.4,4.1,,
2017,7937,2017-09-23 12:00:00,laliga,Atletico Madrid,Sevilla,2,0,1.54213,0.370195,2.7,2.6,,
2017,7931,2017-09-23 15:15:00,laliga,Alaves,Real Madrid,1,2,0.703287,2.7181,2.8,2.8,,
2017,7938,2017-09-23 17:30:00,laliga,Malaga,Athletic Club,3,3,2.36068,1.93264,3.9,2.9,,
2017,7935,2017-09-23 19:45:00,laliga,Girona,Barcelona,0,3,0.90657,1.28645,3.0,3.9,,
2017,7932,2017-09-24 11:00:00,laliga,Espanyol,Deportivo La Coruna,4,1,3.02613,1.40609,2.7,3.6,,
2017,7933,2017-09-24 15:15:00,laliga,Getafe,Villarreal,4,0,2.32209,1.04045,2.8,2.8,,
2017,7934,2017-09-24 17:30:00,laliga,Eibar,Celta Vigo,0,4,1.06999,1.13361,4.9,2.9,,
2017,7936,2017-09-24 17:30:00,laliga,Las Palmas,Leganes,0,2,0.855521,1.5876,3.9,3.9,,
2017,7929,2017-09-24 19:45:00,laliga,Real Sociedad,Valencia,2,3,1.25293,1.87637,2.9,5.0,,
2017,7930,2017-09-25 20:00:00,laliga,Real Betis,Levante,4,0,2.23701,0.383336,5.0,4.0,,
2017,7944,2017-09-29 20:00:00,laliga,Celta Vigo,Girona,3,3,2.56272,1.32391,5.1,6.0,,
2017,7942,2017-09-30 12:00:00,laliga,Deportivo La Coruna,Getafe,2,1,2.41777,1.54261,6.0,5.9,,
2017,7947,2017-09-30 15:15:00,laliga,Sevilla,Malaga,2,0,2.50129,0.429422,7.1,6.9,,
2017,7940,2017-09-30 17:30:00,laliga,Levante,Alaves,0,2,1.02629,2.5346,4.9,7.1,,
2017,7946,2017-09-30 19:45:00,laliga,Leganes,Atletico Madrid,0,0,0.421294,0.545341,6.1,7.3,,
2017,7939,2017-10-01 11:00:00,laliga,Real Sociedad,Real Betis,4,4,1.99991,2.06359,6.6,5.6,,
2017,7945,2017-10-01 15:15:00,laliga,Barcelona,Las Palmas,3,0,4.83674,0.684959,7.8,6.9,,
2017,7943,2017-10-01 17:30:00,laliga,Villarreal,Eibar,3,0,2.76075,0.539665,7.1,7.0,,
2017,7948,2017-10-01 17:30:00,laliga,Valencia,Athletic Club,3,2,2.6265,2.60881,6.9,8.0,,
2017,7941,2017-10-01 19:45:00,laliga,Real Madrid,Espanyol,2,0,3.02561,0.278294,8.2,7.4,,
2017,7952,2017-10-13 20:00:00,laliga,Espanyol,Levante,0,0,2.47349,0.91221,12.0,13.1,,
2017,7951,2017-10-14 12:00:00,laliga,Athletic Club,Sevilla,1,0,1.12259,1.79545,12.8,13.9,,
2017,7953,2017-10-14 15:15:00,laliga,Getafe,Real Madrid,1,2,0.855336,2.22268,14.1,12.8,,
2017,7950,2017-10-14 17:30:00,laliga,Alaves,Real Sociedad,0,2,0.544525,0.875381,14.0,13.3,,
2017,7957,2017-10-14 19:45:00,laliga,Atletico Madrid,Barcelona,1,1,0.334059,1.61922,14.0,13.2,,
2017,7954,2017-10-15 11:00:00,laliga,Eibar,Deportivo La Coruna,0,0,0.565592,0.470714,13.7,15.0,,
2017,7955,2017-10-15 15:15:00,laliga,Girona,Villarreal,1,2,1.77848,1.23084,15.8,13.9,,
2017,7958,2017-10-15 17:30:00,laliga,Malaga,Leganes,0,2,1.13838,1.93807,15.1,14.9,,
2017,7949,2017-10-15 19:45:00,laliga,Real Betis,Valencia,3,6,2.25048,1.95165,14.4,14.1,,
2017,7956,2017-10-16 20:00:00,laliga,Las Palmas,Celta Vigo,2,5,1.90333,1.68838,15.2,17.0,,
2017,7962,2017-10-21 12:00:00,laliga,Levante,Getafe,1,1,0.639709,0.822573,7.7,6.9,,
2017,7959,2017-10-21 15:15:00,laliga,Real Betis,Alaves,2,0,0.783724,0.618409,5.8,6.9,,
2017,7964,2017-10-21 17:30:00,laliga,Valencia,Sevilla,4,0,1.72867,0.879816,5.9,7.2,,
2017,7966,2017-10-21 19:45:00,laliga,Barcelona,Malaga,2,0,2.19062,0.629202,7.0,6.1,,
2017,7968,2017-10-22 11:00:00,laliga,Villarreal,Las Palmas,4,0,2.72022,0.823505,6.8,5.6,,
2017,7965,2017-10-22 17:30:00,laliga,Leganes,Athletic Club,1,0,0.800353,0.726155,7.0,8.2,,
2017,7961,2017-10-22 19:45:00,laliga,Real Madrid,Eibar,3,0,1.54139,0.359568,8.2,7.4,,
2017,7967,2017-10-23 01:15:00,laliga,Celta Vigo,Atletico Madrid,0,1,0.895385,1.14703,6.2,8.2,,
2017,7963,2017-10-23 19:00:00,laliga,Real Sociedad,Espanyol,1,1,1.33975,0.610458,9.1,10.0,,
2017,7960,2017-10-23 20:00:00,laliga,Deportivo La Coruna,Girona,1,2,1.93154,1.63012,8.4,8.2,,
2017,7969,2017-10-28 12:00:00,laliga,Alaves,Valencia,1,2,0.629433,1.06744,6.9,6.8,,
2017,7975,2017-10-28 17:30:00,laliga,Atletico Madrid,Villarreal,1,1,1.49933,0.678299,5.7,6.3,,
2017,7977,2017-10-28 19:45:00,laliga,Athletic Club,Barcelona,0,2,0.880742,2.49124,6.1,7.0,,
2017,7978,2017-10-28 21:30:00,laliga,Sevilla,Leganes,2,1,1.73468,1.02702,7.2,6.2,,
2017,7971,2017-10-29 11:00:00,laliga,Getafe,Real Sociedad,2,1,1.95098,1.14607,8.0,5.7,,
2017,7973,2017-10-29 15:15:00,laliga,Girona,Real Madrid,2,1,2.26046,1.58248,5.8,6.8,,
2017,7972,2017-10-29 17:30:00,laliga,Eibar,Levante,2,2,1.41711,0.90967,6.9,8.2,,
2017,7976,2017-10-29 19:45:00,laliga,Malaga,Celta Vigo,2,1,2.03731,1.07069,8.0,6.8,,
2017,7970,2017-10-30 20:00:00,laliga,Espanyol,Real Betis,1,0,0.731922,0.378493,7.0,9.2,,
2017,7974,2017-10-30 20:00:00,laliga,Las Palmas,Deportivo La Coruna,1,3,0.546481,1.90215,8.4,7.0,,
2017,7980,2017-11-03 20:00:00,laliga,Real Betis,Getafe,2,2,0.83579,0.828956,4.0,5.4,,
2017,7988,2017-11-04 12:00:00,laliga,Valencia,Leganes,3,0,2.31415,1.32036,7.0,6.6,,
2017,7984,2017-11-04 15:15:00,laliga,Deportivo La Coruna,Atletico Madrid,0,1,0.420272,0.493918,4.8,6.9,,
2017,7979,2017-11-04 17:30:00,laliga,Alaves,Espanyol,1,0,1.01634,0.684307,7.2,4.9,,
2017,7987,2017-11-05 03:45:00,laliga,Barcelona,Sevilla,2,1,1.95413,0.354156,7.3,7.3,,
2017,7982,2017-11-05 11:00:00,laliga,Levante,Girona,1,2,0.648662,1.61579,6.7,6.8,,
2017,7986,2017-11-05 15:15:00,laliga,Celta Vigo,Athletic Club,3,1,1.22047,1.26285,6.8,7.8,,
2017,7981,2017-11-05 17:30:00,laliga,Real Sociedad,Eibar,3,1,2.41358,0.275872,7.3,7.0,,
2017,7985,2017-11-05 17:30:00,laliga,Villarreal,Malaga,2,0,1.19462,0.594488,8.0,6.9,,
2017,7983,2017-11-05 19:45:00,laliga,Real Madrid,Las Palmas,3,0,2.53038,0.127029,7.2,6.0,,
2017,7992,2017-11-17 20:00:00,laliga,Girona,Real Sociedad,1,1,1.12751,1.34745,12.4,12.1,,
2017,7990,2017-11-18 12:00:00,laliga,Getafe,Alaves,4,1,4.07057,0.613023,14.7,13.8,,
2017,7998,2017-11-18 15:15:00,laliga,Leganes,Barcelona,0,3,1.3156,2.59365,14.1,13.5,,
2017,7997,2017-11-18 17:30:00,laliga,Sevilla,Celta Vigo,2,1,1.48193,2.34863,13.6,13.1,,
2017,7994,2017-11-18 19:45:00,laliga,Atletico Madrid,Real Madrid,0,0,0.745518,1.41229,14.2,13.0,,
2017,7995,2017-11-19 11:00:00,laliga,Malaga,Deportivo La Coruna,3,2,1.7392,1.29498,13.7,14.8,,
2017,7989,2017-11-19 15:15:00,laliga,Espanyol,Valencia,0,2,1.14765,1.27213,14.9,15.1,,
2017,7993,2017-11-19 17:30:00,laliga,Las Palmas,Levante,0,2,0.935842,1.0123,13.9,14.3,,
2017,7996,2017-11-19 19:45:00,laliga,Athletic Club,Villarreal,1,1,1.01556,1.41304,14.2,14.1,,
2017,7991,2017-11-20 20:00:00,laliga,Eibar,Real Betis,5,0,2.62321,0.689499,15.1,17.0,,
2017,8007,2017-11-24 20:00:00,laliga,Celta Vigo,Leganes,1,0,1.34321,0.907445,6.1,6.2,,
2017,8000,2017-11-25 12:00:00,laliga,Alaves,Eibar,1,2,0.401289,1.08957,7.0,4.7,,
2017,8004,2017-11-25 15:15:00,laliga,Real Madrid,Malaga,3,2,3.0172,0.540736,6.8,6.2,,
2017,8001,2017-11-25 17:30:00,laliga,Real Betis,Girona,2,2,1.20945,1.43823,4.9,7.9,,
2017,8003,2017-11-25 19:45:00,laliga,Levante,Atletico Madrid,0,5,1.15009,2.88458,6.1,7.0,,
2017,8005,2017-11-26 11:00:00,laliga,Deportivo La Coruna,Athletic Club,2,2,1.95643,1.59171,7.0,6.6,,
2017,8002,2017-11-26 15:15:00,laliga,Real Sociedad,Las Palmas,2,2,2.02953,2.05048,8.8,6.9,,
2017,8006,2017-11-26 17:30:00,laliga,Villarreal,Sevilla,2,3,2.07496,1.8245,6.9,8.0,,
2017,8008,2017-11-26 19:45:00,laliga,Valencia,Barcelona,1,1,1.30897,0.904581,7.2,8.2,,
2017,7999,2017-11-27 20:00:00,laliga,Espanyol,Getafe,1,0,1.26709,0.836933,8.2,9.3,,
2017,8014,2017-12-01 20:00:00,laliga,Malaga,Levante,0,0,0.863467,0.444647,6.2,6.0,,
2017,8018,2017-12-02 12:00:00,laliga,Barcelona,Celta Vigo,2,2,3.8047,1.54959,5.7,7.7,,
2017,8013,2017-12-02 15:15:00,laliga,Atletico Madrid,Real Sociedad,2,1,3.06079,1.81521,6.8,6.0,,
2017,8016,2017-12-02 17:30:00,laliga,Sevilla,Deportivo La Coruna,2,0,1.53443,0.658203,6.0,6.3,,
2017,8015,2017-12-02 19:45:00,laliga,Athletic Club,Real Madrid,0,0,1.34381,1.88247,6.4,7.2,,
2017,8017,2017-12-03 11:00:00,laliga,Leganes,Villarreal,3,1,1.22856,0.948796,8.6,6.7,,
2017,8009,2017-12-03 15:15:00,laliga,Getafe,Valencia,1,0,0.910193,0.615671,5.8,6.8,,
2017,8010,2017-12-03 17:30:00,laliga,Eibar,Espanyol,3,1,1.70062,0.266091,8.2,5.9,,
2017,8012,2017-12-03 19:45:00,laliga,Las Palmas,Real Betis,1,0,2.48469,0.35231,7.2,8.1,,
2017,8011,2017-12-04 20:00:00,laliga,Girona,Alaves,2,3,0.421084,1.71192,9.1,9.3,,
2017,8021,2017-12-08 20:00:00,laliga,Alaves,Las Palmas,2,0,3.731,0.279196,4.0,5.0,,
2017,8019,2017-12-09 12:00:00,laliga,Getafe,Eibar,0,0,0.267913,0.906043,5.9,5.8,,
2017,8025,2017-12-09 15:15:00,laliga,Real Madrid,Sevilla,5,0,3.5353,0.381749,6.8,6.9,,
2017,8026,2017-12-09 17:30:00,laliga,Deportivo La Coruna,Leganes,1,0,0.916437,0.118966,7.0,6.3,,
2017,8028,2017-12-09 19:45:00,laliga,Valencia,Celta Vigo,2,1,1.36901,1.12881,6.2,7.3,,
2017,8023,2017-12-10 11:00:00,laliga,Real Sociedad,Malaga,0,2,1.71766,1.85567,7.8,8.6,,
2017,8022,2017-12-10 15:15:00,laliga,Real Betis,Atletico Madrid,0,1,0.27905,0.789744,6.8,8.0,,
2017,8024,2017-12-10 17:30:00,laliga,Levante,Athletic Club,1,2,1.1149,1.98411,8.9,7.9,,
2017,8027,2017-12-10 19:45:00,laliga,Villarreal,Barcelona,0,2,0.677295,3.67543,7.4,8.3,,
2017,8020,2017-12-11 20:00:00,laliga,Espanyol,Girona,0,1,0.348241,1.5012,8.1,7.0,,
2017,8036,2017-12-15 20:00:00,laliga,Sevilla,Levante,0,0,2.43666,1.11964,6.2,5.1,,
2017,8035,2017-12-16 15:15:00,laliga,Athletic Club,Real Sociedad,0,0,0.880943,0.474349,5.9,6.2,,
2017,8031,2017-12-16 17:30:00,laliga,Eibar,Valencia,2,1,0.808252,1.09896,7.2,6.9,,
2017,8034,2017-12-16 19:45:00,laliga,Atletico Madrid,Alaves,1,0,1.04076,0.566869,6.2,8.0,,
2017,8032,2017-12-17 11:00:00,laliga,Girona,Getafe,1,0,0.372216,0.263352,5.6,8.0,,
2017,8030,2017-12-17 15:15:00,laliga,Celta Vigo,Villarreal,0,1,0.882659,0.692275,7.8,6.8,,
2017,8033,2017-12-17 17:30:00,laliga,Las Palmas,Espanyol,2,2,1.47394,2.13177,8.9,5.9,,
2017,8038,2017-12-17 19:45:00,laliga,Barcelona,Deportivo La Coruna,4,0,6.46701,0.276894,7.0,8.1,,
2017,8029,2017-12-18 20:00:00,laliga,Malaga,Real Betis,0,2,1.07205,1.97464,8.4,8.2,,
2017,8045,2017-12-19 20:30:00,laliga,Levante,Leganes,0,0,0.841442,0.282363,4.0,10.1,,
2017,8040,2017-12-20 18:30:00,laliga,Getafe,Las Palmas,2,0,2.9282,1.89353,3.3,3.0,,
2017,8044,2017-12-20 20:30:00,laliga,Real Sociedad,Sevilla,3,1,1.86402,0.304282,4.2,5.0,,
2017,8039,2017-12-21 18:30:00,laliga,Eibar,Girona,4,1,2.47814,0.343595,5.0,4.3,,
2017,8042,2017-12-21 20:30:00,laliga,Alaves,Malaga,1,0,2.132,0.299907,5.0,3.0,,
2017,8043,2017-12-22 18:30:00,laliga,Real Betis,Athletic Club,0,2,1.26749,3.01564,3.9,6.1,,
2017,8041,2017-12-22 20:30:00,laliga,Espanyol,Atletico Madrid,1,0,0.932545,0.798417,5.1,6.0,,
2017,8046,2017-12-23 12:00:00,laliga,Real Madrid,Barcelona,0,3,1.30012,3.70518,13.9,5.7,,
2017,8048,2017-12-23 15:15:00,laliga,Valencia,Villarreal,0,1,2.07887,1.11044,6.9,6.0,,
2017,8047,2017-12-23 17:30:00,laliga,Deportivo La Coruna,Celta Vigo,1,3,1.79279,1.56341,5.9,6.1,,
2017,8050,2018-01-06 12:00:00,laliga,Atletico Madrid,Getafe,2,0,1.45814,0.977635,14.6,16.7,,
2017,8058,2018-01-06 15:15:00,laliga,Valencia,Girona,2,1,1.59323,1.67431,14.0,15.9,,
2017,8049,2018-01-06 17:30:00,laliga,Las Palmas,Eibar,1,2,0.909208,1.69025,17.0,16.0,,
2017,8053,2018-01-06 19:45:00,laliga,Sevilla,Real Betis,3,5,1.29186,1.6433,17.0,15.1,,
2017,8054,2018-01-07 11:00:00,laliga,Leganes,Real Sociedad,1,0,0.975475,0.711808,18.6,17.6,,
2017,8055,2018-01-07 15:15:00,laliga,Barcelona,Levante,3,0,2.11533,0.675841,15.1,18.8,,
2017,8052,2018-01-07 17:30:00,laliga,Athletic Club,Alaves,2,0,2.55044,0.232281,16.0,16.9,,
2017,8057,2018-01-07 17:30:00,laliga,Villarreal,Deportivo La Coruna,1,1,1.33873,1.81782,15.1,15.0,,
2017,8056,2018-01-07 19:45:00,laliga,Celta Vigo,Real Madrid,2,2,2.01847,1.95926,15.1,15.3,,
2017,8051,2018-01-08 20:00:00,laliga,Malaga,Espanyol,0,1,1.10377,0.300209,18.0,17.0,,
2017,8068,2018-01-12 20:00:00,laliga,Getafe,Malaga,1,0,1.37242,0.378534,6.3,4.0,,
2017,8066,2018-01-13 12:00:00,laliga,Girona,Las Palmas,6,0,3.86809,0.142552,6.9,6.8,,
2017,8060,2018-01-13 15:15:00,laliga,Real Madrid,Villarreal,0,1,2.3468,0.858724,5.8,5.9,,
2017,8067,2018-01-13 17:30:00,laliga,Eibar,Atletico Madrid,0,1,0.922091,1.68244,7.0,7.2,,
2017,8061,2018-01-13 19:45:00,laliga,Deportivo La Coruna,Valencia,1,2,1.78725,0.608761,6.1,7.2,,
2017,8059,2018-01-14 11:00:00,laliga,Levante,Celta Vigo,0,1,1.87325,0.294559,6.8,6.6,,
2017,8063,2018-01-14 15:15:00,laliga,Alaves,Sevilla,1,0,0.607306,0.799343,6.9,7.8,,
2017,8062,2018-01-14 17:30:00,laliga,Espanyol,Athletic Club,1,1,0.540004,1.22268,5.9,7.0,,
2017,8065,2018-01-14 19:45:00,laliga,Real Sociedad,Barcelona,2,4,0.781446,1.25295,7.4,7.2,,
2017,8064,2018-01-15 20:00:00,laliga,Real Betis,Leganes,3,2,2.00661,1.76719,9.0,8.4,,
2017,8073,2018-01-19 20:00:00,laliga,Getafe,Athletic Club,2,2,3.76973,1.39419,7.0,5.1,,
2017,8072,2018-01-20 12:00:00,laliga,Espanyol,Sevilla,0,3,1.09365,1.54864,5.8,5.9,,
2017,8070,2018-01-20 15:15:00,laliga,Atletico Madrid,Girona,1,1,1.37281,0.782125,6.9,7.1,,
2017,8076,2018-01-20 17:30:00,laliga,Villarreal,Levante,2,1,3.14327,1.18009,7.1,6.3,,
2017,8069,2018-01-20 19:45:00,laliga,Las Palmas,Valencia,2,1,3.28795,1.94919,7.3,7.0,,
2017,8075,2018-01-21 11:00:00,laliga,Alaves,Leganes,2,2,1.75269,1.41663,6.8,5.6,,
2017,8078,2018-01-21 15:15:00,laliga,Real Madrid,Deportivo La Coruna,7,1,3.18339,1.84318,8.0,7.8,,
2017,8077,2018-01-21 17:30:00,laliga,Real Sociedad,Celta Vigo,1,2,2.06555,1.4667,6.9,7.3,,
2017,8074,2018-01-21 19:45:00,laliga,Real Betis,Barcelona,0,5,0.313941,2.50628,6.0,7.0,,
2017,8071,2018-01-22 20:00:00,laliga,Eibar,Malaga,1,1,1.43961,1.36627,9.1,10.0,,
2017,8082,2018-01-26 20:00:00,laliga,Athletic Club,Eibar,1,1,1.70978,0.488401,7.0,4.0,,
2017,8087,2018-01-27 00:00:00,laliga,Deportivo La Coruna,Levante,2,2,1.21181,1.06092,5.4,6.3,,
2017,8088,2018-01-27 15:15:00,laliga,Valencia,Real Madrid,1,4,1.41068,2.70685,6.8,6.0,,
2017,8085,2018-01-27 17:30:00,laliga,Malaga,Girona,0,0,0.717136,0.694387,4.9,7.1,,
2017,8079,2018-01-27 19:45:00,laliga,Villarreal,Real Sociedad,4,2,2.2933,0.904787,7.1,6.1,,
2017,8084,2018-01-28 00:00:00,laliga,Leganes,Espanyol,3,2,0.781967,1.40084,6.5,7.5,,
2017,8086,2018-01-28 15:15:00,laliga,Atletico Madrid,Las Palmas,3,0,3.50759,0.454004,8.0,7.8,,
2017,8083,2018-01-28 17:30:00,laliga,Sevilla,Getafe,1,1,1.77022,0.780113,8.2,8.9,,
2017,8081,2018-01-28 19:45:00,laliga,Barcelona,Alaves,2,1,2.08908,1.03397,7.0,7.4,,
2017,8080,2018-01-29 20:00:00,laliga,Celta Vigo,Real Betis,3,2,2.74078,1.29797,8.1,8.0,,
2017,8090,2018-02-02 20:00:00,laliga,Real Sociedad,Deportivo La Coruna,5,0,2.92272,0.215196,6.0,6.8,,
2017,8095,2018-02-03 12:00:00,laliga,Eibar,Sevilla,5,1,1.71804,1.72858,7.7,5.8,,
2017,8091,2018-02-03 15:15:00,laliga,Real Betis,Villarreal,2,1,0.532665,1.40361,4.8,6.8,,
2017,8092,2018-02-03 17:30:00,laliga,Alaves,Celta Vigo,2,1,1.20482,1.29603,5.9,4.9,,
2017,8089,2018-02-03 19:45:00,laliga,Levante,Real Madrid,2,2,1.31943,1.31592,7.8,7.2,,
2017,8094,2018-02-04 11:00:00,laliga,Getafe,Leganes,0,0,1.08542,0.0976659,6.7,7.5,,
2017,8093,2018-02-04 15:15:00,laliga,Espanyol,Barcelona,1,1,0.928257,0.709587,7.6,6.8,,
2017,8096,2018-02-04 17:30:00,laliga,Girona,Athletic Club,2,0,3.07987,0.352756,8.0,8.9,,
2017,8098,2018-02-04 19:45:00,laliga,Atletico Madrid,Valencia,1,0,0.59761,0.324134,7.2,8.2,,
2017,8097,2018-02-05 20:00:00,laliga,Las Palmas,Malaga,1,0,0.305749,0.838368,8.2,9.1,,
2017,8107,2018-02-09 20:00:00,laliga,Athletic Club,Las Palmas,0,0,0.651789,0.351625,5.1,4.0,,
2017,8102,2018-02-10 12:00:00,laliga,Villarreal,Alaves,1,2,1.9855,0.786699,6.9,6.8,,
2017,8108,2018-02-10 15:15:00,laliga,Malaga,Atletico Madrid,0,1,0.412228,0.507754,4.8,5.8,,
2017,8105,2018-02-10 17:30:00,laliga,Leganes,Eibar,0,1,0.106979,1.47183,6.3,7.2,,
2017,8100,2018-02-10 19:45:00,laliga,Real Madrid,Real Sociedad,5,2,5.307,0.981956,7.0,8.0,,
2017,8106,2018-02-11 11:00:00,laliga,Sevilla,Girona,1,0,2.27801,1.58043,8.0,6.7,,
2017,8104,2018-02-11 15:15:00,laliga,Barcelona,Getafe,0,0,0.988899,0.333177,7.0,7.2,,
2017,8103,2018-02-11 17:30:00,laliga,Celta Vigo,Espanyol,2,2,2.33191,0.241607,8.0,7.1,,
2017,8099,2018-02-11 19:45:00,laliga,Valencia,Levante,3,1,3.84966,0.188016,7.0,8.0,,
2017,8101,2018-02-12 20:00:00,laliga,Deportivo La Coruna,Real Betis,0,1,1.2907,0.867811,10.0,9.2,,
2017,8117,2018-02-16 20:00:00,laliga,Girona,Leganes,3,0,1.35489,0.596666,5.4,6.1,,
2017,8118,2018-02-17 12:00:00,laliga,Las Palmas,Sevilla,1,2,1.07811,2.84337,7.7,6.0,,
2017,8114,2018-02-17 15:15:00,laliga,Eibar,Barcelona,0,2,0.511918,2.55934,6.9,6.0,,
2017,8111,2018-02-17 17:30:00,laliga,Alaves,Deportivo La Coruna,1,0,0.591477,0.192999,7.2,4.9,,
2017,8116,2018-02-17 19:45:00,laliga,Malaga,Valencia,1,2,1.14716,1.18698,7.2,6.0,,
2017,8109,2018-02-18 11:00:00,laliga,Real Sociedad,Levante,3,0,2.19468,0.636405,7.6,6.6,,
2017,8115,2018-02-18 15:15:00,laliga,Atletico Madrid,Athletic Club,2,0,0.916751,0.192651,8.0,8.8,,
2017,8112,2018-02-18 17:30:00,laliga,Espanyol,Villarreal,1,1,1.28201,1.15691,7.0,8.2,,
2017,8110,2018-02-18 19:45:00,laliga,Real Betis,Real Madrid,3,5,2.46741,1.84168,6.0,8.0,,
2017,8113,2018-02-19 20:00:00,laliga,Getafe,Celta Vigo,3,0,1.57227,0.0813122,8.2,8.1,,
2017,8037,2018-02-21 17:45:00,laliga,Leganes,Real Madrid,1,3,1.18808,1.95404,4.9,2.9,,
2017,8125,2018-02-23 20:00:00,laliga,Deportivo La Coruna,Espanyol,0,0,1.76399,0.373435,6.1,5.1,,
2017,8123,2018-02-24 12:00:00,laliga,Celta Vigo,Eibar,2,0,1.47741,1.7577,4.7,6.9,,
2017,8120,2018-02-24 15:15:00,laliga,Real Madrid,Alaves,4,0,3.51278,0.615652,2.9,6.9,,
2017,8128,2018-02-24 17:30:00,laliga,Leganes,Las Palmas,0,0,1.52021,0.131187,3.0,7.2,,
2017,8122,2018-02-24 19:45:00,laliga,Barcelona,Girona,6,1,3.0399,0.756525,7.2,8.0,,
2017,8124,2018-02-25 11:00:00,laliga,Villarreal,Getafe,1,0,1.02578,1.56032,6.7,5.6,,
2017,8126,2018-02-25 15:15:00,laliga,Athletic Club,Malaga,2,1,0.620357,1.38648,7.0,7.8,,
2017,8119,2018-02-25 17:30:00,laliga,Valencia,Real Sociedad,2,1,1.76569,0.592783,7.9,7.3,,
2017,8127,2018-02-25 19:45:00,laliga,Sevilla,Atletico Madrid,2,5,1.06166,3.05248,8.3,7.2,,
2017,8121,2018-02-26 20:00:00,laliga,Levante,Real Betis,0,2,0.82656,2.03465,8.4,8.0,,
2017,8133,2018-02-27 19:00:00,laliga,Espanyol,Real Madrid,1,0,0.787948,1.10507,4.0,3.2,,
2017,8132,2018-02-27 20:30:00,laliga,Girona,Celta Vigo,1,0,1.25486,0.418862,3.0,3.4,,
2017,8130,2018-02-28 18:30:00,laliga,Getafe,Deportivo La Coruna,3,0,1.95067,0.325781,3.3,4.9,,
2017,8136,2018-02-28 18:30:00,laliga,Athletic Club,Valencia,1,1,1.91273,0.195723,3.1,3.0,,
2017,8137,2018-02-28 18:30:00,laliga,Malaga,Sevilla,0,1,0.295635,0.896695,3.1,2.9,,
2017,8131,2018-02-28 20:30:00,laliga,Eibar,Villarreal,1,0,1.00403,0.510311,4.4,3.4,,
2017,8135,2018-02-28 20:30:00,laliga,Atletico Madrid,Leganes,4,0,2.69704,0.754304,3.0,4.1,,
2017,8129,2018-03-01 18:30:00,laliga,Real Betis,Real Sociedad,0,0,0.353891,0.399624,2.9,4.0,,
2017,8138,2018-03-01 20:00:00,laliga,Las Palmas,Barcelona,1,1,1.44343,1.09273,5.1,5.0,,
2017,8134,2018-03-01 20:30:00,laliga,Alaves,Levante,1,0,2.28032,0.290231,5.2,3.0,,
2017,8144,2018-03-03 12:00:00,laliga,Villarreal,Girona,0,2,0.546004,0.295862,2.6,3.6,,
2017,8148,2018-03-03 15:15:00,laliga,Sevilla,Athletic Club,2,0,2.46092,0.513503,2.9,2.9,,
2017,8143,2018-03-03 17:30:00,laliga,Deportivo La Coruna,Eibar,1,1,1.24866,0.601828,3.0,2.9,,
2017,8147,2018-03-03 17:30:00,laliga,Leganes,Malaga,2,0,1.0368,0.521384,2.9,3.0,,
2017,8142,2018-03-03 19:45:00,laliga,Real Madrid,Getafe,3,1,2.0181,0.840741,4.0,3.1,,
2017,8141,2018-03-04 11:00:00,laliga,Levante,Espanyol,1,1,2.04187,1.06127,2.6,4.7,,
2017,8146,2018-03-04 15:15:00,laliga,Barcelona,Atletico Madrid,1,0,0.808635,0.158837,2.8,3.8,,
2017,8140,2018-03-04 17:30:00,laliga,Real Sociedad,Alaves,2,1,1.93124,0.370822,3.0,2.9,,
2017,8139,2018-03-04 19:45:00,laliga,Valencia,Real Betis,2,0,1.12897,0.36952,4.1,3.1,,
2017,8145,2018-03-05 20:00:00,laliga,Celta Vigo,Las Palmas,2,1,1.49597,0.729207,6.0,4.0,,
2017,8153,2018-03-09 20:00:00,laliga,Girona,Deportivo La Coruna,2,0,1.03867,0.703693,6.3,6.1,,
2017,8152,2018-03-10 12:00:00,laliga,Eibar,Real Madrid,1,2,1.39288,1.79681,6.8,6.7,,
2017,8158,2018-03-10 15:15:00,laliga,Sevilla,Valencia,0,2,1.10014,1.13005,7.0,5.8,,
2017,8151,2018-03-10 17:30:00,laliga,Getafe,Levante,0,1,1.60766,0.800471,6.9,6.3,,
2017,8156,2018-03-10 19:45:00,laliga,Malaga,Barcelona,0,2,0.541391,2.42399,7.1,6.2,,
2017,8150,2018-03-11 11:00:00,laliga,Espanyol,Real Sociedad,2,1,2.49193,0.947318,7.0,6.7,,
2017,8155,2018-03-11 15:15:00,laliga,Atletico Madrid,Celta Vigo,3,0,1.6219,0.87523,7.0,5.8,,
2017,8154,2018-03-11 17:30:00,laliga,Las Palmas,Villarreal,0,2,1.02723,2.62384,5.9,8.2,,
2017,8157,2018-03-11 19:45:00,laliga,Athletic Club,Leganes,2,0,1.26084,1.34791,8.2,8.1,,
2017,8149,2018-03-12 20:00:00,laliga,Alaves,Real Betis,1,3,0.783255,1.71568,8.1,8.0,,
2017,8162,2018-03-16 20:00:00,laliga,Levante,Eibar,2,1,1.71343,1.91049,6.1,6.3,,
2017,8164,2018-03-17 12:00:00,laliga,Deportivo La Coruna,Las Palmas,1,1,1.26948,0.310044,7.7,5.8,,
2017,8159,2018-03-17 15:15:00,laliga,Valencia,Alaves,3,1,2.69263,1.24894,7.0,4.8,,
2017,8161,2018-03-17 17:30:00,laliga,Real Sociedad,Getafe,1,2,0.424264,0.80265,6.3,7.0,,
2017,8160,2018-03-17 19:45:00,laliga,Real Betis,Espanyol,3,0,0.756102,0.175768,5.0,6.4,,
2017,8168,2018-03-18 11:00:00,laliga,Leganes,Sevilla,2,1,1.73518,0.452713,6.6,7.8,,
2017,8167,2018-03-18 15:15:00,laliga,Barcelona,Athletic Club,2,0,2.93887,0.9045,7.8,6.8,,
2017,8165,2018-03-18 17:30:00,laliga,Villarreal,Atletico Madrid,2,1,1.39436,1.16223,7.0,7.1,,
2017,8166,2018-03-18 17:30:00,laliga,Celta Vigo,Malaga,0,0,1.38296,0.483684,7.1,7.9,,
2017,8163,2018-03-18 19:45:00,laliga,Real Madrid,Girona,6,3,3.51065,1.69932,8.3,9.0,,
2017,8172,2018-03-31 00:00:00,laliga,Girona,Levante,1,1,0.922091,1.91933,12.2,14.2,,
2017,8173,2018-03-31 00:00:00,laliga,Las Palmas,Real Madrid,0,3,0.91426,3.88382,13.5,12.2,,
2017,8176,2018-03-31 00:00:00,laliga,Athletic Club,Celta Vigo,1,1,1.85897,0.487787,12.4,12.3,,
2017,8177,2018-03-31 00:00:00,laliga,Sevilla,Barcelona,2,2,3.6851,1.48888,12.5,12.4,,
2017,8169,2018-04-01 11:00:00,laliga,Espanyol,Alaves,0,0,0.638324,0.537352,14.6,14.8,,
2017,8178,2018-04-01 15:15:00,laliga,Leganes,Valencia,0,1,0.824763,0.0824376,14.2,15.0,,
2017,8171,2018-04-01 17:30:00,laliga,Eibar,Real Sociedad,0,0,0.54378,0.711691,15.9,15.0,,
2017,8175,2018-04-01 17:30:00,laliga,Malaga,Villarreal,1,0,1.53768,0.374247,14.0,14.0,,
2017,8174,2018-04-01 19:45:00,laliga,Atletico Madrid,Deportivo La Coruna,1,0,1.41638,1.05793,14.1,15.3,,
2017,8170,2018-04-02 20:00:00,laliga,Getafe,Real Betis,0,1,1.8449,0.792933,16.1,16.0,,
2017,8180,2018-04-06 19:00:00,laliga,Deportivo La Coruna,Malaga,3,2,2.38294,0.66021,5.0,5.1,,
2017,8184,2018-04-07 11:00:00,laliga,Alaves,Getafe,2,0,1.48909,0.881652,6.0,4.6,,
2017,8179,2018-04-07 14:15:00,laliga,Celta Vigo,Sevilla,4,0,2.31598,1.74101,7.6,7.6,,
2017,8185,2018-04-07 16:30:00,laliga,Real Betis,Eibar,2,0,2.26948,0.500493,4.9,6.0,,
2017,8182,2018-04-07 18:45:00,laliga,Barcelona,Leganes,3,1,2.70223,0.64842,7.8,6.1,,
2017,8187,2018-04-08 10:00:00,laliga,Levante,Las Palmas,2,1,1.83153,1.55654,8.4,8.4,,
2017,8188,2018-04-08 14:15:00,laliga,Real Madrid,Atletico Madrid,1,1,2.34722,1.29841,8.6,6.8,,
2017,8186,2018-04-08 16:30:00,laliga,Real Sociedad,Girona,5,0,3.53372,0.592456,7.0,8.7,,
2017,8183,2018-04-08 18:45:00,laliga,Valencia,Espanyol,1,0,1.99031,1.15464,7.1,7.3,,
2017,8181,2018-04-09 19:00:00,laliga,Villarreal,Athletic Club,1,3,0.559924,3.71849,8.1,9.8,,
2017,8191,2018-04-13 19:00:00,laliga,Girona,Real Betis,0,1,0.457016,1.37059,5.1,6.1,,
2017,8196,2018-04-14 11:00:00,laliga,Sevilla,Villarreal,2,2,1.8496,1.13249,6.9,4.7,,
2017,8197,2018-04-14 14:15:00,laliga,Barcelona,Valencia,2,1,1.95235,2.24116,6.8,5.8,,
2017,8192,2018-04-14 16:30:00,laliga,Las Palmas,Real Sociedad,0,1,0.706793,3.17928,6.3,6.0,,
2017,8198,2018-04-14 16:30:00,laliga,Leganes,Celta Vigo,1,0,1.74594,0.791146,6.9,7.1,,
2017,8195,2018-04-14 18:45:00,laliga,Athletic Club,Deportivo La Coruna,2,3,0.765312,1.29636,5.0,8.0,,
2017,8190,2018-04-15 10:00:00,laliga,Eibar,Alaves,0,1,1.2615,0.118099,7.7,8.0,,
2017,8193,2018-04-15 14:15:00,laliga,Atletico Madrid,Levante,3,0,1.12328,0.675734,7.0,7.2,,
2017,8189,2018-04-15 16:30:00,laliga,Getafe,Espanyol,1,0,0.696539,0.515034,8.2,6.9,,
2017,8194,2018-04-15 18:45:00,laliga,Malaga,Real Madrid,1,2,1.18107,2.29821,9.0,7.2,,
2017,8206,2018-04-17 17:30:00,laliga,Deportivo La Coruna,Sevilla,0,0,1.897,1.79029,2.9,3.3,,
2017,8208,2018-04-17 19:00:00,laliga,Celta Vigo,Barcelona,2,2,3.39681,2.27463,3.1,3.2,,
2017,8207,2018-04-17 19:30:00,laliga,Villarreal,Leganes,2,1,1.38187,0.206095,3.4,3.1,,
2017,8199,2018-04-18 17:30:00,laliga,Espanyol,Eibar,0,1,0.472484,0.287037,3.0,3.3,,
2017,8200,2018-04-18 17:30:00,laliga,Valencia,Getafe,1,2,0.840314,0.535543,4.1,3.0,,
2017,8205,2018-04-18 19:30:00,laliga,Real Madrid,Athletic Club,1,1,1.42965,0.929328,3.0,4.0,,
2017,8202,2018-04-19 17:30:00,laliga,Real Sociedad,Atletico Madrid,3,0,0.806834,0.463384,5.0,4.1,,
2017,8204,2018-04-19 17:30:00,laliga,Alaves,Girona,1,2,0.908885,1.7941,4.3,5.9,,
2017,8201,2018-04-19 19:30:00,laliga,Levante,Malaga,1,0,1.28691,0.547059,4.2,4.0,,
2017,8203,2018-04-19 19:30:00,laliga,Real Betis,Las Palmas,1,0,1.37854,0.0209842,6.0,5.1,,
2017,8216,2018-04-20 19:00:00,laliga,Leganes,Deportivo La Coruna,0,0,0.719922,0.978814,3.0,3.1,,
2017,8209,2018-04-21 11:00:00,laliga,Eibar,Getafe,0,1,0.401553,0.618811,2.7,2.7,,
2017,8218,2018-04-21 14:15:00,laliga,Celta Vigo,Valencia,1,1,0.79777,2.36216,3.8,2.9,,
2017,8210,2018-04-22 10:00:00,laliga,Girona,Espanyol,0,2,1.95052,0.949254,2.7,3.7,,
2017,8213,2018-04-22 14:15:00,laliga,Malaga,Real Sociedad,2,0,1.01179,1.24873,2.8,2.9,,
2017,8211,2018-04-22 16:30:00,laliga,Las Palmas,Alaves,0,4,0.349971,1.59228,2.9,3.0,,
2017,8212,2018-04-22 18:45:00,laliga,Atletico Madrid,Real Betis,0,0,1.23503,0.674891,3.1,3.0,,
2017,8214,2018-04-23 19:00:00,laliga,Athletic Club,Levante,1,3,1.7848,1.50007,5.0,4.0,,
2017,8222,2018-04-27 00:00:00,laliga,Levante,Sevilla,2,1,1.83277,0.975459,3.2,9.3,,
2017,8220,2018-04-28 00:00:00,laliga,Espanyol,Las Palmas,1,1,2.35325,1.7456,5.6,5.3,,
2017,8223,2018-04-28 00:00:00,laliga,Real Sociedad,Athletic Club,3,1,1.76162,1.09625,5.4,4.2,,
2017,8226,2018-04-28 00:00:00,laliga,Villarreal,Celta Vigo,4,1,4.36585,1.51033,10.2,6.4,,
2017,8228,2018-04-28 00:00:00,laliga,Real Madrid,Leganes,2,1,1.77458,2.02363,9.2,7.2,,
2017,8219,2018-04-29 15:00:00,laliga,Valencia,Eibar,0,0,0.748181,1.29179,8.0,8.2,,
2017,8221,2018-04-29 15:00:00,laliga,Getafe,Girona,1,1,2.51533,2.07365,8.2,7.2,,
2017,8225,2018-04-29 15:00:00,laliga,Alaves,Atletico Madrid,0,1,0.52622,2.56109,6.9,6.8,,
2017,8227,2018-04-29 15:00:00,laliga,Deportivo La Coruna,Barcelona,2,4,2.46343,3.65273,8.8,11.8,,
2017,8224,2018-04-30 00:00:00,laliga,Real Betis,Malaga,2,1,1.91249,0.587902,7.2,7.4,,
2017,8234,2018-05-04 20:00:00,laliga,Sevilla,Real Sociedad,1,0,1.66025,0.63922,7.8,6.8,,
2017,8229,2018-05-05 12:00:00,laliga,Girona,Eibar,1,4,1.57265,1.82278,5.9,5.9,,
2017,8233,2018-05-05 15:15:00,laliga,Athletic Club,Real Betis,2,0,1.08298,0.179778,7.6,5.6,,
2017,8237,2018-05-05 17:30:00,laliga,Celta Vigo,Deportivo La Coruna,1,1,0.995172,0.802341,7.7,6.1,,
2017,8238,2018-05-05 19:45:00,laliga,Villarreal,Valencia,1,0,1.31831,0.531287,7.8,6.2,,
2017,8232,2018-05-06 11:00:00,laliga,Malaga,Alaves,0,3,1.66977,1.75049,6.5,6.8,,
2017,8231,2018-05-06 15:15:00,laliga,Atletico Madrid,Espanyol,0,2,0.39488,1.01747,7.0,8.6,,
2017,8230,2018-05-06 17:30:00,laliga,Las Palmas,Getafe,0,1,1.97436,1.26465,8.7,7.1,,
2017,8236,2018-05-06 19:45:00,laliga,Barcelona,Real Madrid,2,2,1.31039,1.69458,7.2,8.8,,
2017,8235,2018-05-07 20:00:00,laliga,Leganes,Levante,0,3,1.31956,1.40887,9.8,10.8,,
2017,8217,2018-05-09 19:00:00,laliga,Barcelona,Villarreal,5,1,3.06814,1.10579,3.0,4.0,,
2017,8215,2018-05-09 20:30:00,laliga,Sevilla,Real Madrid,3,2,2.42064,2.27979,5.0,3.0,,
2017,8239,2018-05-12 17:30:00,laliga,Girona,Valencia,0,1,0.596538,0.896724,7.2,6.9,,
2017,8240,2018-05-12 17:30:00,laliga,Eibar,Las Palmas,1,0,0.992038,0.514215,7.2,6.0,,
2017,8241,2018-05-12 17:30:00,laliga,Getafe,Atletico Madrid,0,1,1.08432,0.869538,6.0,6.1,,
2017,8243,2018-05-12 17:30:00,laliga,Alaves,Athletic Club,3,1,0.335029,1.03761,6.3,7.1,,
2017,8244,2018-05-12 17:30:00,laliga,Real Betis,Sevilla,2,2,1.19618,1.76146,7.1,2.9,,
2017,8245,2018-05-12 17:30:00,laliga,Real Sociedad,Leganes,3,2,2.77676,1.44103,7.9,4.9,,
2017,8247,2018-05-12 17:30:00,laliga,Real Madrid,Celta Vigo,6,0,1.95788,0.202932,2.9,7.0,,
2017,8248,2018-05-12 17:30:00,laliga,Deportivo La Coruna,Villarreal,2,4,2.2106,3.02368,7.0,2.9,,
2017,8242,2018-05-13 15:15:00,laliga,Espanyol,Malaga,4,1,3.96999,1.72397,7.0,7.2,,
2017,8246,2018-05-13 19:45:00,laliga,Levante,Barcelona,5,4,3.50895,1.95835,6.0,4.0,,
2017,8249,2018-05-19 00:00:00,laliga,Las Palmas,Girona,1,2,1.09053,1.637,6.3,6.3,,
2017,8251,2018-05-19 00:00:00,laliga,Malaga,Getafe,0,1,0.804563,1.43517,5.4,6.3,,
2017,8253,2018-05-19 00:00:00,laliga,Sevilla,Alaves,1,0,2.45526,1.08698,6.3,6.3,,
2017,8254,2018-05-19 00:00:00,laliga,Leganes,Real Betis,3,2,1.24382,1.80096,6.3,6.3,,
2017,8256,2018-05-19 00:00:00,laliga,Villarreal,Real Madrid,2,2,1.35791,1.06317,6.3,6.3,,
2017,8257,2018-05-19 00:00:00,laliga,Celta Vigo,Levante,4,2,4.51406,0.26433,6.3,5.2,,
2017,8250,2018-05-20 16:00:00,laliga,Atletico Madrid,Eibar,2,2,1.46822,0.953672,7.9,7.9,,
2017,8252,2018-05-20 16:00:00,laliga,Athletic Club,Espanyol,0,1,0.851602,1.08743,7.9,7.0,,
2017,8255,2018-05-20 16:00:00,laliga,Valencia,Deportivo La Coruna,2,1,2.41895,1.85263,7.9,7.9,,
2017,8258,2018-05-20 16:00:00,laliga,Barcelona,Real Sociedad,1,0,1.35941,0.817475,6.8,7.9,,
2018,9957,2018-08-17 21:15:00,laliga,Girona,Real Valladolid,0,0,0.626716,0.030934,60.0,14.0,,
2018,9958,2018-08-17 23:15:00,laliga,Real Betis,Levante,0,3,1.00338,2.67481,60.0,60.0,,
2018,9959,2018-08-18 19:15:00,laliga,Celta Vigo,Espanyol,1,1,0.428686,0.647286,60.0,60.0,,
2018,9960,2018-08-18 21:15:00,laliga,Villarreal,Real Sociedad,1,2,1.39716,0.410646,60.0,60.0,,
2018,9961,2018-08-18 23:15:00,laliga,Barcelona,Alaves,3,0,3.26753,0.248353,60.0,60.0,,
2018,9962,2018-08-19 19:15:00,laliga,Eibar,SD Huesca,1,2,1.49776,1.51617,60.0,14.0,,
2018,9963,2018-08-19 21:15:00,laliga,Rayo Vallecano,Sevilla,1,4,2.39239,3.34997,60.0,60.0,,
2018,9964,2018-08-19 23:15:00,laliga,Real Madrid,Getafe,2,0,1.16219,0.188446,60.0,60.0,,
2018,9965,2018-08-20 21:00:00,laliga,Valencia,Atletico Madrid,1,1,1.07885,0.979952,60.0,60.0,,
2018,9966,2018-08-20 23:00:00,laliga,Athletic Club,Leganes,2,1,2.45697,1.14522,60.0,60.0,,
2018,9967,2018-08-24 21:15:00,laliga,Getafe,Eibar,2,0,1.74287,0.529404,4.9,5.1,,
2018,9968,2018-08-24 23:15:00,laliga,Leganes,Real Sociedad,2,2,1.67636,1.69572,4.0,6.1,,
2018,9969,2018-08-25 19:15:00,laliga,Alaves,Real Betis,0,0,0.580983,1.5812,6.8,7.8,,
2018,9970,2018-08-25 21:15:00,laliga,Atletico Madrid,Rayo Vallecano,1,0,0.976216,1.48336,5.0,6.0,,
2018,9971,2018-08-25 23:15:00,laliga,Real Valladolid,Barcelona,0,1,0.510742,1.20392,8.1,7.0,,
2018,9972,2018-08-26 19:15:00,laliga,Espanyol,Valencia,2,0,1.50101,1.0368,8.0,5.9,,
2018,9973,2018-08-26 21:15:00,laliga,Sevilla,Villarreal,0,0,1.97161,0.671429,7.0,8.0,,
2018,9974,2018-08-26 23:15:00,laliga,Girona,Real Madrid,1,4,0.502361,4.09404,9.1,7.0,,
2018,9975,2018-08-27 21:15:00,laliga,Levante,Celta Vigo,1,2,1.84058,2.61735,9.9,9.1,,
2018,9976,2018-08-27 23:00:00,laliga,Athletic Club,SD Huesca,2,2,0.852349,0.217866,7.0,8.2,,
2018,9977,2018-08-31 21:00:00,laliga,Getafe,Real Valladolid,0,0,1.0807,1.09505,7.0,5.9,,
2018,9978,2018-08-31 23:00:00,laliga,Eibar,Real Sociedad,2,1,0.798059,1.32388,7.1,7.0,,
2018,9979,2018-08-31 23:00:00,laliga,Villarreal,Girona,0,1,1.13128,0.832999,5.1,5.0,,
2018,9980,2018-09-01 16:30:00,laliga,Celta Vigo,Atletico Madrid,2,0,0.678086,0.432703,4.8,6.8,,
2018,9982,2018-09-01 18:45:00,laliga,Real Madrid,Leganes,4,1,2.31092,1.00157,5.8,7.8,,
2018,9983,2018-09-02 10:00:00,laliga,Levante,Valencia,2,2,1.50228,3.39969,5.5,6.6,,
2018,9984,2018-09-02 14:15:00,laliga,Alaves,Espanyol,2,1,1.15622,1.04802,7.8,6.8,,
2018,9985,2018-09-02 16:30:00,laliga,Barcelona,SD Huesca,8,2,6.0418,1.63632,7.7,5.7,,
2018,9986,2018-09-02 18:45:00,laliga,Real Betis,Sevilla,1,0,1.18295,0.784969,8.0,6.9,,
2018,9987,2018-09-14 19:00:00,laliga,SD Huesca,Rayo Vallecano,0,1,1.66772,1.20514,12.1,19.9,,
2018,9988,2018-09-15 11:00:00,laliga,Atletico Madrid,Eibar,1,1,2.4656,1.21431,13.8,14.5,,
2018,9989,2018-09-15 14:15:00,laliga,Real Sociedad,Barcelona,1,2,1.47969,1.7617,14.6,12.9,,
2018,9990,2018-09-15 16:30:00,laliga,Valencia,Real Betis,0,0,1.04644,1.22346,13.3,12.9,,
2018,9991,2018-09-15 18:45:00,laliga,Athletic Club,Real Madrid,1,1,1.45129,1.95843,18.8,14.0,,
2018,9992,2018-09-16 10:00:00,laliga,Leganes,Villarreal,0,1,1.22184,0.533854,14.6,15.5,,
2018,9993,2018-09-16 14:15:00,laliga,Espanyol,Levante,1,0,1.61848,0.690773,14.0,14.2,,
2018,9994,2018-09-16 16:30:00,laliga,Real Valladolid,Alaves,0,1,1.10397,0.848478,15.8,14.1,,
2018,9995,2018-09-16 18:45:00,laliga,Sevilla,Getafe,0,2,1.08255,2.12717,14.0,15.9,,
2018,9996,2018-09-17 19:00:00,laliga,Girona,Celta Vigo,3,2,1.72168,0.901248,16.8,16.1,,
2018,10003,2018-09-21 19:00:00,laliga,SD Huesca,Real Sociedad,0,1,0.565773,0.200875,7.0,6.2,,
2018,10001,2018-09-22 11:00:00,laliga,Rayo Vallecano,Alaves,1,5,1.08157,1.24884,7.7,5.8,,
2018,10004,2018-09-22 14:15:00,laliga,Eibar,Leganes,1,0,1.78459,0.781041,7.1,6.2,,
2018,10005,2018-09-22 14:15:00,laliga,Celta Vigo,Real Valladolid,3,3,2.13067,2.16098,4.8,5.9,,
2018,9999,2018-09-22 16:30:00,laliga,Getafe,Atletico Madrid,0,2,0.580433,1.4765,5.9,7.2,,
2018,9998,2018-09-22 18:45:00,laliga,Real Madrid,Espanyol,1,0,1.08701,0.424687,7.0,6.2,,
2018,10002,2018-09-23 10:00:00,laliga,Levante,Sevilla,2,6,2.24847,3.40128,6.8,6.6,,
2018,10006,2018-09-23 14:15:00,laliga,Villarreal,Valencia,0,0,0.480494,0.376192,7.2,7.9,,
2018,10000,2018-09-23 18:00:00,laliga,Real Betis,Athletic Club,2,2,1.55308,0.947496,8.1,8.0,,
2018,9997,2018-09-23 18:45:00,laliga,Barcelona,Girona,2,2,1.67678,1.54969,8.2,6.0,,
2018,10010,2018-09-25 18:00:00,laliga,Espanyol,Eibar,1,0,0.897083,0.200168,3.0,3.2,,
2018,10008,2018-09-25 19:00:00,laliga,Real Sociedad,Rayo Vallecano,2,2,1.23911,1.77977,4.0,3.3,,
2018,10014,2018-09-25 20:00:00,laliga,Atletico Madrid,SD Huesca,3,0,1.1563,0.500396,3.1,4.0,,
2018,10013,2018-09-26 18:00:00,laliga,Leganes,Barcelona,2,1,1.17874,0.40097,4.2,3.0,,
2018,10015,2018-09-26 18:00:00,laliga,Athletic Club,Villarreal,0,3,0.754289,2.45205,3.0,3.2,,
2018,10011,2018-09-26 20:00:00,laliga,Valencia,Celta Vigo,1,1,1.03637,0.404953,3.2,4.2,,
2018,10016,2018-09-26 20:00:00,laliga,Sevilla,Real Madrid,3,0,2.29262,1.55351,3.4,4.1,,
2018,10007,2018-09-27 18:00:00,laliga,Alaves,Getafe,1,1,1.65223,1.20669,5.3,5.1,,
2018,10009,2018-09-27 18:00:00,laliga,Real Valladolid,Levante,2,1,1.25362,1.09992,5.2,4.3,,
2018,10012,2018-09-27 20:00:00,laliga,Girona,Real Betis,0,1,0.830935,1.56038,4.1,4.1,,
2018,10019,2018-09-28 19:00:00,laliga,Rayo Vallecano,Espanyol,2,2,1.22522,1.7919,3.0,3.0,,
2018,10023,2018-09-29 11:00:00,laliga,Real Sociedad,Valencia,0,1,1.12097,0.924746,3.7,2.6,,
2018,10020,2018-09-29 14:15:00,laliga,Barcelona,Athletic Club,1,1,3.06389,0.889081,2.8,2.8,,
2018,10024,2018-09-29 16:30:00,laliga,Eibar,Sevilla,1,3,0.563865,1.98532,3.9,2.9,,
2018,10022,2018-09-29 18:45:00,laliga,Real Madrid,Atletico Madrid,0,0,1.13552,0.661567,2.9,3.9,,
2018,10018,2018-09-30 10:00:00,laliga,SD Huesca,Girona,1,1,1.6139,1.80702,4.6,2.6,,
2018,10026,2018-09-30 14:15:00,laliga,Villarreal,Real Valladolid,0,1,2.90806,0.848198,3.8,2.8,,
2018,10021,2018-09-30 16:30:00,laliga,Levante,Alaves,2,1,1.37126,0.703753,2.9,2.9,,
2018,10017,2018-09-30 18:45:00,laliga,Real Betis,Leganes,1,0,2.09064,0.410456,2.9,4.0,,
2018,10025,2018-10-01 19:00:00,laliga,Celta Vigo,Getafe,1,1,0.481181,1.02662,5.0,4.0,,
2018,10035,2018-10-05 19:00:00,laliga,Athletic Club,Real Sociedad,1,3,1.18842,2.11494,6.2,6.3,,
2018,10028,2018-10-06 11:00:00,laliga,Girona,Eibar,2,3,1.31255,2.11152,6.0,6.8,,
2018,10032,2018-10-06 14:15:00,laliga,Getafe,Levante,0,1,1.04946,0.902661,4.8,5.9,,
2018,10027,2018-10-06 16:30:00,laliga,Alaves,Real Madrid,1,0,1.16947,0.872949,6.0,6.9,,
2018,10031,2018-10-06 18:45:00,laliga,Leganes,Rayo Vallecano,1,0,1.18789,0.408158,6.0,8.0,,
2018,10036,2018-10-07 10:00:00,laliga,Real Valladolid,SD Huesca,1,0,0.927264,0.800191,6.8,7.0,,
2018,10034,2018-10-07 14:15:00,laliga,Atletico Madrid,Real Betis,1,0,0.573515,0.281257,7.8,6.8,,
2018,10029,2018-10-07 16:30:00,laliga,Sevilla,Celta Vigo,2,1,2.237,0.895831,8.0,5.9,,
2018,10033,2018-10-07 16:30:00,laliga,Espanyol,Villarreal,3,1,2.74615,1.59419,8.9,7.1,,
2018,10030,2018-10-07 18:45:00,laliga,Valencia,Barcelona,1,1,1.53635,0.373489,8.3,8.2,,
2018,10044,2018-10-19 19:00:00,laliga,Celta Vigo,Alaves,0,1,0.733589,0.988217,12.1,13.1,,
2018,10046,2018-10-20 11:00:00,laliga,Real Madrid,Levante,1,2,3.02601,1.83965,13.8,13.9,,
2018,10038,2018-10-20 14:15:00,laliga,Valencia,Leganes,1,1,1.18124,0.973224,12.8,13.8,,
2018,10042,2018-10-20 16:30:00,laliga,Villarreal,Atletico Madrid,1,1,1.86233,1.62367,13.0,13.1,,
2018,10037,2018-10-20 18:45:00,laliga,Barcelona,Sevilla,4,2,3.21948,1.89801,13.0,13.1,,
2018,10040,2018-10-21 10:00:00,laliga,Rayo Vallecano,Getafe,1,2,0.320919,0.498066,14.6,14.8,,
2018,10043,2018-10-21 14:15:00,laliga,Eibar,Athletic Club,1,1,1.68646,0.992745,15.1,15.8,,
2018,10041,2018-10-21 16:30:00,laliga,SD Huesca,Espanyol,0,2,0.264947,1.84992,14.3,14.0,,
2018,10045,2018-10-21 18:45:00,laliga,Real Betis,Real Valladolid,0,1,0.820674,0.501587,14.2,14.4,,
2018,10039,2018-10-22 19:00:00,laliga,Real Sociedad,Girona,0,0,0.57678,0.53783,17.0,16.3,,
2018,9981,2018-10-24 17:00:00,laliga,Rayo Vallecano,Athletic Club,1,1,1.35392,1.23764,3.3,3.1,,
2018,10049,2018-10-26 19:00:00,laliga,Real Valladolid,Espanyol,1,1,1.2412,0.508367,5.0,5.1,,
2018,10051,2018-10-27 11:00:00,laliga,Girona,Rayo Vallecano,2,1,2.73207,1.74235,4.7,2.8,,
2018,10054,2018-10-27 14:15:00,laliga,Athletic Club,Valencia,0,0,0.632913,0.723783,2.9,7.0,,
2018,10052,2018-10-27 16:30:00,laliga,Celta Vigo,Eibar,4,0,1.28908,1.37498,7.9,6.1,,
2018,10056,2018-10-27 16:30:00,laliga,Levante,Leganes,2,0,1.15766,1.46459,7.2,7.1,,
2018,10053,2018-10-27 18:45:00,laliga,Atletico Madrid,Real Sociedad,2,0,1.41243,0.211158,7.1,5.0,,
2018,10050,2018-10-28 10:00:00,laliga,Getafe,Real Betis,2,0,2.5306,0.554027,7.0,6.6,,
2018,10047,2018-10-28 14:15:00,laliga,Barcelona,Real Madrid,5,1,3.15939,2.11339,7.8,8.1,,
2018,10055,2018-10-28 16:30:00,laliga,Alaves,Villarreal,2,1,1.97594,1.0916,8.9,8.0,,
2018,10048,2018-10-28 18:45:00,laliga,Sevilla,SD Huesca,2,1,1.88431,1.01306,8.0,7.1,,
2018,10061,2018-11-03 12:00:00,laliga,Leganes,Atletico Madrid,1,1,1.35197,0.406811,6.8,6.7,,
2018,10065,2018-11-03 15:15:00,laliga,Real Madrid,Real Valladolid,2,0,1.93382,1.1095,6.0,7.8,,
2018,10058,2018-11-03 17:30:00,laliga,Valencia,Girona,0,1,2.25862,0.37733,7.1,7.3,,
2018,10060,2018-11-03 19:45:00,laliga,Rayo Vallecano,Barcelona,2,3,1.62632,1.95386,7.4,6.2,,
2018,10063,2018-11-04 11:00:00,laliga,Eibar,Alaves,2,1,1.161,0.596162,7.8,6.8,,
2018,10066,2018-11-04 15:15:00,laliga,Villarreal,Levante,1,1,1.10744,0.761911,6.9,7.9,,
2018,10059,2018-11-04 17:30:00,laliga,SD Huesca,Getafe,1,1,1.31412,0.470822,6.9,7.3,,
2018,10064,2018-11-04 17:30:00,laliga,Real Sociedad,Sevilla,0,0,0.74078,0.413773,7.9,6.9,,
2018,10057,2018-11-04 19:45:00,laliga,Real Betis,Celta Vigo,3,3,1.86082,2.25389,7.4,8.1,,
2018,10062,2018-11-05 20:00:00,laliga,Espanyol,Athletic Club,1,0,1.46389,0.782205,10.0,9.2,,
2018,10071,2018-11-09 20:00:00,laliga,Levante,Real Sociedad,1,3,1.06813,1.43351,5.2,5.1,,
2018,10068,2018-11-10 12:00:00,laliga,Real Valladolid,Eibar,0,0,0.407826,1.21893,6.9,6.0,,
2018,10073,2018-11-10 15:15:00,laliga,Getafe,Valencia,0,1,1.61368,2.19428,5.9,6.9,,
2018,10069,2018-11-10 17:30:00,laliga,Atletico Madrid,Athletic Club,3,2,1.10416,2.04637,7.2,4.9,,
2018,10072,2018-11-10 19:45:00,laliga,Girona,Leganes,0,0,0.49139,1.39653,7.1,7.3,,
2018,10067,2018-11-11 11:00:00,laliga,Alaves,SD Huesca,2,1,1.44304,0.980901,7.0,6.7,,
2018,10075,2018-11-11 15:15:00,laliga,Barcelona,Real Betis,3,4,4.11761,2.64063,7.8,6.8,,
2018,10070,2018-11-11 17:30:00,laliga,Rayo Vallecano,Villarreal,2,2,2.35537,0.861644,7.9,7.1,,
2018,10076,2018-11-11 17:30:00,laliga,Sevilla,Espanyol,2,1,3.95375,0.686451,7.0,5.9,,
2018,10074,2018-11-11 19:45:00,laliga,Celta Vigo,Real Madrid,2,4,0.698688,2.7089,7.0,8.2,,
2018,10080,2018-11-23 20:00:00,laliga,Leganes,Alaves,1,0,0.92467,0.394518,13.0,12.4,,
2018,10084,2018-11-24 12:00:00,laliga,Eibar,Real Madrid,3,0,3.98937,1.10765,14.0,12.7,,
2018,10086,2018-11-24 15:15:00,laliga,Valencia,Rayo Vallecano,3,0,2.14664,0.813582,14.0,12.9,,
2018,10082,2018-11-24 17:30:00,laliga,SD Huesca,Levante,2,2,2.96039,0.564721,13.3,14.9,,
2018,10077,2018-11-24 19:45:00,laliga,Atletico Madrid,Barcelona,1,1,0.432553,0.564664,14.1,13.2,,
2018,10085,2018-11-25 11:00:00,laliga,Athletic Club,Getafe,1,1,0.75771,1.8113,14.7,14.8,,
2018,10081,2018-11-25 15:15:00,laliga,Sevilla,Real Valladolid,1,0,1.40358,0.53321,13.9,15.1,,
2018,10083,2018-11-25 17:30:00,laliga,Espanyol,Girona,1,3,2.63865,2.56699,14.0,14.9,,
2018,10079,2018-11-25 19:45:00,laliga,Villarreal,Real Betis,2,1,1.20925,0.991351,14.1,14.2,,
2018,10078,2018-11-26 20:00:00,laliga,Real Sociedad,Celta Vigo,2,1,2.07409,0.545872,17.0,15.0,,
2018,10089,2018-11-30 20:00:00,laliga,Rayo Vallecano,Eibar,1,0,0.815372,0.951549,6.2,6.3,,
2018,10093,2018-12-01 12:00:00,laliga,Celta Vigo,SD Huesca,2,0,2.39172,1.24346,4.7,6.8,,
2018,10096,2018-12-01 15:15:00,laliga,Real Valladolid,Leganes,2,4,1.85147,1.6677,6.0,7.8,,
2018,10088,2018-12-01 17:30:00,laliga,Getafe,Espanyol,3,0,1.33323,0.97845,6.3,6.0,,
2018,10092,2018-12-01 19:45:00,laliga,Real Madrid,Valencia,2,0,0.966947,0.974267,7.3,7.2,,
2018,10094,2018-12-02 11:00:00,laliga,Real Betis,Real Sociedad,1,0,1.31385,1.39194,6.6,5.6,,
2018,10090,2018-12-02 15:15:00,laliga,Girona,Atletico Madrid,1,1,1.20781,1.60399,6.9,7.8,,
2018,10095,2018-12-02 17:30:00,laliga,Barcelona,Villarreal,2,0,0.99822,0.941415,7.9,6.9,,
2018,10087,2018-12-02 19:45:00,laliga,Alaves,Sevilla,1,1,1.0211,1.64539,9.0,7.2,,
2018,10091,2018-12-03 20:00:00,laliga,Levante,Athletic Club,3,0,2.15414,0.950526,9.1,8.4,,
2018,10098,2018-12-07 20:00:00,laliga,Leganes,Getafe,1,1,1.49188,1.10842,6.2,6.1,,
2018,10101,2018-12-08 12:00:00,laliga,Atletico Madrid,Alaves,3,0,2.64303,1.36734,5.9,5.7,,
2018,10106,2018-12-08 15:15:00,laliga,Valencia,Sevilla,1,1,1.44342,1.64731,6.8,5.8,,
2018,10099,2018-12-08 17:30:00,laliga,Villarreal,Celta Vigo,2,3,1.74178,2.48201,6.0,7.2,,
2018,10100,2018-12-08 19:45:00,laliga,Espanyol,Barcelona,0,4,0.812936,3.16793,7.1,6.1,,
2018,10104,2018-12-09 11:00:00,laliga,Eibar,Levante,4,4,4.25053,2.17449,8.6,5.6,,
2018,10103,2018-12-09 15:15:00,laliga,SD Huesca,Real Madrid,0,1,1.04156,0.460413,8.1,7.8,,
2018,10102,2018-12-09 17:30:00,laliga,Real Sociedad,Real Valladolid,1,2,1.7451,1.31256,7.3,8.1,,
2018,10105,2018-12-09 19:45:00,laliga,Real Betis,Rayo Vallecano,2,0,2.2468,0.671932,7.4,9.0,,
2018,10097,2018-12-10 20:00:00,laliga,Athletic Club,Girona,1,0,1.79501,0.145529,7.0,8.2,,
2018,10115,2018-12-14 20:00:00,laliga,Celta Vigo,Leganes,0,0,1.24233,0.978595,6.1,7.0,,
2018,10113,2018-12-15 12:00:00,laliga,Getafe,Real Sociedad,1,0,0.358274,0.608285,7.7,5.8,,
2018,10111,2018-12-15 15:15:00,laliga,Real Valladolid,Atletico Madrid,2,3,0.691151,1.94316,5.9,7.1,,
2018,10116,2018-12-15 17:30:00,laliga,Real Madrid,Rayo Vallecano,1,0,1.25069,0.588603,6.1,5.9,,
2018,10114,2018-12-15 19:45:00,laliga,Eibar,Valencia,1,1,1.60912,2.10397,6.4,7.2,,
2018,10108,2018-12-16 11:00:00,laliga,Sevilla,Girona,2,0,2.28195,0.811788,7.8,5.6,,
2018,10109,2018-12-16 15:15:00,laliga,Espanyol,Real Betis,1,3,0.52284,1.8151,7.8,6.8,,
2018,10112,2018-12-16 17:30:00,laliga,SD Huesca,Villarreal,2,2,3.99291,1.64884,7.1,8.0,,
2018,10110,2018-12-16 19:45:00,laliga,Levante,Barcelona,0,5,0.830663,3.96017,7.4,8.0,,
2018,10107,2018-12-17 20:00:00,laliga,Alaves,Athletic Club,0,0,0.479834,0.334381,9.3,7.0,,
2018,10122,2018-12-21 18:30:00,laliga,Girona,Getafe,1,1,1.20739,0.581831,5.3,6.3,,
2018,10123,2018-12-21 20:00:00,laliga,Real Sociedad,Alaves,0,1,1.06219,0.877996,6.3,4.0,,
2018,10125,2018-12-22 12:00:00,laliga,Real Betis,Eibar,1,1,1.40023,2.06958,5.9,6.7,,
2018,10118,2018-12-22 15:15:00,laliga,Atletico Madrid,Espanyol,1,0,1.03123,0.71456,7.0,6.0,,
2018,10117,2018-12-22 17:30:00,laliga,Barcelona,Celta Vigo,2,0,1.56177,0.517005,5.9,7.9,,
2018,10119,2018-12-22 19:45:00,laliga,Athletic Club,Real Valladolid,1,1,1.14498,0.59208,5.0,7.2,,
2018,10121,2018-12-23 11:00:00,laliga,Valencia,SD Huesca,2,1,3.83492,2.27108,7.6,6.7,,
2018,10124,2018-12-23 15:15:00,laliga,Leganes,Sevilla,1,1,1.13295,0.697523,8.8,7.2,,
2018,10120,2018-12-23 17:30:00,laliga,Rayo Vallecano,Levante,2,1,2.51639,0.88589,8.0,6.9,,
2018,10126,2019-01-03 20:30:00,laliga,Villarreal,Real Madrid,2,2,1.01914,1.39918,18.1,19.1,,
2018,10128,2019-01-04 18:00:00,laliga,Levante,Girona,2,2,1.86969,1.03454,12.0,14.0,,
2018,10134,2019-01-04 20:00:00,laliga,Espanyol,Leganes,1,0,1.68261,0.358462,13.2,12.2,,
2018,10136,2019-01-05 12:00:00,laliga,Real Valladolid,Rayo Vallecano,0,1,1.7931,1.02768,13.7,12.8,,
2018,10127,2019-01-05 15:15:00,laliga,Alaves,Valencia,2,1,2.58897,1.06272,14.8,13.2,,
2018,10129,2019-01-05 19:45:00,laliga,SD Huesca,Real Betis,2,1,1.33807,1.03632,13.4,14.3,,
2018,10135,2019-01-06 11:00:00,laliga,Eibar,Villarreal,0,0,2.02017,1.05089,15.0,2.6,,
2018,10131,2019-01-06 15:15:00,laliga,Sevilla,Atletico Madrid,1,1,1.57396,0.758265,14.0,15.0,,
2018,10133,2019-01-06 17:30:00,laliga,Real Madrid,Real Sociedad,0,2,2.2027,2.29324,2.9,15.9,,
2018,10130,2019-01-06 19:45:00,laliga,Getafe,Barcelona,1,2,1.08947,2.16266,16.1,15.1,,
2018,10132,2019-01-07 20:00:00,laliga,Celta Vigo,Athletic Club,1,2,2.1296,2.13661,16.1,16.0,,
2018,10139,2019-01-11 20:00:00,laliga,Rayo Vallecano,Celta Vigo,4,2,2.07355,1.39354,6.3,4.0,,
2018,10141,2019-01-12 12:00:00,laliga,Leganes,SD Huesca,1,0,1.94908,0.440876,7.7,6.7,,
2018,10142,2019-01-12 15:15:00,laliga,Valencia,Real Valladolid,1,1,3.62567,0.167732,7.0,7.1,,
2018,10140,2019-01-12 17:30:00,laliga,Girona,Alaves,1,1,0.538744,1.04715,8.0,7.1,,
2018,10137,2019-01-12 19:45:00,laliga,Villarreal,Getafe,1,2,2.91695,0.845554,6.4,6.0,,
2018,10145,2019-01-13 11:00:00,laliga,Atletico Madrid,Levante,1,0,2.42604,0.897143,6.8,8.7,,
2018,10146,2019-01-13 15:15:00,laliga,Athletic Club,Sevilla,2,0,1.20272,0.735092,5.8,7.0,,
2018,10144,2019-01-13 17:30:00,laliga,Barcelona,Eibar,3,0,1.51059,0.708521,6.9,7.3,,
2018,10143,2019-01-13 19:45:00,laliga,Real Betis,Real Madrid,1,2,0.688888,0.757727,8.0,7.1,,
2018,10138,2019-01-14 20:00:00,laliga,Real Sociedad,Espanyol,3,2,2.68319,2.4151,8.1,10.0,,
2018,10151,2019-01-18 20:00:00,laliga,Getafe,Alaves,4,0,2.08041,0.272956,6.0,6.1,,
2018,10150,2019-01-19 15:15:00,laliga,Real Madrid,Sevilla,2,0,1.59927,0.396637,5.8,6.0,,
2018,10147,2019-01-19 17:30:00,laliga,SD Huesca,Atletico Madrid,0,3,1.23016,2.74037,7.2,6.3,,
2018,10154,2019-01-19 19:45:00,laliga,Celta Vigo,Valencia,1,2,0.805422,1.33595,8.0,7.2,,
2018,10153,2019-01-20 11:00:00,laliga,Real Betis,Girona,3,2,1.41803,0.918079,6.6,7.7,,
2018,10152,2019-01-20 15:15:00,laliga,Villarreal,Athletic Club,1,1,1.06242,0.463927,7.8,7.0,,
2018,10149,2019-01-20 17:30:00,laliga,Rayo Vallecano,Real Sociedad,2,2,0.768424,1.82818,8.9,5.9,,
2018,10156,2019-01-20 17:30:00,laliga,Levante,Real Valladolid,2,0,1.42912,1.49778,7.3,8.1,,
2018,10148,2019-01-20 19:45:00,laliga,Barcelona,Leganes,3,1,2.03933,0.815471,7.1,8.3,,
2018,10155,2019-01-21 20:00:00,laliga,Eibar,Espanyol,3,0,2.18267,0.65215,8.1,7.0,,
2018,10162,2019-01-26 00:00:00,laliga,Valencia,Villarreal,3,0,1.63321,0.928755,6.2,5.4,,
2018,10166,2019-01-26 12:00:00,laliga,Sevilla,Levante,5,0,5.03124,0.299152,6.9,5.8,,
2018,10164,2019-01-26 15:15:00,laliga,Atletico Madrid,Getafe,2,0,1.87881,0.277316,6.9,7.8,,
2018,10159,2019-01-26 17:30:00,laliga,Leganes,Eibar,2,2,0.422612,0.491102,5.9,4.9,,
2018,10165,2019-01-27 00:00:00,laliga,Athletic Club,Real Betis,1,0,1.09062,0.322397,6.4,6.5,,
2018,10160,2019-01-27 11:00:00,laliga,Real Valladolid,Celta Vigo,2,1,1.95805,0.902965,6.7,7.6,,
2018,10161,2019-01-27 15:15:00,laliga,Girona,Barcelona,0,2,1.51969,2.62139,7.2,6.8,,
2018,10158,2019-01-27 17:30:00,laliga,Real Sociedad,SD Huesca,0,0,0.307366,0.549205,7.0,8.0,,
2018,10163,2019-01-27 19:45:00,laliga,Espanyol,Real Madrid,2,4,1.20349,2.37579,6.0,8.2,,
2018,10157,2019-01-28 20:00:00,laliga,Alaves,Rayo Vallecano,0,1,0.861666,1.19524,10.0,8.1,,
2018,10173,2019-02-01 20:00:00,laliga,SD Huesca,Real Valladolid,4,0,1.97934,0.546436,5.1,5.4,,
2018,10168,2019-02-02 12:00:00,laliga,Levante,Getafe,0,0,0.579123,0.37179,7.0,6.9,,
2018,10171,2019-02-02 15:15:00,laliga,Real Sociedad,Athletic Club,2,1,1.63134,1.22419,5.9,6.6,,
2018,10167,2019-02-02 17:30:00,laliga,Barcelona,Valencia,2,2,1.80518,3.53962,6.1,7.7,,
2018,10175,2019-02-02 19:45:00,laliga,Celta Vigo,Sevilla,1,0,0.935214,0.682747,6.4,7.3,,
2018,10169,2019-02-03 11:00:00,laliga,Villarreal,Espanyol,2,2,2.80288,1.34672,8.5,6.6,,
2018,10170,2019-02-03 15:15:00,laliga,Real Betis,Atletico Madrid,1,0,1.01873,0.553708,7.6,8.0,,
2018,10174,2019-02-03 17:30:00,laliga,Eibar,Girona,3,0,1.8546,0.235641,8.0,7.1,,
2018,10172,2019-02-03 19:45:00,laliga,Real Madrid,Alaves,3,0,2.9864,0.665729,7.0,6.0,,
2018,10176,2019-02-04 20:00:00,laliga,Rayo Vallecano,Leganes,1,2,1.86904,0.86924,7.0,9.1,,
2018,10181,2019-02-08 20:00:00,laliga,Real Valladolid,Villarreal,0,0,0.504205,1.32176,7.0,5.4,,
2018,10179,2019-02-09 12:00:00,laliga,Getafe,Celta Vigo,3,1,2.65279,1.10966,7.0,6.7,,
2018,10177,2019-02-09 15:15:00,laliga,Atletico Madrid,Real Madrid,1,3,1.02136,1.4515,6.0,5.8,,
2018,10183,2019-02-09 17:30:00,laliga,Espanyol,Rayo Vallecano,2,1,1.70334,0.627993,6.3,4.9,,
2018,10182,2019-02-09 19:45:00,laliga,Girona,SD Huesca,0,2,1.37725,0.683864,6.1,8.0,,
2018,10180,2019-02-10 11:00:00,laliga,Leganes,Real Betis,3,0,2.08097,0.125797,5.6,6.8,,
2018,10186,2019-02-10 15:15:00,laliga,Valencia,Real Sociedad,0,0,1.62448,0.502054,7.9,8.0,,
2018,10178,2019-02-10 17:30:00,laliga,Sevilla,Eibar,2,2,1.54912,1.43993,7.9,7.0,,
2018,10184,2019-02-10 19:45:00,laliga,Athletic Club,Barcelona,0,0,1.67679,0.697307,8.2,8.1,,
2018,10185,2019-02-11 20:00:00,laliga,Alaves,Levante,2,0,2.07543,0.269208,8.0,9.3,,
2018,10194,2019-02-15 20:00:00,laliga,Eibar,Getafe,2,2,1.64574,0.845732,5.1,6.3,,
2018,10195,2019-02-16 12:00:00,laliga,Celta Vigo,Levante,1,4,1.61531,2.9399,7.0,4.7,,
2018,10191,2019-02-16 15:15:00,laliga,Rayo Vallecano,Atletico Madrid,0,1,1.07992,0.146851,6.9,7.0,,
2018,10188,2019-02-16 17:30:00,laliga,Real Sociedad,Leganes,3,0,1.87893,1.05178,6.1,6.3,,
2018,10187,2019-02-16 19:45:00,laliga,Barcelona,Real Valladolid,1,0,3.7496,0.306817,6.0,8.0,,
2018,10189,2019-02-17 11:00:00,laliga,Real Madrid,Girona,1,2,1.74859,3.23428,7.8,7.6,,
2018,10190,2019-02-17 15:15:00,laliga,Valencia,Espanyol,0,0,1.44111,0.236317,7.0,7.9,,
2018,10196,2019-02-17 17:30:00,laliga,Villarreal,Sevilla,3,0,1.85386,2.49386,8.9,7.0,,
2018,10193,2019-02-17 19:45:00,laliga,Real Betis,Alaves,1,1,3.54904,1.15597,7.4,6.0,,
2018,10192,2019-02-18 20:00:00,laliga,SD Huesca,Athletic Club,0,1,1.16274,1.36952,9.0,8.0,,
2018,10203,2019-02-22 20:00:00,laliga,Espanyol,SD Huesca,1,1,1.02096,0.983427,5.2,4.0,,
2018,10202,2019-02-23 12:00:00,laliga,Getafe,Rayo Vallecano,2,1,1.17743,0.7164,7.7,6.9,,
2018,10198,2019-02-23 15:15:00,laliga,Sevilla,Barcelona,2,4,1.64536,1.7385,5.9,6.8,,
2018,10197,2019-02-23 17:30:00,laliga,Alaves,Celta Vigo,0,0,1.50901,0.489844,5.9,7.2,,
2018,10205,2019-02-23 19:45:00,laliga,Athletic Club,Eibar,1,0,1.33391,0.597956,5.0,8.0,,
2018,10200,2019-02-24 11:00:00,laliga,Leganes,Valencia,1,1,1.51123,0.676896,7.7,6.8,,
2018,10204,2019-02-24 15:15:00,laliga,Atletico Madrid,Villarreal,2,0,1.70719,1.4124,8.0,6.9,,
2018,10206,2019-02-24 17:30:00,laliga,Real Valladolid,Real Betis,0,2,0.586609,0.826265,7.9,6.9,,
2018,10199,2019-02-24 19:45:00,laliga,Levante,Real Madrid,1,2,1.43781,2.7512,8.3,7.4,,
2018,10201,2019-02-25 20:00:00,laliga,Girona,Real Sociedad,0,0,1.09767,0.422429,8.4,9.1,,
2018,10216,2019-03-01 20:00:00,laliga,Rayo Vallecano,Girona,0,2,0.661372,1.72379,6.3,4.0,,
2018,10214,2019-03-02 12:00:00,laliga,Espanyol,Real Valladolid,3,1,2.93379,1.44858,7.7,5.8,,
2018,10211,2019-03-02 15:15:00,laliga,Villarreal,Alaves,1,2,1.20694,1.3136,6.0,6.9,,
2018,10213,2019-03-02 17:30:00,laliga,SD Huesca,Sevilla,2,1,0.940056,2.52975,7.9,7.1,,
2018,10207,2019-03-02 19:45:00,laliga,Real Madrid,Barcelona,0,1,0.7937,1.25228,6.0,7.2,,
2018,10208,2019-03-03 11:00:00,laliga,Eibar,Celta Vigo,1,0,2.66738,0.563007,7.6,7.7,,
2018,10215,2019-03-03 15:15:00,laliga,Real Betis,Getafe,1,2,0.572494,1.81382,6.9,8.1,,
2018,10209,2019-03-03 17:30:00,laliga,Real Sociedad,Atletico Madrid,0,2,0.727428,2.1178,5.9,7.1,,
2018,10210,2019-03-03 19:45:00,laliga,Valencia,Athletic Club,2,0,1.4862,0.442334,7.4,8.0,,
2018,10212,2019-03-04 20:00:00,laliga,Leganes,Levante,1,0,2.26472,1.74561,8.4,8.0,,
2018,10226,2019-03-08 20:00:00,laliga,Athletic Club,Espanyol,1,1,0.590825,0.882653,5.0,6.3,,
2018,10217,2019-03-09 12:00:00,laliga,Alaves,Eibar,1,1,2.39014,2.53855,6.9,6.0,,
2018,10224,2019-03-09 15:15:00,laliga,Atletico Madrid,Leganes,1,0,1.36052,0.102711,5.9,4.8,,
2018,10223,2019-03-09 17:30:00,laliga,Barcelona,Rayo Vallecano,3,1,3.27738,0.283535,6.9,7.9,,
2018,10222,2019-03-09 19:45:00,laliga,Getafe,SD Huesca,2,1,1.32144,0.930257,6.2,7.1,,
2018,10219,2019-03-10 11:00:00,laliga,Celta Vigo,Real Betis,0,1,0.336565,1.4229,7.0,6.8,,
2018,10221,2019-03-10 15:15:00,laliga,Girona,Valencia,2,3,2.26151,1.12034,8.8,6.8,,
2018,10220,2019-03-10 17:30:00,laliga,Levante,Villarreal,0,2,1.12697,0.982637,5.9,8.1,,
2018,10225,2019-03-10 17:30:00,laliga,Sevilla,Real Sociedad,5,2,2.88735,1.23303,8.0,7.0,,
2018,10218,2019-03-10 19:45:00,laliga,Real Valladolid,Real Madrid,1,4,2.02975,2.61033,8.3,8.0,,
2018,10228,2019-03-15 20:00:00,laliga,Real Sociedad,Levante,1,1,2.68033,1.05307,5.1,5.1,,
2018,10233,2019-03-16 12:00:00,laliga,SD Huesca,Alaves,1,3,1.89009,2.16298,6.7,7.0,,
2018,10231,2019-03-16 15:15:00,laliga,Real Madrid,Celta Vigo,2,0,3.02092,0.32231,5.8,6.2,,
2018,10227,2019-03-16 17:30:00,laliga,Athletic Club,Atletico Madrid,2,0,1.32158,1.02312,7.9,7.1,,
2018,10229,2019-03-16 19:45:00,laliga,Leganes,Girona,0,2,0.454611,1.78393,7.2,6.2,,
2018,10235,2019-03-17 11:00:00,laliga,Eibar,Real Valladolid,1,2,1.64354,2.20799,8.0,6.6,,
2018,10234,2019-03-17 15:15:00,laliga,Espanyol,Sevilla,0,1,0.665136,1.34192,8.8,6.9,,
2018,10230,2019-03-17 17:30:00,laliga,Valencia,Getafe,0,0,0.506711,0.369827,7.1,7.9,,
2018,10236,2019-03-17 17:30:00,laliga,Villarreal,Rayo Vallecano,3,1,2.6756,0.181501,7.0,8.0,,
2018,10232,2019-03-17 19:45:00,laliga,Real Betis,Barcelona,1,4,1.15774,3.79708,7.4,8.1,,
2018,10243,2019-03-29 20:00:00,laliga,Girona,Athletic Club,1,2,0.243937,1.06184,13.0,13.1,,
2018,10239,2019-03-30 12:00:00,laliga,Getafe,Leganes,0,2,0.793024,1.28305,12.8,13.7,,
2018,10241,2019-03-30 15:15:00,laliga,Barcelona,Espanyol,2,0,1.36012,0.278344,12.8,13.0,,
2018,10240,2019-03-30 17:30:00,laliga,Celta Vigo,Villarreal,3,2,1.89174,2.58092,14.1,13.0,,
2018,10237,2019-03-30 19:45:00,laliga,Alaves,Atletico Madrid,0,4,0.859209,1.91501,14.3,14.1,,
2018,10245,2019-03-31 11:00:00,laliga,Levante,Eibar,2,2,1.15414,3.00118,15.6,14.0,,
2018,10244,2019-03-31 13:00:00,laliga,Rayo Vallecano,Real Betis,1,1,2.30907,0.494786,13.8,13.7,,
2018,10238,2019-03-31 14:15:00,laliga,Sevilla,Valencia,0,1,0.745225,0.923071,14.0,13.9,,
2018,10242,2019-03-31 16:30:00,laliga,Real Valladolid,Real Sociedad,1,1,1.99145,0.736713,14.2,15.9,,
2018,10246,2019-03-31 18:45:00,laliga,Real Madrid,SD Huesca,3,2,4.62852,1.37203,15.1,15.3,,
2018,10255,2019-04-02 18:30:00,laliga,Atletico Madrid,Girona,2,0,2.67949,0.687163,2.9,3.9,,
2018,10253,2019-04-02 19:30:00,laliga,Espanyol,Getafe,1,1,1.4931,1.61764,3.2,3.3,,
2018,10250,2019-04-02 20:30:00,laliga,Villarreal,Barcelona,4,4,2.19549,3.08215,3.1,3.2,,
2018,10247,2019-04-03 18:30:00,laliga,Athletic Club,Levante,3,2,1.86572,1.62609,4.9,3.3,,
2018,10248,2019-04-03 19:30:00,laliga,SD Huesca,Celta Vigo,3,3,3.48876,1.96582,3.0,4.1,,
2018,10254,2019-04-03 19:30:00,laliga,Eibar,Rayo Vallecano,2,1,1.54524,0.960572,3.4,3.3,,
2018,10256,2019-04-03 20:30:00,laliga,Valencia,Real Madrid,2,1,1.76708,0.852925,3.3,3.1,,
2018,10251,2019-04-04 18:30:00,laliga,Sevilla,Alaves,2,0,2.02786,0.590085,4.2,4.9,,
2018,10252,2019-04-04 19:30:00,laliga,Leganes,Real Valladolid,1,0,1.85079,0.902127,5.3,4.1,,
2018,10249,2019-04-04 20:30:00,laliga,Real Sociedad,Real Betis,2,1,2.57254,1.42634,4.2,4.3,,
2018,10259,2019-04-06 12:00:00,laliga,Girona,Espanyol,1,2,1.3644,0.408067,3.7,3.7,,
2018,10260,2019-04-06 15:15:00,laliga,Real Madrid,Eibar,2,1,1.70378,0.679412,2.8,2.8,,
2018,10265,2019-04-06 17:30:00,laliga,Rayo Vallecano,Valencia,2,0,1.73543,2.28937,2.9,2.9,,
2018,10261,2019-04-06 19:45:00,laliga,Barcelona,Atletico Madrid,2,0,2.57608,1.02054,4.0,4.1,,
2018,10257,2019-04-07 11:00:00,laliga,Alaves,Leganes,1,1,0.908638,0.829461,2.7,2.6,,
2018,10266,2019-04-07 13:00:00,laliga,Getafe,Athletic Club,1,0,1.29044,0.747402,4.7,3.8,,
2018,10262,2019-04-07 15:15:00,laliga,Real Valladolid,Sevilla,0,2,1.33089,2.24314,2.8,2.9,,
2018,10258,2019-04-07 17:30:00,laliga,Levante,SD Huesca,2,2,2.60648,1.76678,4.0,3.9,,
2018,10264,2019-04-07 17:30:00,laliga,Celta Vigo,Real Sociedad,3,1,3.30598,1.24845,3.9,2.9,,
2018,10263,2019-04-07 19:45:00,laliga,Real Betis,Villarreal,2,1,1.80228,1.88778,3.0,5.0,,
2018,10276,2019-04-13 12:00:00,laliga,Espanyol,Alaves,2,1,0.624479,1.09624,7.0,6.0,,
2018,10268,2019-04-13 15:15:00,laliga,SD Huesca,Barcelona,0,0,0.21138,0.962057,5.9,6.8,,
2018,10273,2019-04-13 17:30:00,laliga,Atletico Madrid,Celta Vigo,2,0,1.75463,0.617854,6.9,6.0,,
2018,10269,2019-04-13 19:45:00,laliga,Sevilla,Real Betis,3,2,2.32083,1.09294,6.2,6.0,,
2018,10271,2019-04-14 11:00:00,laliga,Real Valladolid,Getafe,2,2,1.39618,1.36776,6.8,6.9,,
2018,10267,2019-04-14 13:00:00,laliga,Athletic Club,Rayo Vallecano,3,2,2.60334,0.73101,7.0,7.8,,
2018,10270,2019-04-14 15:15:00,laliga,Real Sociedad,Eibar,1,1,0.293383,0.99834,6.9,8.0,,
2018,10274,2019-04-14 17:30:00,laliga,Girona,Villarreal,0,1,0.964694,1.39136,8.2,6.9,,
2018,10272,2019-04-14 19:45:00,laliga,Valencia,Levante,3,1,2.86682,0.279883,8.1,7.1,,
2018,10275,2019-04-15 20:00:00,laliga,Leganes,Real Madrid,1,1,0.651235,1.20942,8.4,9.2,,
2018,10277,2019-04-19 20:00:00,laliga,Alaves,Real Valladolid,2,2,0.698942,1.87763,6.3,5.4,,
2018,10283,2019-04-20 12:00:00,laliga,Celta Vigo,Girona,2,1,1.78831,0.331788,6.8,5.8,,
2018,10280,2019-04-20 15:15:00,laliga,Eibar,Atletico Madrid,0,1,0.860003,1.55196,6.0,6.9,,
2018,10282,2019-04-20 17:30:00,laliga,Rayo Vallecano,SD Huesca,0,0,1.31996,1.04463,6.2,7.1,,
2018,10285,2019-04-20 19:45:00,laliga,Barcelona,Real Sociedad,2,1,1.2673,0.883156,7.2,6.2,,
2018,10281,2019-04-21 11:00:00,laliga,Levante,Espanyol,2,2,2.0614,2.21288,6.6,8.0,,
2018,10278,2019-04-21 13:00:00,laliga,Getafe,Sevilla,3,0,2.72704,0.625236,7.1,7.7,,
2018,10279,2019-04-21 15:15:00,laliga,Real Madrid,Athletic Club,3,0,1.94223,0.536637,5.8,7.1,,
2018,10286,2019-04-21 17:30:00,laliga,Villarreal,Leganes,2,1,0.928267,1.0992,7.0,5.9,,
2018,10284,2019-04-21 19:45:00,laliga,Real Betis,Valencia,1,2,2.02559,0.268434,8.0,7.0,,
2018,10289,2019-04-23 18:30:00,laliga,SD Huesca,Eibar,2,0,1.19385,0.651098,3.0,3.1,,
2018,10288,2019-04-23 19:30:00,laliga,Real Valladolid,Girona,1,0,0.939017,0.313348,4.0,3.3,,
2018,10287,2019-04-23 20:30:00,laliga,Alaves,Barcelona,0,2,0.220726,2.51344,4.0,3.0,,
2018,10295,2019-04-24 18:30:00,laliga,Atletico Madrid,Valencia,3,2,1.7288,2.05808,4.1,2.9,,
2018,10290,2019-04-24 19:30:00,laliga,Espanyol,Celta Vigo,1,1,1.88188,2.80839,3.4,4.3,,
2018,10292,2019-04-24 19:30:00,laliga,Leganes,Athletic Club,0,1,0.517853,0.160435,3.1,3.2,,
2018,10291,2019-04-24 20:30:00,laliga,Levante,Real Betis,4,0,1.56717,0.298749,3.4,3.0,,
2018,10296,2019-04-25 18:30:00,laliga,Sevilla,Rayo Vallecano,5,0,3.63403,0.75592,4.2,5.0,,
2018,10293,2019-04-25 19:30:00,laliga,Real Sociedad,Villarreal,0,1,0.843995,1.06313,5.0,4.1,,
2018,10294,2019-04-25 20:30:00,laliga,Getafe,Real Madrid,0,0,0.56694,1.53593,4.3,4.2,,
2018,10301,2019-04-27 12:00:00,laliga,Athletic Club,Alaves,1,1,1.35453,1.22488,2.7,3.6,,
2018,10297,2019-04-27 15:15:00,laliga,Atletico Madrid,Real Valladolid,1,0,0.510006,0.584597,2.9,3.8,,
2018,10300,2019-04-27 17:30:00,laliga,Leganes,Celta Vigo,0,0,0.387737,0.284391,2.9,2.9,,
2018,10305,2019-04-27 19:45:00,laliga,Barcelona,Levante,1,0,2.39304,0.835832,4.0,3.0,,
2018,10299,2019-04-28 11:00:00,laliga,Valencia,Eibar,0,1,0.494989,1.48526,3.7,4.7,,
2018,10303,2019-04-28 13:00:00,laliga,Girona,Sevilla,1,0,1.02214,1.06533,4.7,2.8,,
2018,10298,2019-04-28 15:15:00,laliga,Real Sociedad,Getafe,2,1,2.18907,0.470273,2.8,2.8,,
2018,10306,2019-04-28 17:30:00,laliga,Villarreal,SD Huesca,1,1,1.15808,1.33098,2.9,5.0,,
2018,10302,2019-04-28 19:45:00,laliga,Rayo Vallecano,Real Madrid,1,0,1.54574,0.460117,3.1,3.0,,
2018,10304,2019-04-29 20:00:00,laliga,Real Betis,Espanyol,1,1,2.16463,2.04379,5.0,5.0,,
2018,10316,2019-05-03 20:00:00,laliga,Sevilla,Leganes,0,3,0.298434,1.28827,5.3,6.1,,
2018,10313,2019-05-04 12:00:00,laliga,Levante,Rayo Vallecano,4,1,3.23086,1.81692,6.7,5.7,,
2018,10310,2019-05-04 15:15:00,laliga,Espanyol,Atletico Madrid,3,0,1.72125,0.853337,4.8,7.0,,
2018,10307,2019-05-04 17:30:00,laliga,Alaves,Real Sociedad,0,1,0.684194,0.746692,7.2,6.1,,
2018,10309,2019-05-04 19:45:00,laliga,Celta Vigo,Barcelona,2,0,1.96282,0.338957,7.1,7.0,,
2018,10315,2019-05-05 11:00:00,laliga,Getafe,Girona,2,0,2.462,0.600426,6.8,6.9,,
2018,10308,2019-05-05 13:00:00,laliga,Eibar,Real Betis,1,0,0.665523,2.38466,7.1,5.7,,
2018,10312,2019-05-05 15:15:00,laliga,Real Madrid,Villarreal,3,2,3.13671,0.641476,6.8,6.9,,
2018,10311,2019-05-05 17:30:00,laliga,Real Valladolid,Athletic Club,1,0,1.16372,1.34312,8.1,8.2,,
2018,10314,2019-05-05 19:45:00,laliga,SD Huesca,Valencia,2,6,2.41782,2.60868,7.1,7.4,,
2018,10317,2019-05-12 17:30:00,laliga,Athletic Club,Celta Vigo,3,1,2.05371,0.921241,7.0,7.9,,
2018,10318,2019-05-12 17:30:00,laliga,Leganes,Espanyol,0,2,0.558882,2.83936,8.9,8.1,,
2018,10319,2019-05-12 17:30:00,laliga,Villarreal,Eibar,1,0,1.36071,0.244236,7.1,7.2,,
2018,10320,2019-05-12 17:30:00,laliga,Valencia,Alaves,3,1,1.67697,0.716334,6.9,8.0,,
2018,10321,2019-05-12 17:30:00,laliga,Rayo Vallecano,Real Valladolid,1,2,1.86651,1.48157,8.2,7.0,,
2018,10322,2019-05-12 17:30:00,laliga,Girona,Levante,1,2,1.42265,0.563093,7.3,8.2,,
2018,10323,2019-05-12 17:30:00,laliga,Real Betis,SD Huesca,2,1,2.00914,1.51781,7.2,6.9,,
2018,10324,2019-05-12 17:30:00,laliga,Barcelona,Getafe,2,0,2.52958,1.2421,7.9,7.3,,
2018,10325,2019-05-12 17:30:00,laliga,Atletico Madrid,Sevilla,1,1,1.4302,0.65825,8.1,8.9,,
2018,10326,2019-05-12 17:30:00,laliga,Real Sociedad,Real Madrid,3,1,2.53737,0.901711,8.0,7.1,,
2018,10330,2019-05-18 11:00:00,laliga,Levante,Atletico Madrid,2,2,2.74916,1.77093,5.7,5.7,,
2018,10331,2019-05-18 14:15:00,laliga,Sevilla,Athletic Club,2,0,1.74602,0.647189,5.9,5.9,,
2018,10333,2019-05-18 14:15:00,laliga,Getafe,Villarreal,2,2,2.34277,0.725479,5.9,5.9,,
2018,10334,2019-05-18 14:15:00,laliga,Espanyol,Real Sociedad,2,0,1.06125,0.318551,5.9,5.9,,
2018,10336,2019-05-18 14:15:00,laliga,Real Valladolid,Valencia,0,2,0.755975,1.58197,5.9,5.9,,
2018,10327,2019-05-18 18:45:00,laliga,Alaves,Girona,2,1,1.07769,1.04889,6.1,6.1,,
2018,10332,2019-05-18 18:45:00,laliga,SD Huesca,Leganes,2,1,1.30468,0.916693,6.1,6.1,,
2018,10335,2019-05-18 18:45:00,laliga,Celta Vigo,Rayo Vallecano,2,2,1.85768,1.32703,6.1,6.1,,
2018,10328,2019-05-19 10:00:00,laliga,Real Madrid,Real Betis,0,2,0.843734,1.71988,6.7,6.7,,
2018,10329,2019-05-19 14:15:00,laliga,Eibar,Barcelona,2,2,1.70196,1.11234,6.9,6.9,,
2019,12026,2019-08-16 20:00:00,laliga,Athletic Club,Barcelona,1,0,0.457129,1.03621,60.0,60.0,,
2019,12023,2019-08-17 16:00:00,laliga,Celta Vigo,Real Madrid,1,3,1.51166,1.99723,60.0,60.0,,
2019,12024,2019-08-17 18:00:00,laliga,Valencia,Real Sociedad,1,1,2.31396,1.79528,60.0,60.0,,
2019,12025,2019-08-17 19:00:00,laliga,Mallorca,Eibar,2,1,1.68856,0.794158,14.0,60.0,,
2019,12027,2019-08-17 20:00:00,laliga,Leganes,Osasuna,0,1,1.26802,0.188265,60.0,60.0,,
2019,12028,2019-08-17 20:00:00,laliga,Villarreal,Granada,4,4,1.93202,1.96668,60.0,60.0,,
2019,12029,2019-08-18 16:00:00,laliga,Alaves,Levante,1,0,0.68416,0.859231,60.0,60.0,,
2019,12030,2019-08-18 18:00:00,laliga,Espanyol,Sevilla,0,2,0.145879,2.40044,60.0,60.0,,
2019,12031,2019-08-18 20:00:00,laliga,Real Betis,Real Valladolid,1,2,1.24003,0.736026,60.0,60.0,,
2019,12032,2019-08-18 21:00:00,laliga,Atletico Madrid,Getafe,1,0,2.44678,0.333556,60.0,60.0,,
2019,12035,2019-08-23 19:00:00,laliga,Granada,Sevilla,0,1,0.428332,1.39211,6.0,5.0,,
2019,12041,2019-08-23 21:00:00,laliga,Levante,Villarreal,2,1,2.07744,2.82602,5.2,6.0,,
2019,12033,2019-08-24 16:00:00,laliga,Osasuna,Eibar,0,0,0.856433,0.65217,6.8,6.9,,
2019,12034,2019-08-24 18:00:00,laliga,Real Madrid,Real Valladolid,1,1,1.72798,1.22209,7.1,5.9,,
2019,12037,2019-08-24 20:00:00,laliga,Celta Vigo,Valencia,1,0,2.37702,0.675601,7.2,7.1,,
2019,12038,2019-08-24 20:00:00,laliga,Getafe,Athletic Club,1,1,0.265811,0.454246,6.0,8.0,,
2019,12039,2019-08-25 16:00:00,laliga,Alaves,Espanyol,0,0,0.675919,0.159461,7.0,6.9,,
2019,12040,2019-08-25 16:00:00,laliga,Mallorca,Real Sociedad,0,1,0.871995,1.59382,7.9,7.9,,
2019,12036,2019-08-25 18:00:00,laliga,Leganes,Atletico Madrid,0,1,0.379878,1.39426,7.9,6.9,,
2019,12042,2019-08-25 20:00:00,laliga,Barcelona,Real Betis,5,2,2.85088,0.145785,9.0,7.0,,
2019,12046,2019-08-30 19:00:00,laliga,Sevilla,Celta Vigo,1,1,1.50787,0.454026,7.0,6.0,,
2019,12047,2019-08-30 21:00:00,laliga,Athletic Club,Real Sociedad,2,0,1.16451,0.217717,6.0,5.2,,
2019,12043,2019-08-31 16:00:00,laliga,Osasuna,Barcelona,2,2,1.7305,0.360967,7.0,5.8,,
2019,12044,2019-08-31 18:00:00,laliga,Getafe,Alaves,1,1,0.972134,1.01227,6.9,6.1,,
2019,12045,2019-08-31 18:00:00,laliga,Levante,Real Valladolid,2,0,2.77857,1.02789,7.9,7.0,,
2019,12048,2019-08-31 19:00:00,laliga,Real Betis,Leganes,2,1,2.52444,1.44559,6.0,6.0,,
2019,12049,2019-09-01 16:00:00,laliga,Valencia,Mallorca,2,0,2.09044,1.16388,7.8,7.0,,
2019,12050,2019-09-01 18:00:00,laliga,Espanyol,Granada,0,3,1.34324,1.58505,7.1,9.0,,
2019,12051,2019-09-01 18:00:00,laliga,Atletico Madrid,Eibar,3,2,1.8114,0.847966,7.0,8.1,,
2019,12052,2019-09-01 20:00:00,laliga,Villarreal,Real Madrid,2,2,2.13825,1.76659,9.0,8.1,,
2019,12059,2019-09-13 19:00:00,laliga,Mallorca,Athletic Club,0,0,2.1905,1.39203,12.1,13.9,,
2019,12060,2019-09-14 11:00:00,laliga,Real Madrid,Levante,3,2,3.3111,1.81125,12.6,13.7,,
2019,12058,2019-09-14 14:00:00,laliga,Leganes,Villarreal,0,3,0.399916,1.83013,13.8,12.8,,
2019,12061,2019-09-14 16:30:00,laliga,Real Sociedad,Atletico Madrid,2,0,2.08851,1.06745,14.8,12.9,,
2019,12054,2019-09-14 19:00:00,laliga,Barcelona,Valencia,5,2,2.61069,1.27064,14.1,13.1,,
2019,12057,2019-09-15 10:00:00,laliga,Eibar,Espanyol,1,2,0.567742,1.64516,13.7,13.7,,
2019,12053,2019-09-15 12:00:00,laliga,Alaves,Sevilla,0,1,0.773661,1.091,14.8,15.7,,
2019,12056,2019-09-15 14:00:00,laliga,Celta Vigo,Granada,0,2,0.233721,1.1436,15.8,13.8,,
2019,12062,2019-09-15 16:30:00,laliga,Real Valladolid,Osasuna,1,1,0.790606,2.68375,14.9,15.0,,
2019,12055,2019-09-15 19:00:00,laliga,Real Betis,Getafe,1,1,1.00209,1.49492,15.0,15.0,,
2019,12067,2019-09-20 19:00:00,laliga,Osasuna,Real Betis,0,0,2.20072,0.334273,5.1,5.0,,
2019,12070,2019-09-21 11:00:00,laliga,Villarreal,Real Valladolid,2,0,2.03561,0.434119,6.9,5.8,,
2019,12066,2019-09-21 14:00:00,laliga,Levante,Eibar,0,0,1.613,1.12755,7.1,6.2,,
2019,12064,2019-09-21 16:30:00,laliga,Atletico Madrid,Celta Vigo,0,0,1.71994,0.582564,7.0,6.1,,
2019,12065,2019-09-21 19:00:00,laliga,Granada,Barcelona,2,0,1.87283,0.557709,6.2,7.0,,
2019,12071,2019-09-22 10:00:00,laliga,Getafe,Mallorca,4,2,2.70951,0.726341,6.6,8.6,,
2019,12072,2019-09-22 12:00:00,laliga,Espanyol,Real Sociedad,1,3,0.701868,1.49572,7.1,7.8,,
2019,12069,2019-09-22 14:00:00,laliga,Valencia,Leganes,1,1,1.66574,1.52139,7.8,8.0,,
2019,12063,2019-09-22 16:30:00,laliga,Athletic Club,Alaves,2,0,1.9352,0.522331,8.9,7.2,,
2019,12068,2019-09-22 19:00:00,laliga,Sevilla,Real Madrid,0,1,0.394624,1.23916,7.3,8.3,,
2019,12075,2019-09-24 17:00:00,laliga,Real Valladolid,Granada,1,1,1.26726,0.650478,3.2,2.9,,
2019,12074,2019-09-24 18:00:00,laliga,Real Betis,Levante,3,1,2.73836,1.93984,4.0,3.2,,
2019,12073,2019-09-24 19:00:00,laliga,Barcelona,Villarreal,2,1,0.643865,0.54607,3.0,3.3,,
2019,12079,2019-09-25 17:00:00,laliga,Mallorca,Atletico Madrid,0,2,0.673477,1.21545,3.3,4.0,,
2019,12080,2019-09-25 17:00:00,laliga,Leganes,Athletic Club,1,1,0.496204,1.29281,3.1,3.0,,
2019,12076,2019-09-25 18:00:00,laliga,Valencia,Getafe,3,3,1.67819,2.65542,3.2,3.3,,
2019,12078,2019-09-25 19:00:00,laliga,Real Madrid,Osasuna,2,0,1.98715,0.11469,3.0,5.0,,
2019,12081,2019-09-26 17:00:00,laliga,Eibar,Sevilla,3,2,1.69937,1.3532,5.1,3.9,,
2019,12082,2019-09-26 18:00:00,laliga,Celta Vigo,Espanyol,1,1,1.1247,1.50653,5.1,4.2,,
2019,12077,2019-09-26 19:00:00,laliga,Real Sociedad,Alaves,3,0,3.80899,0.195935,4.3,4.1,,
2019,12092,2019-09-27 19:00:00,laliga,Villarreal,Real Betis,5,1,2.95644,0.667105,3.0,3.0,,
2019,12084,2019-09-28 11:00:00,laliga,Athletic Club,Valencia,0,1,1.04848,2.10545,2.8,2.7,,
2019,12088,2019-09-28 14:00:00,laliga,Getafe,Barcelona,0,2,1.0808,1.3084,2.8,3.8,,
2019,12089,2019-09-28 16:30:00,laliga,Granada,Leganes,1,0,0.718298,0.989332,4.0,3.0,,
2019,12085,2019-09-28 19:00:00,laliga,Atletico Madrid,Real Madrid,0,0,0.819412,0.379757,3.1,3.0,,
2019,12087,2019-09-29 10:00:00,laliga,Espanyol,Real Valladolid,0,2,0.947178,2.13178,2.7,4.7,,
2019,12086,2019-09-29 12:00:00,laliga,Eibar,Celta Vigo,2,0,1.02791,0.826593,2.8,2.8,,
2019,12083,2019-09-29 14:00:00,laliga,Alaves,Mallorca,2,0,1.84115,0.16946,2.8,3.9,,
2019,12090,2019-09-29 16:30:00,laliga,Levante,Osasuna,1,1,1.55287,0.758419,4.9,3.9,,
2019,12091,2019-09-29 19:00:00,laliga,Sevilla,Real Sociedad,3,2,1.60195,0.774246,3.1,3.0,,
2019,12094,2019-10-04 20:00:00,laliga,Real Betis,Eibar,1,1,1.74382,1.18435,7.0,5.3,,
2019,12096,2019-10-05 12:00:00,laliga,Leganes,Levante,1,2,3.28469,1.08538,6.8,5.8,,
2019,12099,2019-10-05 15:00:00,laliga,Real Madrid,Granada,4,2,2.7833,1.6065,6.8,6.9,,
2019,12101,2019-10-05 17:30:00,laliga,Valencia,Alaves,2,1,1.7079,1.4742,7.3,6.1,,
2019,12098,2019-10-05 20:00:00,laliga,Osasuna,Villarreal,2,1,1.13814,2.52105,6.1,8.0,,
2019,12097,2019-10-06 11:00:00,laliga,Mallorca,Espanyol,2,0,1.02963,0.731578,6.9,7.0,,
2019,12095,2019-10-06 13:00:00,laliga,Celta Vigo,Athletic Club,1,0,1.91529,0.127135,7.0,8.1,,
2019,12102,2019-10-06 15:00:00,laliga,Real Valladolid,Atletico Madrid,0,0,0.969549,0.768197,7.2,7.8,,
2019,12100,2019-10-06 17:30:00,laliga,Real Sociedad,Getafe,1,2,0.770489,0.86893,6.9,8.1,,
2019,12093,2019-10-06 20:00:00,laliga,Barcelona,Sevilla,4,0,2.40324,3.03653,8.2,7.0,,
2019,12109,2019-10-18 20:00:00,laliga,Granada,Osasuna,1,0,0.360979,0.658856,13.2,13.0,,
2019,12106,2019-10-19 12:00:00,laliga,Eibar,Barcelona,0,3,0.212797,1.72534,14.7,12.7,,
2019,12105,2019-10-19 15:00:00,laliga,Atletico Madrid,Valencia,1,1,1.54344,0.757907,13.0,13.9,,
2019,12108,2019-10-19 17:30:00,laliga,Getafe,Leganes,2,0,1.0435,0.372249,13.0,14.2,,
2019,12110,2019-10-19 20:00:00,laliga,Mallorca,Real Madrid,1,0,0.245649,0.808026,13.4,14.2,,
2019,12103,2019-10-20 11:00:00,laliga,Alaves,Celta Vigo,2,0,2.08309,1.1334,14.7,13.9,,
2019,12111,2019-10-20 13:00:00,laliga,Real Sociedad,Real Betis,3,1,1.32948,0.63684,13.8,15.7,,
2019,12107,2019-10-20 15:00:00,laliga,Espanyol,Villarreal,0,1,0.746222,1.64809,14.2,14.8,,
2019,12104,2019-10-20 17:30:00,laliga,Athletic Club,Real Valladolid,1,1,1.50554,0.672979,14.2,14.1,,
2019,12112,2019-10-20 20:00:00,laliga,Sevilla,Levante,1,0,2.58436,0.459674,14.0,15.3,,
2019,12121,2019-10-25 20:00:00,laliga,Villarreal,Alaves,4,1,2.56098,0.591294,5.2,5.4,,
2019,12117,2019-10-26 15:00:00,laliga,Leganes,Mallorca,1,0,1.7617,0.858516,6.9,6.8,,
2019,12122,2019-10-26 17:30:00,laliga,Real Valladolid,Eibar,2,0,1.95496,0.395075,6.0,7.2,,
2019,12115,2019-10-26 20:00:00,laliga,Atletico Madrid,Athletic Club,2,0,1.94897,0.328031,7.2,6.1,,
2019,12114,2019-10-27 11:00:00,laliga,Celta Vigo,Real Sociedad,0,1,0.846315,0.967791,7.0,6.9,,
2019,12116,2019-10-27 13:00:00,laliga,Granada,Real Betis,1,0,1.61831,0.683829,8.7,7.0,,
2019,12118,2019-10-27 15:00:00,laliga,Levante,Espanyol,0,1,0.331551,0.928166,6.8,7.0,,
2019,12120,2019-10-27 17:30:00,laliga,Sevilla,Getafe,2,0,2.14059,0.62652,6.9,8.0,,
2019,12119,2019-10-27 20:00:00,laliga,Osasuna,Valencia,3,1,3.08572,0.836057,9.0,8.2,,
2019,12123,2019-10-29 18:00:00,laliga,Alaves,Atletico Madrid,1,1,0.442747,1.72516,3.9,2.9,,
2019,12125,2019-10-29 20:15:00,laliga,Barcelona,Real Valladolid,5,1,3.77856,1.2024,10.3,3.1,,
2019,12131,2019-10-30 18:00:00,laliga,Real Sociedad,Levante,1,2,1.71528,2.03092,3.3,3.1,,
2019,12132,2019-10-30 18:00:00,laliga,Valencia,Sevilla,1,1,1.0283,0.46703,2.9,3.0,,
2019,12124,2019-10-30 19:00:00,laliga,Athletic Club,Espanyol,3,0,0.410171,0.561641,4.0,3.2,,
2019,12126,2019-10-30 20:00:00,laliga,Real Betis,Celta Vigo,2,1,1.11761,1.59702,3.3,3.4,,
2019,12130,2019-10-30 20:15:00,laliga,Real Madrid,Leganes,5,0,5.60648,0.240435,11.0,4.2,,
2019,12127,2019-10-31 18:00:00,laliga,Eibar,Villarreal,2,1,2.782,1.40491,5.0,5.9,,
2019,12129,2019-10-31 18:00:00,laliga,Mallorca,Osasuna,2,2,2.15631,0.869837,5.1,3.9,,
2019,12128,2019-10-31 20:15:00,laliga,Getafe,Granada,3,1,1.1273,1.91693,4.1,4.3,,
2019,12134,2019-11-02 12:00:00,laliga,Espanyol,Valencia,1,2,1.27932,1.9466,2.7,2.8,,
2019,12137,2019-11-02 15:00:00,laliga,Levante,Barcelona,3,1,0.927053,2.13479,2.9,3.8,,
2019,12140,2019-11-02 17:30:00,laliga,Sevilla,Atletico Madrid,1,1,0.888419,2.45211,3.0,4.0,,
2019,12139,2019-11-02 20:00:00,laliga,Real Madrid,Real Betis,0,0,2.81646,0.437853,3.0,3.0,,
2019,12142,2019-11-03 11:00:00,laliga,Real Valladolid,Mallorca,3,0,1.96371,0.590538,4.6,2.7,,
2019,12141,2019-11-03 13:00:00,laliga,Villarreal,Athletic Club,0,0,1.01674,1.31553,2.8,3.8,,
2019,12138,2019-11-03 15:00:00,laliga,Osasuna,Alaves,4,2,3.87668,1.45796,2.9,4.9,,
2019,12133,2019-11-03 17:30:00,laliga,Celta Vigo,Getafe,0,1,0.133684,0.389551,3.9,2.9,,
2019,12136,2019-11-03 17:30:00,laliga,Leganes,Eibar,1,2,1.56154,1.0478,3.9,3.0,,
2019,12135,2019-11-03 20:00:00,laliga,Granada,Real Sociedad,1,2,0.163677,1.02564,3.0,4.1,,
2019,12151,2019-11-08 20:00:00,laliga,Real Sociedad,Leganes,1,1,1.19357,0.326909,5.0,5.1,,
2019,12143,2019-11-09 12:00:00,laliga,Alaves,Real Valladolid,3,0,2.8505,0.280826,5.9,6.0,,
2019,12152,2019-11-09 15:00:00,laliga,Valencia,Granada,2,0,1.04627,0.417522,7.1,5.8,,
2019,12148,2019-11-09 17:30:00,laliga,Eibar,Real Madrid,0,4,0.88387,2.84489,6.0,6.9,,
2019,12146,2019-11-09 20:00:00,laliga,Barcelona,Celta Vigo,4,1,1.49638,0.317045,7.2,6.1,,
2019,12150,2019-11-10 11:00:00,laliga,Mallorca,Villarreal,3,1,1.56727,3.04498,7.0,6.9,,
2019,12144,2019-11-10 13:00:00,laliga,Athletic Club,Levante,2,1,1.79133,0.873861,7.0,7.9,,
2019,12145,2019-11-10 15:00:00,laliga,Atletico Madrid,Espanyol,3,1,3.05161,0.379993,7.9,8.1,,
2019,12149,2019-11-10 17:30:00,laliga,Getafe,Osasuna,0,0,1.06639,0.065756,7.0,7.1,,
2019,12147,2019-11-10 20:00:00,laliga,Real Betis,Sevilla,1,2,1.56474,0.993088,8.0,8.1,,
2019,12158,2019-11-22 20:00:00,laliga,Levante,Mallorca,2,1,1.83517,1.41139,12.3,12.4,,
2019,12157,2019-11-23 12:00:00,laliga,Leganes,Barcelona,1,2,0.484105,1.68235,14.7,13.7,,
2019,12153,2019-11-23 15:00:00,laliga,Real Betis,Valencia,2,1,1.62946,0.910796,12.8,14.0,,
2019,12156,2019-11-23 17:30:00,laliga,Granada,Atletico Madrid,1,1,0.669993,2.0596,14.1,13.1,,
2019,12160,2019-11-23 20:00:00,laliga,Real Madrid,Real Sociedad,3,1,1.69928,1.41126,14.1,15.0,,
2019,12155,2019-11-24 11:00:00,laliga,Espanyol,Getafe,1,1,1.12432,0.773228,13.8,13.7,,
2019,12159,2019-11-24 13:00:00,laliga,Osasuna,Athletic Club,1,2,1.27092,1.21625,13.8,14.0,,
2019,12154,2019-11-24 15:00:00,laliga,Eibar,Alaves,0,2,1.61983,1.47648,14.9,15.1,,
2019,12161,2019-11-24 17:30:00,laliga,Villarreal,Celta Vigo,1,3,1.20262,1.75554,14.3,14.9,,
2019,12162,2019-11-24 20:00:00,laliga,Real Valladolid,Sevilla,0,1,0.363545,1.11673,15.3,14.0,,
2019,12166,2019-11-29 20:00:00,laliga,Celta Vigo,Real Valladolid,0,0,1.43181,0.263566,5.1,5.0,,
2019,12163,2019-11-30 12:00:00,laliga,Alaves,Real Madrid,1,2,1.10771,2.08673,5.9,6.7,,
2019,12170,2019-11-30 15:00:00,laliga,Real Sociedad,Eibar,4,1,1.39065,0.605108,6.8,6.0,,
2019,12169,2019-11-30 17:30:00,laliga,Mallorca,Real Betis,1,2,2.37108,2.27656,7.9,7.1,,
2019,12172,2019-11-30 20:00:00,laliga,Valencia,Villarreal,2,1,1.58912,1.94325,7.2,6.1,,
2019,12171,2019-12-01 11:00:00,laliga,Sevilla,Leganes,1,0,2.44081,1.05322,6.6,8.0,,
2019,12164,2019-12-01 13:00:00,laliga,Athletic Club,Granada,2,0,1.82466,0.233324,7.0,7.8,,
2019,12167,2019-12-01 15:00:00,laliga,Espanyol,Osasuna,2,4,1.55803,3.03712,7.2,7.1,,
2019,12168,2019-12-01 17:30:00,laliga,Getafe,Levante,4,0,2.05726,0.476355,7.3,8.9,,
2019,12165,2019-12-01 20:00:00,laliga,Atletico Madrid,Barcelona,0,1,1.16353,1.18842,8.1,8.3,,
2019,12181,2019-12-06 20:00:00,laliga,Villarreal,Atletico Madrid,0,0,1.41318,1.71887,6.0,5.0,,
2019,12180,2019-12-07 12:00:00,laliga,Real Madrid,Espanyol,2,0,2.55366,0.286726,7.0,5.9,,
2019,12176,2019-12-07 15:00:00,laliga,Granada,Alaves,3,0,2.63161,0.37368,6.1,7.1,,
2019,12178,2019-12-07 17:30:00,laliga,Levante,Valencia,2,4,2.12541,2.95856,6.0,6.9,,
2019,12173,2019-12-07 20:00:00,laliga,Barcelona,Mallorca,5,2,4.28236,1.0224,6.0,7.1,,
2019,12175,2019-12-08 11:00:00,laliga,Eibar,Getafe,0,1,0.267821,0.913932,7.8,6.7,,
2019,12174,2019-12-08 13:00:00,laliga,Real Betis,Athletic Club,3,2,1.98458,0.985449,7.8,7.0,,
2019,12182,2019-12-08 15:00:00,laliga,Real Valladolid,Real Sociedad,0,0,0.509978,1.87222,8.8,8.0,,
2019,12177,2019-12-08 17:30:00,laliga,Leganes,Celta Vigo,3,2,0.971054,0.47817,7.3,8.9,,
2019,12179,2019-12-08 20:00:00,laliga,Osasuna,Sevilla,1,1,0.661362,1.46737,7.2,7.4,,
2019,12183,2019-12-13 20:00:00,laliga,Alaves,Leganes,1,1,1.56275,0.915597,6.2,5.1,,
2019,12189,2019-12-14 12:00:00,laliga,Granada,Levante,1,2,1.21053,0.917727,6.9,6.8,,
2019,12190,2019-12-14 15:00:00,laliga,Real Sociedad,Barcelona,2,2,2.87892,1.18314,6.0,6.8,,
2019,12184,2019-12-14 17:30:00,laliga,Athletic Club,Eibar,0,0,0.358952,0.276155,6.2,6.3,,
2019,12185,2019-12-14 20:00:00,laliga,Atletico Madrid,Osasuna,2,0,2.5649,0.528091,8.0,6.0,,
2019,12188,2019-12-15 11:00:00,laliga,Getafe,Real Valladolid,2,0,1.88065,0.435816,7.0,6.8,,
2019,12186,2019-12-15 13:00:00,laliga,Celta Vigo,Mallorca,2,2,2.18849,1.51622,6.8,7.7,,
2019,12187,2019-12-15 15:00:00,laliga,Espanyol,Real Betis,2,2,1.58859,0.502557,8.1,7.1,,
2019,12191,2019-12-15 17:30:00,laliga,Sevilla,Villarreal,1,2,1.73952,1.62777,6.9,8.9,,
2019,12192,2019-12-15 20:00:00,laliga,Valencia,Real Madrid,1,1,2.28638,1.97126,8.1,8.3,,
2019,12113,2019-12-18 19:00:00,laliga,Barcelona,Real Madrid,0,0,0.72288,0.844042,4.2,3.0,,
2019,12195,2019-12-20 20:00:00,laliga,Eibar,Granada,3,0,2.55405,1.72232,6.1,6.3,,
2019,12198,2019-12-21 12:00:00,laliga,Mallorca,Sevilla,0,2,0.788281,1.80841,6.0,5.8,,
2019,12193,2019-12-21 15:00:00,laliga,Barcelona,Alaves,4,1,1.43229,0.432162,2.8,7.8,,
2019,12201,2019-12-21 17:30:00,laliga,Villarreal,Getafe,1,0,2.63083,0.646333,6.0,6.3,,
2019,12202,2019-12-21 20:00:00,laliga,Real Valladolid,Valencia,1,1,0.7245,0.835691,6.4,6.0,,
2019,12196,2019-12-22 11:00:00,laliga,Leganes,Espanyol,2,0,0.84514,0.649033,8.6,6.8,,
2019,12199,2019-12-22 13:00:00,laliga,Osasuna,Real Sociedad,3,4,3.10563,2.29198,7.7,7.9,,
2019,12194,2019-12-22 15:00:00,laliga,Real Betis,Atletico Madrid,1,2,0.922514,1.41727,7.0,7.8,,
2019,12197,2019-12-22 17:30:00,laliga,Levante,Celta Vigo,3,1,2.68998,1.4501,8.2,7.2,,
2019,12200,2019-12-22 20:00:00,laliga,Real Madrid,Athletic Club,0,0,2.95373,0.415201,4.0,8.1,,
2019,12212,2020-01-03 18:00:00,laliga,Real Valladolid,Leganes,2,2,1.56625,2.14709,12.9,12.3,,
2019,12210,2020-01-03 20:00:00,laliga,Sevilla,Athletic Club,1,1,1.07523,0.237728,13.3,12.0,,
2019,12211,2020-01-04 12:00:00,laliga,Valencia,Eibar,1,0,1.10197,0.817026,13.7,14.7,,
2019,12207,2020-01-04 15:00:00,laliga,Getafe,Real Madrid,0,3,1.26627,2.09016,13.9,12.8,,
2019,12204,2020-01-04 17:30:00,laliga,Atletico Madrid,Levante,2,1,1.56308,0.736284,13.1,13.0,,
2019,12206,2020-01-04 20:00:00,laliga,Espanyol,Barcelona,2,2,0.730874,2.3097,13.4,14.2,,
2019,12208,2020-01-05 11:00:00,laliga,Granada,Mallorca,1,0,1.38848,0.78276,15.6,15.0,,
2019,12209,2020-01-05 13:00:00,laliga,Real Sociedad,Villarreal,1,2,1.01062,1.29087,14.0,14.8,,
2019,12203,2020-01-05 15:00:00,laliga,Alaves,Real Betis,1,1,0.304027,2.02653,15.0,14.0,,
2019,12205,2020-01-05 20:00:00,laliga,Celta Vigo,Osasuna,1,1,1.91143,0.76674,14.1,14.3,,
2019,12217,2020-01-17 20:00:00,laliga,Leganes,Getafe,0,3,0.280841,1.96098,14.1,13.2,,
2019,12218,2020-01-18 12:00:00,laliga,Levante,Alaves,0,1,1.16982,1.73657,13.8,12.9,,
2019,12221,2020-01-18 15:00:00,laliga,Real Madrid,Sevilla,2,1,1.37156,0.373928,14.0,14.8,,
2019,12220,2020-01-18 17:30:00,laliga,Osasuna,Real Valladolid,0,0,1.59896,0.618269,12.9,15.0,,
2019,12216,2020-01-18 20:00:00,laliga,Eibar,Atletico Madrid,2,0,1.03493,1.03685,14.3,14.1,,
2019,12219,2020-01-19 11:00:00,laliga,Mallorca,Valencia,4,1,2.18221,0.449368,14.0,15.0,,
2019,12215,2020-01-19 13:00:00,laliga,Real Betis,Real Sociedad,3,0,2.26225,0.281591,13.9,14.0,,
2019,12222,2020-01-19 15:00:00,laliga,Villarreal,Espanyol,1,2,2.23006,2.04252,14.1,14.8,,
2019,12213,2020-01-19 17:30:00,laliga,Athletic Club,Celta Vigo,1,1,3.43632,0.716642,15.9,13.9,,
2019,12214,2020-01-19 20:00:00,laliga,Barcelona,Granada,1,0,1.43259,0.187953,15.0,14.4,,
2019,12228,2020-01-24 20:00:00,laliga,Osasuna,Levante,2,0,1.94107,0.601469,6.1,6.3,,
2019,12226,2020-01-25 12:00:00,laliga,Espanyol,Athletic Club,1,1,0.552668,0.660786,5.9,5.8,,
2019,12231,2020-01-25 15:00:00,laliga,Valencia,Barcelona,2,0,1.43787,1.15303,6.2,5.8,,
2019,12223,2020-01-25 17:30:00,laliga,Alaves,Villarreal,1,2,0.975012,1.07139,7.2,6.1,,
2019,12230,2020-01-25 20:00:00,laliga,Sevilla,Granada,2,0,0.807577,0.475664,7.2,6.0,,
2019,12224,2020-01-26 11:00:00,laliga,Atletico Madrid,Leganes,0,0,0.990297,0.37528,7.6,8.6,,
2019,12225,2020-01-26 13:00:00,laliga,Celta Vigo,Eibar,0,0,1.03102,0.223406,6.8,7.7,,
2019,12227,2020-01-26 15:00:00,laliga,Getafe,Real Betis,1,0,1.45193,1.33797,8.8,7.1,,
2019,12229,2020-01-26 17:30:00,laliga,Real Sociedad,Mallorca,3,0,2.6866,0.885045,7.2,7.3,,
2019,12232,2020-01-26 20:00:00,laliga,Real Valladolid,Real Madrid,0,1,0.190691,0.5486,8.1,8.2,,
2019,12235,2020-02-01 12:00:00,laliga,Granada,Espanyol,2,1,0.875651,2.69997,6.7,7.0,,
2019,12238,2020-02-01 15:00:00,laliga,Real Madrid,Atletico Madrid,1,0,1.08227,0.454401,5.8,6.2,,
2019,12237,2020-02-01 17:30:00,laliga,Mallorca,Real Valladolid,0,1,0.550096,1.09282,6.0,5.9,,
2019,12240,2020-02-01 20:00:00,laliga,Valencia,Celta Vigo,1,0,1.103,1.35798,7.2,6.3,,
2019,12236,2020-02-02 11:00:00,laliga,Leganes,Real Sociedad,2,1,1.42,0.108866,7.0,6.7,,
2019,12234,2020-02-02 13:00:00,laliga,Eibar,Real Betis,1,1,2.28348,0.959112,7.0,6.9,,
2019,12242,2020-02-02 15:00:00,laliga,Athletic Club,Getafe,0,2,0.734487,2.25172,8.1,7.0,,
2019,12239,2020-02-02 17:30:00,laliga,Sevilla,Alaves,1,1,1.64919,0.984092,7.9,8.0,,
2019,12241,2020-02-02 17:30:00,laliga,Villarreal,Osasuna,3,1,1.9166,0.915717,8.0,8.9,,
2019,12233,2020-02-02 20:00:00,laliga,Barcelona,Levante,2,1,3.38735,1.21881,8.2,9.0,,
2019,12249,2020-02-07 20:00:00,laliga,Alaves,Eibar,2,1,1.44414,0.159152,5.1,5.3,,
2019,12245,2020-02-08 12:00:00,laliga,Levante,Leganes,2,0,0.933595,1.18902,5.7,6.0,,
2019,12244,2020-02-08 15:00:00,laliga,Getafe,Valencia,3,0,3.27894,0.257146,6.0,6.8,,
2019,12248,2020-02-08 17:30:00,laliga,Real Valladolid,Villarreal,1,1,0.646254,1.38092,7.0,6.0,,
2019,12250,2020-02-08 20:00:00,laliga,Atletico Madrid,Granada,1,0,0.92576,0.89501,7.2,7.3,,
2019,12243,2020-02-09 11:00:00,laliga,Espanyol,Mallorca,1,0,1.81523,0.669911,8.0,7.7,,
2019,12247,2020-02-09 13:00:00,laliga,Real Sociedad,Athletic Club,2,1,2.27376,0.643736,7.1,6.9,,
2019,12246,2020-02-09 15:00:00,laliga,Osasuna,Real Madrid,1,4,0.68297,2.74949,6.9,8.0,,
2019,12252,2020-02-09 17:30:00,laliga,Celta Vigo,Sevilla,2,1,1.38338,1.13918,7.9,7.0,,
2019,12251,2020-02-09 20:00:00,laliga,Real Betis,Barcelona,2,3,1.05905,1.85454,7.3,7.0,,
2019,12261,2020-02-14 20:00:00,laliga,Valencia,Atletico Madrid,2,2,1.56219,1.07192,6.2,6.0,,
2019,12258,2020-02-15 12:00:00,laliga,Mallorca,Alaves,1,0,2.04009,0.784895,6.0,7.7,,
2019,12254,2020-02-15 15:00:00,laliga,Barcelona,Getafe,2,1,1.87978,1.18616,5.8,7.0,,
2019,12262,2020-02-15 17:30:00,laliga,Villarreal,Levante,2,1,0.835883,1.24428,7.0,7.2,,
2019,12256,2020-02-15 20:00:00,laliga,Granada,Real Valladolid,2,1,2.13521,0.638079,7.0,7.1,,
2019,12260,2020-02-16 11:00:00,laliga,Sevilla,Espanyol,2,2,1.65914,0.622409,6.7,7.0,,
2019,12257,2020-02-16 13:00:00,laliga,Leganes,Real Betis,0,0,0.563219,0.487887,8.0,6.7,,
2019,12253,2020-02-16 17:30:00,laliga,Athletic Club,Osasuna,0,1,0.763109,0.836206,7.2,7.1,,
2019,12259,2020-02-16 20:00:00,laliga,Real Madrid,Celta Vigo,2,2,1.90404,1.17019,7.2,7.1,,
2019,12266,2020-02-21 20:00:00,laliga,Real Betis,Mallorca,3,3,3.09931,0.913546,5.3,6.3,,
2019,12267,2020-02-22 12:00:00,laliga,Celta Vigo,Leganes,1,0,0.128175,0.371163,5.7,6.0,,
2019,12265,2020-02-22 15:00:00,laliga,Barcelona,Eibar,5,0,4.66065,0.477994,7.0,14.8,,
2019,12271,2020-02-22 17:30:00,laliga,Real Sociedad,Valencia,3,0,2.3988,0.25727,13.2,7.9,,
2019,12269,2020-02-22 20:00:00,laliga,Levante,Real Madrid,1,0,0.70752,1.90806,7.1,6.0,,
2019,12270,2020-02-23 11:00:00,laliga,Osasuna,Granada,0,3,0.783825,1.68194,6.7,7.6,,
2019,12263,2020-02-23 13:00:00,laliga,Alaves,Athletic Club,2,1,1.84055,0.593519,8.0,6.8,,
2019,12272,2020-02-23 15:00:00,laliga,Real Valladolid,Espanyol,2,1,1.14839,1.26303,7.8,7.2,,
2019,12268,2020-02-23 17:30:00,laliga,Getafe,Sevilla,0,3,0.460518,2.82001,8.1,7.3,,
2019,12264,2020-02-23 20:00:00,laliga,Atletico Madrid,Villarreal,3,1,2.17916,0.440221,9.0,8.1,,
2019,12280,2020-02-28 20:00:00,laliga,Real Sociedad,Real Valladolid,1,0,2.56307,0.86626,6.1,5.2,,
2019,12274,2020-02-29 12:00:00,laliga,Eibar,Levante,3,0,3.07099,0.60028,6.9,6.7,,
2019,12282,2020-02-29 15:00:00,laliga,Valencia,Real Betis,2,1,1.05167,0.793569,6.9,7.8,,
2019,12277,2020-02-29 17:30:00,laliga,Leganes,Alaves,1,1,0.982157,0.977076,7.2,6.2,,
2019,12276,2020-02-29 20:00:00,laliga,Granada,Celta Vigo,0,0,0.918043,0.27654,6.4,7.3,,
2019,12281,2020-03-01 11:00:00,laliga,Sevilla,Osasuna,3,2,1.64954,1.80118,6.7,7.0,,
2019,12273,2020-03-01 13:00:00,laliga,Athletic Club,Villarreal,1,0,2.72308,0.879429,7.0,6.7,,
2019,12275,2020-03-01 15:00:00,laliga,Espanyol,Atletico Madrid,1,1,1.29128,0.761475,7.0,6.8,,
2019,12278,2020-03-01 17:30:00,laliga,Mallorca,Getafe,0,1,0.0726554,0.913015,8.9,7.0,,
2019,12279,2020-03-01 20:00:00,laliga,Real Madrid,Barcelona,2,0,1.0617,1.52303,8.0,8.2,,
2019,12283,2020-03-06 20:00:00,laliga,Alaves,Valencia,1,1,0.938792,0.931772,6.1,6.2,,
2019,12287,2020-03-07 12:00:00,laliga,Eibar,Mallorca,1,2,0.9664,0.90604,7.0,5.8,,
2019,12284,2020-03-07 15:00:00,laliga,Atletico Madrid,Sevilla,2,2,2.04826,1.61538,6.0,6.2,,
2019,12285,2020-03-07 17:30:00,laliga,Barcelona,Real Sociedad,1,0,2.2099,0.550322,5.9,7.9,,
2019,12290,2020-03-07 20:00:00,laliga,Getafe,Celta Vigo,0,0,1.15002,0.156144,6.1,7.0,,
2019,12292,2020-03-08 11:00:00,laliga,Osasuna,Espanyol,1,0,2.2865,0.174034,7.0,6.8,,
2019,12289,2020-03-08 13:00:00,laliga,Real Valladolid,Athletic Club,1,4,2.03703,1.59457,8.7,7.0,,
2019,12291,2020-03-08 15:00:00,laliga,Levante,Granada,1,1,1.06858,1.22846,8.1,7.8,,
2019,12288,2020-03-08 17:30:00,laliga,Villarreal,Leganes,1,2,2.38355,1.7502,7.2,8.0,,
2019,12286,2020-03-08 20:00:00,laliga,Real Betis,Real Madrid,2,1,1.33577,1.39172,8.2,7.0,,
2019,12255,2020-03-10 19:00:00,laliga,Eibar,Real Sociedad,1,2,1.84648,1.30335,3.3,3.1,,
2019,12301,2020-06-11 20:00:00,laliga,Sevilla,Real Betis,2,0,2.11983,0.481345,60.0,60.0,,
2019,12299,2020-06-12 17:30:00,laliga,Granada,Getafe,2,1,2.17942,0.786113,60.0,60.0,,
2019,12300,2020-06-12 20:00:00,laliga,Valencia,Levante,1,1,1.00063,1.45366,60.0,60.0,,
2019,12294,2020-06-13 12:00:00,laliga,Espanyol,Alaves,2,0,2.01521,0.0516535,60.0,60.0,,
2019,12295,2020-06-13 15:00:00,laliga,Celta Vigo,Villarreal,0,1,0.129638,1.61991,60.0,60.0,,
2019,12298,2020-06-13 17:30:00,laliga,Leganes,Real Valladolid,1,2,1.13073,1.23093,60.0,60.0,,
2019,12297,2020-06-13 20:00:00,laliga,Mallorca,Barcelona,0,4,0.648782,2.69892,60.0,60.0,,
2019,12293,2020-06-14 12:00:00,laliga,Athletic Club,Atletico Madrid,1,1,0.362873,1.18398,60.0,60.0,,
2019,12296,2020-06-14 17:30:00,laliga,Real Madrid,Eibar,3,1,1.27218,0.434682,60.0,60.0,,
2019,12302,2020-06-14 20:00:00,laliga,Real Sociedad,Osasuna,1,1,0.89714,1.1455,60.0,60.0,,
2019,12312,2020-06-15 17:30:00,laliga,Levante,Sevilla,1,1,0.807331,1.06949,2.9,3.9,,
2019,12306,2020-06-15 20:00:00,laliga,Real Betis,Granada,2,2,1.49004,1.03374,4.0,3.1,,
2019,12304,2020-06-16 17:30:00,laliga,Getafe,Espanyol,0,0,2.00352,0.786529,4.0,3.2,,
2019,12309,2020-06-16 17:30:00,laliga,Villarreal,Mallorca,1,0,1.62532,1.65754,3.1,2.9,,
2019,12307,2020-06-16 20:00:00,laliga,Barcelona,Leganes,2,0,1.53086,0.85627,3.0,3.1,,
2019,12305,2020-06-17 17:30:00,laliga,Eibar,Athletic Club,2,2,1.83348,1.72308,3.0,3.2,,
2019,12310,2020-06-17 17:30:00,laliga,Real Valladolid,Celta Vigo,0,0,0.436127,1.0575,4.0,4.1,,
2019,12311,2020-06-17 20:00:00,laliga,Osasuna,Atletico Madrid,0,5,0.860898,2.40229,3.0,3.3,,
2019,12303,2020-06-18 17:30:00,laliga,Alaves,Real Sociedad,2,0,1.52088,0.318266,5.2,3.9,,
2019,12308,2020-06-18 20:00:00,laliga,Real Madrid,Valencia,3,0,2.02374,0.156776,4.1,6.0,,
2019,12318,2020-06-19 17:30:00,laliga,Granada,Villarreal,0,1,0.883633,0.803321,3.9,3.0,,
2019,12319,2020-06-19 17:30:00,laliga,Mallorca,Leganes,1,1,0.478364,1.08784,3.0,2.9,,
2019,12321,2020-06-19 20:00:00,laliga,Sevilla,Barcelona,0,0,0.824926,0.741303,4.1,3.0,,
2019,12316,2020-06-20 12:00:00,laliga,Espanyol,Levante,1,3,0.491778,2.56766,3.8,4.8,,
2019,12313,2020-06-20 15:00:00,laliga,Athletic Club,Real Betis,1,0,2.24762,2.13638,2.9,4.8,,
2019,12317,2020-06-20 17:30:00,laliga,Getafe,Eibar,1,1,0.820376,0.816384,4.0,3.0,,
2019,12314,2020-06-20 20:00:00,laliga,Atletico Madrid,Real Valladolid,1,0,0.768121,0.281386,3.0,3.1,,
2019,12315,2020-06-21 12:00:00,laliga,Celta Vigo,Alaves,6,0,2.82117,0.168445,3.8,2.8,,
2019,12322,2020-06-21 17:30:00,laliga,Valencia,Osasuna,2,0,1.8991,1.60978,2.9,3.9,,
2019,12320,2020-06-21 20:00:00,laliga,Real Sociedad,Real Madrid,1,2,0.482127,1.30503,3.1,3.0,,
2019,12327,2020-06-22 20:00:00,laliga,Leganes,Granada,0,0,1.11797,0.147341,3.1,3.1,,
2019,12331,2020-06-22 20:00:00,laliga,Villarreal,Sevilla,2,2,1.08857,1.2636,3.1,3.0,,
2019,12328,2020-06-23 17:30:00,laliga,Levante,Atletico Madrid,0,1,0.748438,1.0251,3.2,2.9,,
2019,12332,2020-06-23 17:30:00,laliga,Real Valladolid,Getafe,1,1,1.08861,0.675045,2.9,3.0,,
2019,12324,2020-06-23 20:00:00,laliga,Barcelona,Athletic Club,1,0,1.8377,0.649841,4.0,3.2,,
2019,12323,2020-06-24 17:30:00,laliga,Alaves,Osasuna,0,1,0.389684,1.1029,3.2,3.0,,
2019,12330,2020-06-24 17:30:00,laliga,Real Sociedad,Celta Vigo,0,1,0.628775,0.848154,2.9,3.2,,
2019,12329,2020-06-24 20:00:00,laliga,Real Madrid,Mallorca,2,0,1.3538,0.573505,3.0,5.1,,
2019,12326,2020-06-25 17:30:00,laliga,Eibar,Valencia,1,0,0.555369,0.389713,5.0,4.0,,
2019,12325,2020-06-25 20:00:00,laliga,Real Betis,Espanyol,1,0,1.07378,1.12604,5.2,5.3,,
2019,12341,2020-06-26 20:00:00,laliga,Sevilla,Real Valladolid,1,1,1.59745,0.583726,4.0,3.1,,
2019,12335,2020-06-27 15:00:00,laliga,Celta Vigo,Barcelona,2,2,1.93802,2.13485,2.9,3.8,,
2019,12333,2020-06-27 16:30:00,laliga,Athletic Club,Mallorca,3,1,2.76806,1.16492,3.9,2.9,,
2019,12340,2020-06-27 17:30:00,laliga,Osasuna,Leganes,2,1,0.896141,1.48812,3.0,4.9,,
2019,12334,2020-06-27 20:00:00,laliga,Atletico Madrid,Alaves,2,1,1.86903,1.12577,4.1,3.1,,
2019,12339,2020-06-28 16:30:00,laliga,Levante,Real Betis,4,2,1.6905,1.51929,5.0,2.9,,
2019,12342,2020-06-28 16:30:00,laliga,Villarreal,Valencia,2,0,2.41493,0.182323,5.9,3.0,,
2019,12338,2020-06-28 18:30:00,laliga,Granada,Eibar,1,2,1.49293,1.68478,5.9,3.0,,
2019,12336,2020-06-28 20:00:00,laliga,Espanyol,Real Madrid,0,1,1.00521,2.41536,3.0,4.0,,
2019,12337,2020-06-29 20:00:00,laliga,Getafe,Real Sociedad,2,1,1.3901,0.731053,6.1,5.1,,
2019,12347,2020-06-30 19:00:00,laliga,Leganes,Sevilla,0,3,0.756658,0.710464,3.1,4.0,,
2019,12344,2020-06-30 20:00:00,laliga,Barcelona,Atletico Madrid,2,2,1.80729,1.78128,3.2,3.0,,
2019,12348,2020-06-30 23:00:00,laliga,Mallorca,Celta Vigo,5,1,1.6815,1.55871,3.3,3.3,,
2019,12343,2020-07-01 17:30:00,laliga,Alaves,Granada,0,2,1.01978,1.23821,3.9,3.0,,
2019,12351,2020-07-01 17:30:00,laliga,Valencia,Athletic Club,0,2,1.27025,0.91393,3.0,4.0,,
2019,12345,2020-07-01 20:00:00,laliga,Real Betis,Villarreal,0,2,0.400169,2.91561,3.1,3.1,,
2019,12352,2020-07-01 20:00:00,laliga,Real Valladolid,Levante,0,0,1.37071,0.206917,5.0,3.1,,
2019,12346,2020-07-02 17:30:00,laliga,Eibar,Osasuna,0,2,0.844993,0.965632,4.0,5.0,,
2019,12350,2020-07-02 17:30:00,laliga,Real Sociedad,Espanyol,2,1,1.38838,0.11827,2.9,3.9,,
2019,12349,2020-07-02 20:00:00,laliga,Real Madrid,Getafe,1,0,1.75594,0.35097,4.0,3.0,,
2019,12354,2020-07-03 20:00:00,laliga,Atletico Madrid,Mallorca,3,0,2.65175,0.595505,3.0,2.9,,
2019,12355,2020-07-04 15:00:00,laliga,Celta Vigo,Real Betis,1,1,0.238909,0.636627,3.7,2.8,,
2019,12362,2020-07-04 17:30:00,laliga,Real Valladolid,Alaves,1,0,0.591015,0.311545,2.9,3.0,,
2019,12357,2020-07-04 20:00:00,laliga,Granada,Valencia,2,2,2.67712,0.851494,3.1,3.1,,
2019,12353,2020-07-05 12:00:00,laliga,Athletic Club,Real Madrid,0,1,0.240102,2.90047,3.8,2.7,,
2019,12356,2020-07-05 15:00:00,laliga,Espanyol,Leganes,0,1,0.705114,0.423597,2.9,4.8,,
2019,12359,2020-07-05 17:30:00,laliga,Osasuna,Getafe,0,0,0.667423,0.293418,3.0,2.9,,
2019,12361,2020-07-05 20:00:00,laliga,Villarreal,Barcelona,1,4,0.961984,2.75294,4.0,5.0,,
2019,12358,2020-07-06 17:30:00,laliga,Levante,Real Sociedad,1,1,1.19147,1.06365,4.9,4.0,,
2019,12360,2020-07-06 20:00:00,laliga,Sevilla,Eibar,1,0,1.29481,1.16838,6.0,4.1,,
2019,12368,2020-07-07 17:30:00,laliga,Valencia,Real Valladolid,2,1,1.14695,0.407041,2.9,3.0,,
2019,12366,2020-07-07 20:00:00,laliga,Celta Vigo,Atletico Madrid,1,1,0.281854,1.0928,3.2,4.0,,
2019,12365,2020-07-08 18:30:00,laliga,Real Betis,Osasuna,3,0,2.12533,0.407994,4.1,3.0,,
2019,12370,2020-07-08 18:30:00,laliga,Getafe,Villarreal,1,3,0.580238,1.95451,3.0,2.9,,
2019,12364,2020-07-08 20:00:00,laliga,Barcelona,Espanyol,1,0,0.897655,0.830636,3.0,3.2,,
2019,12369,2020-07-09 17:30:00,laliga,Eibar,Leganes,0,0,0.156567,0.398122,2.9,4.1,,
2019,12371,2020-07-09 17:30:00,laliga,Mallorca,Levante,2,0,1.48983,1.008,5.9,3.0,,
2019,12363,2020-07-09 20:00:00,laliga,Athletic Club,Sevilla,1,2,1.6153,1.80682,4.3,3.0,,
2019,12367,2020-07-10 17:30:00,laliga,Real Sociedad,Granada,2,3,1.18927,0.312385,4.0,5.9,,
2019,12372,2020-07-10 20:00:00,laliga,Real Madrid,Alaves,2,0,2.35582,1.31041,5.3,6.1,,
2019,12375,2020-07-11 15:00:00,laliga,Osasuna,Celta Vigo,2,1,1.2561,0.985972,2.9,3.8,,
2019,12380,2020-07-11 17:30:00,laliga,Real Valladolid,Barcelona,0,1,0.849569,1.02109,4.0,2.9,,
2019,12378,2020-07-11 20:00:00,laliga,Atletico Madrid,Real Betis,1,0,0.76357,1.1694,4.0,3.1,,
2019,12379,2020-07-12 12:00:00,laliga,Espanyol,Eibar,0,2,0.884621,2.0596,3.7,2.8,,
2019,12374,2020-07-12 15:00:00,laliga,Levante,Athletic Club,1,2,1.10257,0.979209,2.9,2.8,,
2019,12377,2020-07-12 17:30:00,laliga,Leganes,Valencia,1,0,1.2593,1.28008,3.0,5.0,,
2019,12381,2020-07-12 20:00:00,laliga,Sevilla,Mallorca,2,0,1.91225,0.309223,3.0,3.1,,
2019,12373,2020-07-13 17:30:00,laliga,Alaves,Getafe,0,0,0.118514,0.596646,2.9,5.0,,
2019,12382,2020-07-13 17:30:00,laliga,Villarreal,Real Sociedad,1,2,0.365973,1.24702,5.0,3.0,,
2019,12376,2020-07-13 20:00:00,laliga,Granada,Real Madrid,1,2,0.930144,0.527843,3.1,3.0,,
2019,12387,2020-07-16 16:30:00,laliga,Eibar,Real Valladolid,3,1,2.6027,2.14787,4.2,5.0,,
2019,12383,2020-07-16 19:00:00,laliga,Celta Vigo,Levante,2,3,1.64845,1.39618,5.2,4.2,,
2019,12384,2020-07-16 19:00:00,laliga,Real Betis,Alaves,1,2,1.80332,2.31274,5.0,3.1,,
2019,12385,2020-07-16 19:00:00,laliga,Barcelona,Osasuna,1,2,1.14981,0.672683,5.1,5.2,,
2019,12386,2020-07-16 19:00:00,laliga,Athletic Club,Leganes,0,2,0.62086,1.84675,4.2,4.1,,
2019,12388,2020-07-16 19:00:00,laliga,Valencia,Espanyol,1,0,1.24164,1.20165,4.1,4.3,,
2019,12389,2020-07-16 19:00:00,laliga,Real Sociedad,Sevilla,0,0,0.835797,0.611057,3.1,4.0,,
2019,12390,2020-07-16 19:00:00,laliga,Real Madrid,Villarreal,2,1,1.69772,1.14058,3.0,3.1,,
2019,12391,2020-07-16 19:00:00,laliga,Mallorca,Granada,1,2,1.21791,1.09278,4.0,3.0,,
2019,12392,2020-07-16 19:00:00,laliga,Getafe,Atletico Madrid,0,2,1.13873,1.74341,3.1,5.0,,
2019,12400,2020-07-19 16:30:00,laliga,Real Valladolid,Real Betis,2,0,0.915131,0.548953,3.0,2.9,,
2019,12393,2020-07-19 19:00:00,laliga,Alaves,Barcelona,0,5,0.274487,3.62799,3.0,3.0,,
2019,12394,2020-07-19 19:00:00,laliga,Atletico Madrid,Real Sociedad,1,1,1.50008,0.335651,3.0,3.0,,
2019,12395,2020-07-19 19:00:00,laliga,Espanyol,Celta Vigo,0,0,0.362807,0.444157,3.0,3.0,,
2019,12396,2020-07-19 19:00:00,laliga,Leganes,Real Madrid,2,2,1.16055,1.06489,3.0,3.0,,
2019,12397,2020-07-19 19:00:00,laliga,Granada,Athletic Club,4,0,2.33033,0.564731,3.0,3.0,,
2019,12398,2020-07-19 19:00:00,laliga,Levante,Getafe,1,0,2.58924,1.73078,3.0,3.0,,
2019,12399,2020-07-19 19:00:00,laliga,Osasuna,Mallorca,2,2,1.00938,0.595381,3.0,3.0,,
2019,12401,2020-07-19 19:00:00,laliga,Villarreal,Eibar,4,0,3.00793,0.762647,3.0,3.1,,
2019,12402,2020-07-19 19:00:00,laliga,Sevilla,Valencia,1,0,0.731583,0.301441,3.0,3.0,,
2020,14136,2020-09-12 14:00:00,laliga,Eibar,Celta Vigo,0,0,0.344008,0.783653,54.8,54.8,,
2020,14137,2020-09-12 16:30:00,laliga,Granada,Athletic Club,2,0,0.545144,0.483337,54.9,54.9,,
2020,14138,2020-09-12 19:00:00,laliga,Cadiz,Osasuna,0,2,0.600934,0.633286,14.0,55.0,,
2020,14139,2020-09-13 12:00:00,laliga,Alaves,Real Betis,0,1,1.17642,0.341233,55.7,55.8,,
2020,14140,2020-09-13 14:00:00,laliga,Real Valladolid,Real Sociedad,1,1,0.858211,0.31178,55.9,55.8,,
2020,14143,2020-09-13 16:30:00,laliga,Villarreal,SD Huesca,1,1,2.01913,0.556003,55.9,60.0,,
2020,14144,2020-09-13 19:00:00,laliga,Valencia,Levante,4,2,1.72531,2.37179,56.0,56.0,,
2020,14146,2020-09-19 14:00:00,laliga,Villarreal,Eibar,2,1,2.99286,1.112,5.9,7.0,,
2020,14145,2020-09-19 16:30:00,laliga,Getafe,Osasuna,1,0,0.702715,0.486466,60.0,6.9,,
2020,14147,2020-09-19 19:00:00,laliga,Celta Vigo,Valencia,2,1,2.33534,0.456643,7.2,6.0,,
2020,14148,2020-09-20 14:00:00,laliga,SD Huesca,Cadiz,0,2,0.223846,1.50522,6.9,7.8,,
2020,14151,2020-09-20 16:30:00,laliga,Granada,Alaves,2,1,2.45453,0.77021,8.0,7.2,,
2020,14153,2020-09-20 16:30:00,laliga,Real Betis,Real Valladolid,2,0,1.76775,0.290702,7.2,7.1,,
2020,14152,2020-09-20 19:00:00,laliga,Real Sociedad,Real Madrid,0,0,0.718119,0.769069,7.2,60.0,,
2020,14154,2020-09-26 11:00:00,laliga,Alaves,Getafe,0,0,0.867165,1.31111,5.8,6.8,,
2020,14161,2020-09-26 14:00:00,laliga,Valencia,SD Huesca,1,1,0.306092,1.10618,6.8,6.0,,
2020,14163,2020-09-26 16:30:00,laliga,Elche,Real Sociedad,0,3,1.23661,3.3738,60.0,5.9,,
2020,14157,2020-09-26 19:00:00,laliga,Real Betis,Real Madrid,2,3,1.41465,3.86499,6.1,6.0,,
2020,14160,2020-09-27 10:00:00,laliga,Osasuna,Levante,1,3,0.724471,2.99435,7.7,13.6,,
2020,14158,2020-09-27 12:00:00,laliga,Eibar,Athletic Club,1,2,0.325316,0.505645,7.9,14.8,,
2020,14155,2020-09-27 14:00:00,laliga,Atletico Madrid,Granada,6,1,3.60448,1.30515,60.0,6.9,,
2020,14162,2020-09-27 16:30:00,laliga,Real Valladolid,Celta Vigo,1,1,1.52483,1.08307,7.0,7.9,,
2020,14156,2020-09-27 19:00:00,laliga,Barcelona,Villarreal,4,0,3.50735,0.244835,60.0,8.2,,
2020,14159,2020-09-27 19:00:00,laliga,Cadiz,Sevilla,1,3,1.0983,2.2102,7.2,60.0,,
2020,14170,2020-09-29 17:00:00,laliga,Real Sociedad,Valencia,0,1,0.589249,0.836796,3.0,3.1,,
2020,14167,2020-09-29 19:30:00,laliga,Getafe,Real Betis,3,0,0.908069,0.442837,3.4,3.0,,
2020,14168,2020-09-30 17:00:00,laliga,SD Huesca,Atletico Madrid,0,0,0.631932,1.79241,4.1,3.1,,
2020,14172,2020-09-30 17:00:00,laliga,Villarreal,Alaves,3,1,2.65908,0.618672,2.9,4.2,,
2020,14166,2020-09-30 19:30:00,laliga,Eibar,Elche,0,1,1.06052,0.378171,3.3,4.1,,
2020,14169,2020-09-30 19:30:00,laliga,Real Madrid,Real Valladolid,1,0,2.64599,0.540187,4.0,3.1,,
2020,14164,2020-10-01 17:00:00,laliga,Athletic Club,Cadiz,0,1,0.545027,0.263675,4.2,3.9,,
2020,14171,2020-10-01 17:00:00,laliga,Sevilla,Levante,1,0,1.04729,0.375244,3.9,4.3,,
2020,14165,2020-10-01 19:30:00,laliga,Celta Vigo,Barcelona,0,3,0.568201,0.931689,4.1,4.0,,
2020,14823,2020-10-03 11:00:00,laliga,Real Valladolid,Eibar,1,2,1.09473,1.6913,2.6,2.6,,
2020,14816,2020-10-03 14:00:00,laliga,Atletico Madrid,Villarreal,0,0,0.610002,0.201508,2.9,2.9,,
2020,14821,2020-10-03 16:30:00,laliga,Real Sociedad,Getafe,3,0,2.19684,0.315862,4.0,3.9,,
2020,14824,2020-10-03 16:30:00,laliga,Elche,SD Huesca,0,0,0.188885,1.70374,2.9,3.0,,
2020,14822,2020-10-03 19:00:00,laliga,Valencia,Real Betis,0,2,0.475219,1.87508,4.1,4.0,,
2020,14820,2020-10-04 10:00:00,laliga,Osasuna,Celta Vigo,2,0,1.12188,0.360866,7.0,2.6,,
2020,14815,2020-10-04 12:00:00,laliga,Alaves,Athletic Club,1,0,0.520642,0.487749,3.8,2.8,,
2020,14819,2020-10-04 14:00:00,laliga,Levante,Real Madrid,0,2,0.577329,1.87714,2.9,3.8,,
2020,14818,2020-10-04 16:30:00,laliga,Cadiz,Granada,1,1,1.09095,0.820558,3.0,7.1,,
2020,14817,2020-10-04 19:00:00,laliga,Barcelona,Sevilla,1,1,1.05717,1.25522,3.0,3.1,,
2020,14831,2020-10-17 11:00:00,laliga,Granada,Sevilla,1,0,1.08721,0.699011,12.8,12.7,,
2020,14828,2020-10-17 14:00:00,laliga,Celta Vigo,Atletico Madrid,0,2,1.89737,1.51399,13.2,14.0,,
2020,14833,2020-10-17 16:30:00,laliga,Real Madrid,Cadiz,0,1,1.1359,1.768,13.1,13.0,,
2020,14830,2020-10-17 19:00:00,laliga,Getafe,Barcelona,1,0,1.70992,0.62541,14.1,13.0,,
2020,14829,2020-10-18 10:00:00,laliga,Eibar,Osasuna,0,0,0.371361,1.2646,15.0,14.0,,
2020,14826,2020-10-18 12:00:00,laliga,Athletic Club,Levante,2,0,2.07013,0.281482,14.0,13.9,,
2020,14834,2020-10-18 14:00:00,laliga,Villarreal,Valencia,2,1,1.59975,0.677588,15.0,14.8,,
2020,14825,2020-10-18 16:30:00,laliga,Alaves,Elche,0,2,0.90822,0.902261,14.2,15.0,,
2020,14832,2020-10-18 16:30:00,laliga,SD Huesca,Real Valladolid,2,2,1.25439,0.907963,15.0,15.2,,
2020,14827,2020-10-18 19:00:00,laliga,Real Betis,Real Sociedad,0,3,0.304528,1.58336,15.0,15.1,,
2020,14844,2020-10-23 19:00:00,laliga,Elche,Valencia,2,1,0.165573,1.23519,5.1,5.2,,
2020,14836,2020-10-24 14:00:00,laliga,Barcelona,Real Madrid,1,3,1.57351,3.20848,6.8,6.9,,
2020,14840,2020-10-24 16:30:00,laliga,Osasuna,Athletic Club,1,0,0.989319,0.5791,6.3,6.2,,
2020,14842,2020-10-24 16:30:00,laliga,Sevilla,Eibar,0,1,1.98558,0.198368,7.2,6.3,,
2020,14835,2020-10-24 19:00:00,laliga,Atletico Madrid,Real Betis,2,0,1.24304,1.01541,7.2,6.0,,
2020,14843,2020-10-25 13:00:00,laliga,Real Valladolid,Alaves,0,2,0.305213,2.3128,6.9,6.9,,
2020,14838,2020-10-25 15:00:00,laliga,Cadiz,Villarreal,0,0,0.20914,0.752296,7.9,7.0,,
2020,14837,2020-10-25 17:30:00,laliga,Getafe,Granada,0,1,1.33438,0.949811,7.9,8.3,,
2020,14841,2020-10-25 20:00:00,laliga,Real Sociedad,SD Huesca,4,1,1.79773,0.591473,7.0,7.1,,
2020,14839,2020-10-26 20:00:00,laliga,Levante,Celta Vigo,1,1,1.19249,0.818389,8.3,9.2,,
2020,14849,2020-10-30 20:00:00,laliga,Eibar,Cadiz,0,2,0.466935,0.932416,6.1,5.2,,
2020,14852,2020-10-31 13:00:00,laliga,Real Madrid,SD Huesca,4,1,2.23898,0.79915,7.0,5.7,,
2020,14846,2020-10-31 15:00:00,laliga,Athletic Club,Sevilla,2,1,1.32876,1.15091,6.9,6.9,,
2020,14851,2020-10-31 17:30:00,laliga,Osasuna,Atletico Madrid,1,3,1.42768,3.06286,7.0,6.9,,
2020,14845,2020-10-31 20:00:00,laliga,Alaves,Barcelona,1,1,1.11324,2.07747,6.3,7.2,,
2020,14847,2020-11-01 13:00:00,laliga,Real Betis,Elche,3,1,3.06462,0.478252,7.8,8.8,,
2020,14848,2020-11-01 15:00:00,laliga,Celta Vigo,Real Sociedad,1,4,2.12312,2.27628,5.8,6.8,,
2020,14850,2020-11-01 17:30:00,laliga,Granada,Levante,1,1,0.230886,0.813588,7.0,5.9,,
2020,14853,2020-11-01 20:00:00,laliga,Valencia,Getafe,2,2,1.75934,2.35774,9.0,7.1,,
2020,14854,2020-11-02 20:00:00,laliga,Villarreal,Real Valladolid,2,0,1.85014,0.793913,8.2,8.3,,
2020,14864,2020-11-06 20:00:00,laliga,Elche,Celta Vigo,1,1,1.6055,2.15551,5.3,5.2,,
2020,14858,2020-11-07 13:00:00,laliga,SD Huesca,Eibar,1,1,2.23211,0.839508,7.0,7.7,,
2020,14856,2020-11-07 15:15:00,laliga,Barcelona,Real Betis,5,2,4.44487,0.86991,6.8,6.1,,
2020,14861,2020-11-07 17:30:00,laliga,Sevilla,Osasuna,1,0,1.151,0.499107,7.1,7.0,,
2020,14855,2020-11-07 20:00:00,laliga,Atletico Madrid,Cadiz,4,0,2.62556,0.395983,7.1,8.0,,
2020,14857,2020-11-08 13:00:00,laliga,Getafe,Villarreal,1,3,0.55465,2.32114,6.7,5.7,,
2020,14860,2020-11-08 15:15:00,laliga,Real Sociedad,Granada,2,0,3.72416,0.780649,7.0,6.9,,
2020,14859,2020-11-08 17:30:00,laliga,Levante,Alaves,1,1,1.99148,1.01595,7.0,7.9,,
2020,14863,2020-11-08 17:30:00,laliga,Real Valladolid,Athletic Club,2,1,2.28498,1.57936,5.9,8.1,,
2020,14862,2020-11-08 20:00:00,laliga,Valencia,Real Madrid,4,1,2.34693,1.05824,7.0,8.3,,
2020,14872,2020-11-20 20:00:00,laliga,Osasuna,SD Huesca,1,1,0.878778,0.807899,13.1,13.3,,
2020,14871,2020-11-21 13:00:00,laliga,Levante,Elche,1,1,0.902091,0.832435,12.8,14.7,,
2020,14874,2020-11-21 15:15:00,laliga,Villarreal,Real Madrid,1,1,1.72712,0.652049,13.1,12.8,,
2020,14873,2020-11-21 17:30:00,laliga,Sevilla,Celta Vigo,4,2,2.22603,2.08172,14.0,14.9,,
2020,14867,2020-11-21 20:00:00,laliga,Atletico Madrid,Barcelona,1,0,0.812108,1.29964,14.0,14.2,,
2020,14868,2020-11-22 13:00:00,laliga,Eibar,Getafe,0,0,1.45225,0.352628,15.0,14.0,,
2020,14869,2020-11-22 15:15:00,laliga,Cadiz,Real Sociedad,0,1,0.0824748,1.90588,14.8,14.0,,
2020,14870,2020-11-22 17:30:00,laliga,Granada,Real Valladolid,1,3,1.40253,1.45546,14.1,14.0,,
2020,14865,2020-11-22 20:00:00,laliga,Alaves,Valencia,2,2,1.82668,1.79824,14.1,14.0,,
2020,14866,2020-11-23 20:00:00,laliga,Athletic Club,Real Betis,4,0,2.75202,0.385631,15.1,16.2,,
2020,14883,2020-11-27 20:00:00,laliga,Real Valladolid,Levante,1,1,1.25969,1.11009,5.1,6.3,,
2020,14884,2020-11-28 13:00:00,laliga,Elche,Cadiz,1,1,0.0867292,0.678171,7.0,5.9,,
2020,14882,2020-11-28 15:15:00,laliga,Valencia,Atletico Madrid,0,1,0.181436,1.10533,5.8,6.8,,
2020,14879,2020-11-28 17:30:00,laliga,SD Huesca,Sevilla,0,1,0.167609,1.69981,7.9,7.0,,
2020,14880,2020-11-28 20:00:00,laliga,Real Madrid,Alaves,1,2,1.66068,2.35024,7.2,6.0,,
2020,14875,2020-11-29 13:00:00,laliga,Barcelona,Osasuna,4,0,3.91416,1.56118,7.7,8.7,,
2020,14878,2020-11-29 15:15:00,laliga,Getafe,Athletic Club,1,1,0.536725,0.277502,7.1,5.8,,
2020,14877,2020-11-29 17:30:00,laliga,Celta Vigo,Granada,3,1,4.64116,1.49416,8.0,7.0,,
2020,14881,2020-11-29 20:00:00,laliga,Real Sociedad,Villarreal,1,1,1.91705,1.10165,7.2,8.2,,
2020,14876,2020-11-30 20:00:00,laliga,Real Betis,Eibar,0,2,0.51761,3.24869,7.0,8.3,,
2020,14892,2020-12-04 20:00:00,laliga,Athletic Club,Celta Vigo,0,2,0.454057,1.20044,5.2,5.1,,
2020,14887,2020-12-05 13:00:00,laliga,Levante,Getafe,3,0,2.56696,0.49433,7.7,5.9,,
2020,14889,2020-12-05 15:15:00,laliga,Sevilla,Real Madrid,0,1,0.533909,1.69653,6.9,6.8,,
2020,14893,2020-12-05 17:30:00,laliga,Atletico Madrid,Real Valladolid,2,0,1.2755,0.440427,7.1,7.9,,
2020,14885,2020-12-05 20:00:00,laliga,Cadiz,Barcelona,2,1,2.61118,1.71026,7.3,6.3,,
2020,14886,2020-12-06 13:00:00,laliga,Granada,SD Huesca,3,3,1.82994,1.68663,6.8,7.8,,
2020,14888,2020-12-06 15:15:00,laliga,Osasuna,Real Betis,0,2,0.366687,1.52162,7.1,5.8,,
2020,14890,2020-12-06 17:30:00,laliga,Villarreal,Elche,0,0,0.520422,0.0544723,6.9,8.2,,
2020,14891,2020-12-06 20:00:00,laliga,Alaves,Real Sociedad,0,0,0.249462,1.39953,8.0,7.0,,
2020,14894,2020-12-07 20:00:00,laliga,Eibar,Valencia,0,0,1.09317,0.648196,7.0,9.2,,
2020,14896,2020-12-11 20:00:00,laliga,Real Valladolid,Osasuna,3,2,1.87748,1.33403,6.1,5.2,,
2020,14895,2020-12-12 13:00:00,laliga,Valencia,Athletic Club,2,2,2.17259,1.73307,4.7,7.7,,
2020,14901,2020-12-12 15:15:00,laliga,Getafe,Sevilla,0,1,0.374252,0.507527,7.1,7.0,,
2020,14902,2020-12-12 17:30:00,laliga,SD Huesca,Alaves,1,0,0.380766,0.171439,6.2,5.9,,
2020,14903,2020-12-12 20:00:00,laliga,Real Madrid,Atletico Madrid,2,0,0.6517,0.784775,7.2,7.1,,
2020,14904,2020-12-13 13:00:00,laliga,Real Sociedad,Eibar,1,1,1.33912,1.55401,6.7,5.7,,
2020,14899,2020-12-13 15:15:00,laliga,Real Betis,Villarreal,1,1,0.475008,1.10577,7.0,6.9,,
2020,14897,2020-12-13 17:30:00,laliga,Elche,Granada,0,1,0.534289,1.40539,7.0,7.2,,
2020,14898,2020-12-13 20:00:00,laliga,Barcelona,Levante,1,0,2.62077,0.97888,8.0,8.3,,
2020,14900,2020-12-14 20:00:00,laliga,Celta Vigo,Cadiz,4,0,1.51712,0.906249,10.0,9.0,,
2020,14906,2020-12-15 21:00:00,laliga,Real Madrid,Athletic Club,3,1,2.58032,0.728304,3.0,3.3,,
2020,14905,2020-12-16 20:00:00,laliga,Barcelona,Real Sociedad,2,1,2.58133,1.82452,3.0,3.3,,
2020,14907,2020-12-18 20:00:00,laliga,Athletic Club,SD Huesca,2,0,1.51945,0.182818,3.0,6.1,,
2020,14908,2020-12-19 13:00:00,laliga,Atletico Madrid,Elche,3,1,2.10005,0.522281,6.7,5.8,,
2020,14909,2020-12-19 15:15:00,laliga,Barcelona,Valencia,2,2,3.2847,1.97181,2.8,7.1,,
2020,14914,2020-12-19 17:30:00,laliga,Levante,Real Sociedad,2,1,1.52776,2.1027,5.9,2.9,,
2020,14915,2020-12-19 17:30:00,laliga,Osasuna,Villarreal,1,3,0.925068,2.79417,7.9,6.1,,
2020,14916,2020-12-19 20:00:00,laliga,Sevilla,Real Valladolid,1,1,1.73966,0.878614,7.2,8.0,,
2020,14910,2020-12-20 13:00:00,laliga,Celta Vigo,Alaves,2,0,1.62567,0.404844,5.7,7.8,,
2020,14913,2020-12-20 15:15:00,laliga,Granada,Real Betis,2,0,1.38241,1.04957,6.9,7.0,,
2020,14912,2020-12-20 17:30:00,laliga,Cadiz,Getafe,0,2,0.356498,1.10435,5.9,8.1,,
2020,14911,2020-12-20 20:00:00,laliga,Eibar,Real Madrid,1,3,0.642099,2.35916,7.3,5.0,,
2020,14922,2020-12-22 16:30:00,laliga,Elche,Osasuna,2,2,1.25398,1.69506,3.1,3.0,,
2020,14925,2020-12-22 16:30:00,laliga,Valencia,Sevilla,0,1,0.559111,1.85011,3.1,2.9,,
2020,14920,2020-12-22 18:45:00,laliga,SD Huesca,Levante,1,1,1.36969,0.581363,3.9,3.1,,
2020,14926,2020-12-22 18:45:00,laliga,Real Sociedad,Atletico Madrid,0,2,0.230082,0.546595,3.1,3.2,,
2020,14923,2020-12-22 21:00:00,laliga,Villarreal,Athletic Club,1,1,1.32193,0.910796,3.1,4.0,,
2020,14924,2020-12-22 21:00:00,laliga,Real Valladolid,Barcelona,0,3,0.499141,3.23865,3.0,3.2,,
2020,14919,2020-12-23 16:30:00,laliga,Getafe,Celta Vigo,1,1,0.265652,0.767168,3.0,3.1,,
2020,14921,2020-12-23 18:45:00,laliga,Real Madrid,Granada,2,0,2.04414,0.79963,2.9,3.1,,
2020,14917,2020-12-23 21:00:00,laliga,Alaves,Eibar,2,1,1.88686,0.786669,3.3,3.0,,
2020,14918,2020-12-23 21:00:00,laliga,Real Betis,Cadiz,1,0,0.342496,0.282205,3.2,3.1,,
2020,14928,2020-12-29 18:00:00,laliga,Barcelona,Eibar,1,1,2.05695,0.592271,6.9,5.9,,
2020,14935,2020-12-29 18:00:00,laliga,Sevilla,Villarreal,2,0,2.7317,0.346419,7.1,6.9,,
2020,14930,2020-12-29 20:30:00,laliga,Levante,Real Betis,4,3,1.67536,2.63943,7.1,6.0,,
2020,14932,2020-12-29 20:30:00,laliga,Cadiz,Real Valladolid,0,0,0.786846,0.299749,6.0,7.0,,
2020,14931,2020-12-30 16:00:00,laliga,Granada,Valencia,2,1,2.23615,1.27314,6.9,8.0,,
2020,14929,2020-12-30 18:15:00,laliga,Atletico Madrid,Getafe,1,0,0.919165,0.941238,8.0,7.1,,
2020,14933,2020-12-30 18:15:00,laliga,Celta Vigo,SD Huesca,2,1,2.85208,1.0513,7.1,8.0,,
2020,14934,2020-12-30 20:30:00,laliga,Elche,Real Madrid,1,1,1.02416,1.55495,8.2,7.1,,
2020,14927,2020-12-31 13:00:00,laliga,Athletic Club,Real Sociedad,0,1,0.172341,1.84296,8.7,8.8,,
2020,14936,2020-12-31 15:15:00,laliga,Osasuna,Alaves,1,1,0.318257,1.35028,8.9,7.8,,
2020,14946,2021-01-02 13:00:00,laliga,Villarreal,Levante,2,1,1.72781,0.554357,3.8,3.7,,
2020,14939,2021-01-02 15:15:00,laliga,Real Betis,Sevilla,1,1,2.03775,0.248156,3.8,3.9,,
2020,14941,2021-01-02 17:30:00,laliga,Getafe,Real Valladolid,0,1,0.768671,1.16924,3.0,3.9,,
2020,14943,2021-01-02 20:00:00,laliga,Real Madrid,Celta Vigo,2,0,1.24672,0.564784,3.0,3.1,,
2020,14938,2021-01-03 13:00:00,laliga,Athletic Club,Elche,1,0,1.38777,0.137448,3.0,3.7,,
2020,14937,2021-01-03 15:15:00,laliga,Alaves,Atletico Madrid,1,2,0.154899,2.31899,3.0,3.9,,
2020,14940,2021-01-03 17:30:00,laliga,Eibar,Granada,2,0,1.84192,0.917602,5.0,4.1,,
2020,14944,2021-01-03 17:30:00,laliga,Real Sociedad,Osasuna,1,1,0.78536,0.609915,3.2,3.1,,
2020,14942,2021-01-03 20:00:00,laliga,SD Huesca,Barcelona,0,1,0.259005,3.21201,4.1,5.1,,
2020,14945,2021-01-04 20:00:00,laliga,Valencia,Cadiz,1,1,0.942061,0.522228,5.2,6.0,,
2020,14947,2021-01-06 20:00:00,laliga,Athletic Club,Barcelona,2,3,0.638117,1.39939,3.3,3.0,,
2020,14949,2021-01-08 20:00:00,laliga,Celta Vigo,Villarreal,0,4,0.363035,2.88163,6.0,6.3,,
2020,14955,2021-01-09 13:00:00,laliga,Sevilla,Real Sociedad,3,2,2.9243,1.05731,6.9,5.8,,
2020,14951,2021-01-09 17:30:00,laliga,Granada,Barcelona,0,4,0.490441,1.64578,6.0,2.9,,
2020,14954,2021-01-09 20:00:00,laliga,Osasuna,Real Madrid,0,0,0.589148,0.42235,6.1,7.0,,
2020,14953,2021-01-10 13:00:00,laliga,Levante,Eibar,2,1,0.857988,1.34206,8.0,6.8,,
2020,14950,2021-01-10 15:15:00,laliga,Cadiz,Alaves,3,1,2.59473,0.829834,5.8,7.0,,
2020,14956,2021-01-10 20:00:00,laliga,Real Valladolid,Valencia,0,1,0.562807,1.09369,8.1,6.0,,
2020,14957,2021-01-11 18:00:00,laliga,Elche,Getafe,1,3,1.21278,3.17089,8.2,9.0,,
2020,14952,2021-01-11 20:00:00,laliga,SD Huesca,Real Betis,0,2,1.15245,2.98435,8.0,9.2,,
2020,14958,2021-01-12 18:00:00,laliga,Granada,Osasuna,2,0,0.831007,0.624174,3.0,2.9,,
2020,14959,2021-01-12 20:30:00,laliga,Atletico Madrid,Sevilla,2,0,0.577443,1.19957,9.2,3.3,,
2020,14964,2021-01-19 18:00:00,laliga,Cadiz,Levante,2,2,0.725743,2.00702,9.1,9.2,,
2020,14966,2021-01-19 18:00:00,laliga,Real Valladolid,Elche,2,2,1.02082,0.575886,8.9,8.0,,
2020,14960,2021-01-19 20:30:00,laliga,Alaves,Sevilla,1,2,1.40643,1.03209,9.2,7.0,,
2020,14963,2021-01-20 18:00:00,laliga,Getafe,SD Huesca,1,0,0.656624,0.712964,9.0,8.9,,
2020,14961,2021-01-20 20:00:00,laliga,Real Betis,Celta Vigo,2,1,0.646493,0.966752,9.0,12.0,,
2020,14967,2021-01-20 20:30:00,laliga,Villarreal,Granada,2,2,2.15885,0.135256,12.0,8.1,,
2020,14965,2021-01-21 18:00:00,laliga,Valencia,Osasuna,1,1,0.439791,1.63527,10.9,9.0,,
2020,14962,2021-01-21 20:30:00,laliga,Eibar,Atletico Madrid,1,2,1.27041,1.23064,11.3,9.0,,
2020,14976,2021-01-22 20:00:00,laliga,Levante,Real Valladolid,2,2,1.04736,0.631096,3.1,3.1,,
2020,14975,2021-01-23 13:00:00,laliga,SD Huesca,Villarreal,0,0,0.177253,0.484831,2.8,2.7,,
2020,14971,2021-01-23 15:15:00,laliga,Sevilla,Cadiz,3,0,2.51675,1.16695,3.8,3.9,,
2020,14970,2021-01-23 17:30:00,laliga,Real Sociedad,Real Betis,2,2,2.24597,0.638534,14.2,2.9,,
2020,14968,2021-01-23 20:00:00,laliga,Alaves,Real Madrid,1,4,0.762571,1.42254,4.0,14.0,,
2020,14977,2021-01-24 13:00:00,laliga,Osasuna,Granada,3,1,1.88102,0.592689,2.8,3.7,,
2020,14972,2021-01-24 15:15:00,laliga,Elche,Barcelona,0,2,0.477298,3.12144,4.9,14.9,,
2020,14974,2021-01-24 17:30:00,laliga,Celta Vigo,Eibar,1,1,1.53045,0.591142,3.9,2.9,,
2020,14973,2021-01-24 20:00:00,laliga,Atletico Madrid,Valencia,3,1,2.05311,0.250249,3.0,3.1,,
2020,14969,2021-01-25 20:00:00,laliga,Athletic Club,Getafe,5,1,1.87633,1.29166,19.0,5.1,,
2020,14986,2021-01-29 20:00:00,laliga,Real Valladolid,SD Huesca,1,3,1.74924,1.18337,7.0,6.3,,
2020,14980,2021-01-30 13:00:00,laliga,Eibar,Sevilla,0,2,1.02238,1.66557,5.8,6.9,,
2020,14984,2021-01-30 15:15:00,laliga,Real Madrid,Levante,1,2,1.23555,1.82881,6.8,7.8,,
2020,14985,2021-01-30 17:30:00,laliga,Valencia,Elche,1,0,3.00838,0.328905,5.9,6.1,,
2020,14987,2021-01-30 20:00:00,laliga,Villarreal,Real Sociedad,1,1,0.232475,1.16681,7.3,7.1,,
2020,14981,2021-01-31 13:00:00,laliga,Getafe,Alaves,0,0,0.530765,0.20139,5.7,7.7,,
2020,14982,2021-01-31 15:15:00,laliga,Cadiz,Atletico Madrid,2,4,0.861261,1.79542,8.0,6.8,,
2020,14983,2021-01-31 17:30:00,laliga,Granada,Celta Vigo,0,0,0.3242,0.339262,7.2,7.0,,
2020,14978,2021-01-31 20:00:00,laliga,Barcelona,Athletic Club,2,1,2.53148,0.275356,7.2,6.0,,
2020,14979,2021-02-01 20:00:00,laliga,Real Betis,Osasuna,1,0,1.9333,1.38521,9.1,8.3,,
2020,14988,2021-02-05 20:00:00,laliga,Alaves,Real Valladolid,1,0,1.60639,0.0534012,5.3,7.0,,
2020,14993,2021-02-06 13:00:00,laliga,Levante,Granada,2,2,1.52404,1.26925,6.9,5.8,,
2020,14992,2021-02-06 15:15:00,laliga,SD Huesca,Real Madrid,1,2,0.920971,3.53921,7.8,7.0,,
2020,14997,2021-02-06 17:30:00,laliga,Elche,Villarreal,2,2,1.13518,1.51126,7.0,6.9,,
2020,14996,2021-02-06 20:00:00,laliga,Sevilla,Getafe,3,0,2.03342,0.209522,7.3,6.3,,
2020,14995,2021-02-07 13:00:00,laliga,Real Sociedad,Cadiz,4,1,4.7946,0.354151,7.7,6.9,,
2020,14989,2021-02-07 15:15:00,laliga,Athletic Club,Valencia,1,1,1.34704,0.841344,6.8,7.9,,
2020,14994,2021-02-07 17:30:00,laliga,Osasuna,Eibar,2,1,2.62128,1.07628,5.9,8.2,,
2020,14991,2021-02-07 20:00:00,laliga,Real Betis,Barcelona,2,3,1.87521,1.33284,6.0,7.0,,
2020,14990,2021-02-08 20:00:00,laliga,Atletico Madrid,Celta Vigo,2,2,1.22973,1.71926,8.2,8.1,,
2020,14142,2021-02-09 20:00:00,laliga,Real Madrid,Getafe,2,0,1.86359,0.0930356,3.2,3.0,,
2020,14999,2021-02-12 17:30:00,laliga,Celta Vigo,Elche,3,1,2.31967,0.836576,3.9,6.0,,
2020,15003,2021-02-13 13:00:00,laliga,Granada,Atletico Madrid,1,2,0.827088,0.929672,7.0,4.7,,
2020,15006,2021-02-13 15:15:00,laliga,Sevilla,SD Huesca,1,0,1.329,1.39522,6.8,7.0,,
2020,15000,2021-02-13 17:30:00,laliga,Eibar,Real Valladolid,1,1,1.92231,0.968574,6.0,7.9,,
2020,14998,2021-02-13 20:00:00,laliga,Barcelona,Alaves,5,1,2.86032,0.710997,6.0,8.0,,
2020,15001,2021-02-14 13:00:00,laliga,Getafe,Real Sociedad,0,1,0.263007,1.03317,4.7,7.0,,
2020,15005,2021-02-14 15:15:00,laliga,Real Madrid,Valencia,2,0,0.862855,0.0596554,4.8,7.0,,
2020,15004,2021-02-14 17:30:00,laliga,Levante,Osasuna,0,1,1.73006,0.685142,8.2,7.0,,
2020,15007,2021-02-14 20:00:00,laliga,Villarreal,Real Betis,1,2,1.17957,1.35008,8.1,7.0,,
2020,15002,2021-02-15 20:00:00,laliga,Cadiz,Athletic Club,0,4,0.567254,2.36113,8.3,8.2,,
2020,14149,2021-02-17 18:00:00,laliga,Levante,Atletico Madrid,1,1,0.642423,1.16962,3.0,4.2,,
2020,15011,2021-02-19 20:00:00,laliga,Real Betis,Getafe,1,0,2.67474,0.277079,5.0,5.3,,
2020,15017,2021-02-20 13:00:00,laliga,Elche,Eibar,1,0,0.397175,1.66898,7.8,6.8,,
2020,15009,2021-02-20 15:15:00,laliga,Atletico Madrid,Levante,0,2,2.06148,0.767582,2.9,2.9,,
2020,15015,2021-02-20 17:30:00,laliga,Valencia,Celta Vigo,2,0,1.16675,0.689216,6.1,8.0,,
2020,15016,2021-02-20 20:00:00,laliga,Real Valladolid,Real Madrid,0,1,0.909714,1.30987,7.1,6.2,,
2020,15010,2021-02-21 13:00:00,laliga,Barcelona,Cadiz,1,1,2.39005,1.32905,7.7,5.7,,
2020,15014,2021-02-21 15:15:00,laliga,Real Sociedad,Alaves,4,0,2.50353,0.307378,7.1,7.8,,
2020,15012,2021-02-21 17:30:00,laliga,SD Huesca,Granada,3,2,2.47156,0.854609,8.1,8.2,,
2020,15008,2021-02-21 20:00:00,laliga,Athletic Club,Villarreal,1,1,2.32222,0.0679965,6.0,7.0,,
2020,15013,2021-02-22 20:00:00,laliga,Osasuna,Sevilla,0,2,0.457508,1.05344,8.1,9.2,,
2020,14141,2021-02-24 20:00:00,laliga,Barcelona,Elche,3,0,2.66084,0.351113,3.3,4.3,,
2020,15024,2021-02-26 20:00:00,laliga,Levante,Athletic Club,1,1,1.05928,1.99686,6.2,5.0,,
2020,15020,2021-02-27 13:00:00,laliga,Eibar,SD Huesca,1,1,1.79661,0.480747,7.0,5.8,,
2020,15026,2021-02-27 15:15:00,laliga,Sevilla,Barcelona,0,2,0.117061,1.58696,4.8,2.8,,
2020,15018,2021-02-27 17:30:00,laliga,Alaves,Osasuna,0,1,0.483459,0.994243,6.1,4.9,,
2020,15021,2021-02-27 20:00:00,laliga,Getafe,Valencia,3,0,0.895893,0.173822,8.0,7.1,,
2020,15019,2021-02-28 13:00:00,laliga,Celta Vigo,Real Valladolid,1,1,0.86079,0.762391,7.8,7.7,,
2020,15022,2021-02-28 15:15:00,laliga,Cadiz,Real Betis,0,1,0.227972,0.596164,7.1,8.8,,
2020,15023,2021-02-28 17:30:00,laliga,Granada,Elche,2,1,1.45197,1.28521,7.0,3.9,,
2020,15027,2021-02-28 20:00:00,laliga,Villarreal,Atletico Madrid,0,2,1.941,0.839764,7.0,8.2,,
2020,15025,2021-03-01 20:00:00,laliga,Real Madrid,Real Sociedad,1,1,1.98534,1.21953,9.0,8.2,,
2020,15035,2021-03-05 20:00:00,laliga,Valencia,Villarreal,2,1,1.75518,1.84626,6.0,5.0,,
2020,15036,2021-03-06 13:00:00,laliga,Real Valladolid,Getafe,2,1,1.31724,0.971736,6.0,6.7,,
2020,15037,2021-03-06 15:15:00,laliga,Elche,Sevilla,2,1,1.0131,0.964034,5.9,7.0,,
2020,15031,2021-03-06 17:30:00,laliga,Cadiz,Eibar,1,0,1.6239,1.6003,6.1,7.2,,
2020,15033,2021-03-06 20:00:00,laliga,Osasuna,Barcelona,0,2,0.756534,1.30761,7.1,7.2,,
2020,15032,2021-03-07 13:00:00,laliga,SD Huesca,Celta Vigo,3,4,3.13618,0.655624,8.0,7.0,,
2020,15029,2021-03-07 15:15:00,laliga,Atletico Madrid,Real Madrid,1,1,1.9832,1.88411,6.8,5.8,,
2020,15034,2021-03-07 17:30:00,laliga,Real Sociedad,Levante,1,0,4.95179,0.186229,5.9,8.9,,
2020,15028,2021-03-07 20:00:00,laliga,Athletic Club,Granada,2,1,1.28132,1.45524,9.0,7.1,,
2020,15030,2021-03-08 20:00:00,laliga,Real Betis,Alaves,3,2,2.01921,0.798216,8.2,9.1,,
2020,14948,2021-03-10 20:00:00,laliga,Atletico Madrid,Athletic Club,2,1,1.53875,0.701495,3.2,3.0,,
2020,15044,2021-03-12 20:00:00,laliga,Levante,Valencia,1,0,0.853066,0.493596,5.1,7.0,,
2020,15038,2021-03-13 13:00:00,laliga,Alaves,Cadiz,1,1,1.48992,1.74684,4.7,6.8,,
2020,15046,2021-03-13 15:15:00,laliga,Real Madrid,Elche,2,1,1.72628,0.726991,6.0,7.0,,
2020,15045,2021-03-13 17:30:00,laliga,Osasuna,Real Valladolid,0,0,0.467892,0.891,6.9,7.2,,
2020,15042,2021-03-13 20:00:00,laliga,Getafe,Atletico Madrid,0,0,0.409679,1.81829,7.3,3.0,,
2020,15040,2021-03-14 13:00:00,laliga,Celta Vigo,Athletic Club,0,0,1.18876,0.725139,7.0,3.7,,
2020,15043,2021-03-14 15:15:00,laliga,Granada,Real Sociedad,1,0,0.331961,0.306083,6.8,6.9,,
2020,15041,2021-03-14 17:30:00,laliga,Eibar,Villarreal,1,3,1.32358,2.84919,8.0,8.9,,
2020,15047,2021-03-14 20:00:00,laliga,Sevilla,Real Betis,1,0,0.841992,0.662923,8.2,6.0,,
2020,15039,2021-03-15 20:00:00,laliga,Barcelona,SD Huesca,4,1,1.52419,2.19819,9.0,8.3,,
2020,14150,2021-03-17 20:00:00,laliga,Sevilla,Elche,2,0,1.95263,0.612799,3.0,4.2,,
2020,15050,2021-03-19 20:00:00,laliga,Real Betis,Levante,2,0,2.46001,0.568605,5.0,7.0,,
2020,15048,2021-03-20 13:00:00,laliga,Athletic Club,Eibar,1,1,1.72731,0.532399,6.0,5.8,,
2020,15051,2021-03-20 15:15:00,laliga,Celta Vigo,Real Madrid,1,3,0.686996,2.79574,6.1,7.0,,
2020,15053,2021-03-20 17:30:00,laliga,SD Huesca,Osasuna,0,0,0.89442,0.734886,4.9,7.0,,
2020,15056,2021-03-20 20:00:00,laliga,Real Valladolid,Sevilla,1,1,0.809957,1.11252,7.1,3.0,,
2020,15052,2021-03-21 13:00:00,laliga,Getafe,Elche,1,1,1.79357,1.38712,7.7,3.7,,
2020,15055,2021-03-21 15:15:00,laliga,Valencia,Granada,2,1,1.4357,0.924202,8.8,7.0,,
2020,15057,2021-03-21 15:15:00,laliga,Villarreal,Cadiz,2,1,2.50648,0.90665,6.9,8.1,,
2020,15049,2021-03-21 17:30:00,laliga,Atletico Madrid,Alaves,1,0,0.64656,1.1132,7.9,8.2,,
2020,15054,2021-03-21 20:00:00,laliga,Real Sociedad,Barcelona,1,6,0.917148,3.3338,7.2,6.0,,
2020,15062,2021-04-02 19:00:00,laliga,Levante,SD Huesca,0,2,0.462819,0.857773,14.0,13.1,,
2020,15061,2021-04-03 12:00:00,laliga,Granada,Villarreal,0,3,1.22939,3.49755,12.9,12.9,,
2020,15064,2021-04-03 14:15:00,laliga,Real Madrid,Eibar,2,0,1.96177,0.299961,14.0,14.1,,
2020,15063,2021-04-03 16:30:00,laliga,Osasuna,Getafe,0,0,0.198501,0.316201,14.0,13.1,,
2020,15058,2021-04-04 12:00:00,laliga,Alaves,Celta Vigo,1,3,1.868,2.58943,13.8,14.9,,
2020,15067,2021-04-04 14:15:00,laliga,Elche,Real Betis,1,1,0.797759,1.90364,14.1,15.8,,
2020,15060,2021-04-04 16:30:00,laliga,Cadiz,Valencia,2,1,1.02818,0.858442,14.1,14.1,,
2020,15066,2021-04-04 19:00:00,laliga,Sevilla,Atletico Madrid,1,0,1.89943,0.551951,15.0,14.1,,
2020,15059,2021-04-05 19:00:00,laliga,Barcelona,Real Valladolid,1,0,1.68796,0.435921,15.0,16.0,,
2020,15065,2021-04-07 19:00:00,laliga,Real Sociedad,Athletic Club,1,1,0.724498,0.990446,17.0,18.2,,
2020,15073,2021-04-09 19:00:00,laliga,SD Huesca,Elche,3,1,1.09388,0.880685,7.0,5.2,,
2020,15072,2021-04-10 12:00:00,laliga,Getafe,Cadiz,0,1,2.78378,0.640397,6.8,5.8,,
2020,15068,2021-04-10 14:15:00,laliga,Athletic Club,Alaves,0,0,1.81094,0.448906,2.8,6.1,,
2020,15071,2021-04-10 16:30:00,laliga,Eibar,Levante,0,1,0.360623,0.309936,7.1,7.9,,
2020,15074,2021-04-10 19:00:00,laliga,Real Madrid,Barcelona,2,1,1.64993,1.15567,7.2,5.0,,
2020,15077,2021-04-11 12:00:00,laliga,Villarreal,Osasuna,1,2,1.60338,1.29078,8.0,7.8,,
2020,15075,2021-04-11 14:15:00,laliga,Valencia,Real Sociedad,2,2,2.34115,1.13047,6.9,3.8,,
2020,15076,2021-04-11 16:30:00,laliga,Real Valladolid,Granada,1,2,1.19214,1.22464,5.9,8.2,,
2020,15069,2021-04-11 19:00:00,laliga,Real Betis,Atletico Madrid,1,1,0.613966,1.34136,7.2,7.0,,
2020,15070,2021-04-12 19:00:00,laliga,Celta Vigo,Sevilla,3,4,2.09186,1.59713,8.3,8.0,,
2020,15106,2021-04-18 12:00:00,laliga,Osasuna,Elche,2,0,0.531975,0.699627,7.0,8.7,,
2020,15107,2021-04-18 12:00:00,laliga,Real Sociedad,Sevilla,1,2,0.292775,3.65426,6.9,5.7,,
2020,15098,2021-04-18 14:15:00,laliga,Alaves,SD Huesca,1,0,0.316991,0.747867,8.0,8.8,,
2020,15100,2021-04-18 14:15:00,laliga,Atletico Madrid,Eibar,5,0,2.75029,0.0,6.8,7.9,,
2020,15102,2021-04-18 16:30:00,laliga,Real Betis,Valencia,2,2,0.62725,1.61735,6.9,7.1,,
2020,15104,2021-04-18 16:30:00,laliga,Cadiz,Celta Vigo,0,0,0.322965,0.436078,8.2,5.9,,
2020,15103,2021-04-18 19:00:00,laliga,Getafe,Real Madrid,0,0,2.19426,0.618079,8.3,8.0,,
2020,15105,2021-04-18 19:00:00,laliga,Levante,Villarreal,1,5,0.844482,1.87811,8.1,7.3,,
2020,15084,2021-04-21 17:00:00,laliga,Levante,Sevilla,0,1,0.310335,2.05149,2.9,3.2,,
2020,15085,2021-04-21 17:00:00,laliga,Osasuna,Valencia,3,1,3.63596,1.20337,3.2,3.0,,
2020,15081,2021-04-21 18:00:00,laliga,Real Betis,Athletic Club,0,0,0.244787,0.845575,3.1,11.2,,
2020,15078,2021-04-21 19:00:00,laliga,Alaves,Villarreal,2,1,1.40963,1.45071,3.2,3.0,,
2020,15087,2021-04-21 19:00:00,laliga,Elche,Real Valladolid,1,1,1.33615,1.30359,3.3,10.1,,
2020,15082,2021-04-21 20:00:00,laliga,Cadiz,Real Madrid,0,3,1.31917,3.52537,3.1,3.0,,
2020,15079,2021-04-22 17:00:00,laliga,Atletico Madrid,SD Huesca,2,0,2.32831,1.40665,4.1,4.1,,
2020,15083,2021-04-22 19:00:00,laliga,Granada,Eibar,4,1,1.76204,1.34566,11.1,4.2,,
2020,15086,2021-04-22 19:00:00,laliga,Real Sociedad,Celta Vigo,2,1,2.19014,0.504303,4.3,4.1,,
2020,15080,2021-04-22 20:00:00,laliga,Barcelona,Getafe,5,2,2.15458,1.39543,12.0,4.0,,
2020,15097,2021-04-24 14:00:00,laliga,Elche,Levante,1,0,0.43368,0.236951,2.8,2.9,,
2020,15095,2021-04-24 14:15:00,laliga,Real Valladolid,Cadiz,1,1,3.23903,1.55697,2.8,2.8,,
2020,15094,2021-04-24 16:30:00,laliga,Valencia,Alaves,1,1,1.00912,0.893913,3.0,2.9,,
2020,15092,2021-04-24 19:00:00,laliga,Real Madrid,Real Betis,0,0,0.985387,0.898058,3.0,3.0,,
2020,15091,2021-04-25 12:00:00,laliga,SD Huesca,Getafe,0,2,0.472579,0.711933,2.8,2.7,,
2020,15096,2021-04-25 14:15:00,laliga,Villarreal,Barcelona,1,2,0.964915,3.38056,3.8,2.8,,
2020,15089,2021-04-25 16:30:00,laliga,Celta Vigo,Osasuna,2,1,0.601898,1.41709,2.9,4.0,,
2020,15093,2021-04-25 16:30:00,laliga,Sevilla,Granada,2,1,1.27314,0.902764,4.0,2.9,,
2020,15088,2021-04-25 19:00:00,laliga,Athletic Club,Atletico Madrid,2,1,1.42809,0.745334,4.0,3.1,,
2020,15090,2021-04-26 19:00:00,laliga,Eibar,Real Sociedad,0,1,0.729653,0.706358,4.0,4.0,,
2020,15099,2021-04-28 17:00:00,laliga,Athletic Club,Real Valladolid,2,2,1.73076,0.640604,2.9,4.1,,
2020,15101,2021-04-29 17:00:00,laliga,Barcelona,Granada,1,2,1.43667,0.811246,4.1,4.0,,
2020,15113,2021-04-30 19:00:00,laliga,Celta Vigo,Levante,2,0,2.3642,0.976661,5.1,6.2,,
2020,15114,2021-05-01 12:00:00,laliga,Eibar,Alaves,3,0,1.64332,0.154274,4.7,6.8,,
2020,15112,2021-05-01 14:15:00,laliga,Elche,Atletico Madrid,0,1,1.38118,1.01516,7.0,5.8,,
2020,15116,2021-05-01 16:30:00,laliga,SD Huesca,Real Sociedad,1,0,0.446278,0.298366,6.2,4.9,,
2020,15117,2021-05-01 19:00:00,laliga,Real Madrid,Osasuna,2,0,1.6256,0.0721582,7.0,6.1,,
2020,15110,2021-05-02 12:00:00,laliga,Real Valladolid,Real Betis,1,1,0.76247,1.88115,3.8,7.7,,
2020,15111,2021-05-02 14:15:00,laliga,Villarreal,Getafe,1,0,0.184151,0.487189,7.0,7.1,,
2020,15115,2021-05-02 16:30:00,laliga,Granada,Cadiz,0,1,0.924434,1.60276,3.0,8.1,,
2020,15109,2021-05-02 19:00:00,laliga,Valencia,Barcelona,2,3,1.41404,3.98456,8.1,3.1,,
2020,15108,2021-05-03 19:00:00,laliga,Sevilla,Athletic Club,0,1,0.792995,0.6882,8.1,5.1,,
2020,15125,2021-05-07 19:00:00,laliga,Real Sociedad,Elche,2,0,2.39443,0.0778732,6.1,6.2,,
2020,15118,2021-05-08 12:00:00,laliga,Alaves,Levante,2,2,1.32991,0.987587,7.0,7.7,,
2020,15120,2021-05-08 14:15:00,laliga,Barcelona,Atletico Madrid,0,0,0.853587,0.685355,5.8,7.0,,
2020,15123,2021-05-08 16:30:00,laliga,Cadiz,SD Huesca,2,1,0.990604,0.43525,6.0,7.0,,
2020,15119,2021-05-08 19:00:00,laliga,Athletic Club,Osasuna,2,2,1.39303,1.55726,5.0,7.0,,
2020,15122,2021-05-09 12:00:00,laliga,Getafe,Eibar,0,1,0.767031,1.06817,6.9,8.0,,
2020,15126,2021-05-09 14:15:00,laliga,Valencia,Real Valladolid,3,0,1.26443,0.754813,6.8,7.1,,
2020,15127,2021-05-09 16:30:00,laliga,Villarreal,Celta Vigo,2,4,2.50872,1.98001,7.1,8.9,,
2020,15124,2021-05-09 19:00:00,laliga,Real Madrid,Sevilla,2,2,0.99637,1.07261,8.0,6.0,,
2020,15121,2021-05-10 19:00:00,laliga,Real Betis,Granada,2,1,1.84702,2.08496,8.3,8.1,,
2020,15134,2021-05-11 17:00:00,laliga,Osasuna,Cadiz,3,2,2.14746,1.54692,2.9,3.0,,
2020,15137,2021-05-11 18:00:00,laliga,Elche,Alaves,0,2,0.886211,1.66141,4.0,3.2,,
2020,15133,2021-05-11 20:00:00,laliga,Levante,Barcelona,3,3,1.27727,3.0801,3.3,3.2,,
2020,15135,2021-05-12 17:00:00,laliga,Sevilla,Valencia,1,0,0.865705,0.343195,2.9,3.1,,
2020,15129,2021-05-12 18:00:00,laliga,Celta Vigo,Getafe,1,0,0.209945,1.14081,3.1,3.2,,
2020,15132,2021-05-12 18:00:00,laliga,SD Huesca,Athletic Club,1,0,1.56368,0.401551,4.1,4.0,,
2020,15128,2021-05-12 20:00:00,laliga,Atletico Madrid,Real Sociedad,2,1,1.7908,1.53283,4.2,5.0,,
2020,15136,2021-05-13 17:00:00,laliga,Real Valladolid,Villarreal,0,2,1.38976,0.600771,4.1,4.0,,
2020,15130,2021-05-13 18:00:00,laliga,Eibar,Real Betis,1,1,1.10754,0.605825,4.2,3.0,,
2020,15131,2021-05-13 20:00:00,laliga,Granada,Real Madrid,1,4,1.69529,1.39286,3.0,4.0,,
2020,15138,2021-05-16 16:30:00,laliga,Alaves,Granada,4,2,2.83763,0.841672,4.9,2.9,,
2020,15139,2021-05-16 16:30:00,laliga,Athletic Club,Real Madrid,0,1,0.705495,1.21866,3.9,2.9,,
2020,15140,2021-05-16 16:30:00,laliga,Atletico Madrid,Osasuna,2,1,2.97525,0.673558,3.9,5.0,,
2020,15141,2021-05-16 16:30:00,laliga,Barcelona,Celta Vigo,1,2,2.10966,0.631271,4.9,3.9,,
2020,15142,2021-05-16 16:30:00,laliga,Real Betis,SD Huesca,1,0,1.17298,0.249221,2.9,3.9,,
2020,15143,2021-05-16 16:30:00,laliga,Getafe,Levante,2,1,0.769611,0.441218,3.9,4.9,,
2020,15144,2021-05-16 16:30:00,laliga,Cadiz,Elche,1,3,1.07259,2.83914,5.0,4.9,,
2020,15145,2021-05-16 16:30:00,laliga,Real Sociedad,Real Valladolid,4,1,1.67996,1.04641,3.9,3.0,,
2020,15146,2021-05-16 16:30:00,laliga,Valencia,Eibar,4,1,1.33301,2.68303,4.0,2.9,,
2020,15147,2021-05-16 16:30:00,laliga,Villarreal,Sevilla,4,0,1.60717,2.51965,3.0,4.0,,
2020,15152,2021-05-21 15:00:00,laliga,Levante,Cadiz,2,2,1.51266,0.424135,4.9,4.9,,
2020,15148,2021-05-22 16:00:00,laliga,Celta Vigo,Real Betis,2,3,1.21829,2.06863,6.0,6.0,,
2020,15149,2021-05-22 16:00:00,laliga,Eibar,Barcelona,0,1,1.44968,0.284589,6.0,6.0,,
2020,15151,2021-05-22 16:00:00,laliga,SD Huesca,Valencia,0,0,0.974788,0.421299,6.0,6.0,,
2020,15153,2021-05-22 16:00:00,laliga,Osasuna,Real Sociedad,0,1,0.41494,2.08092,6.0,6.0,,
2020,15154,2021-05-22 16:00:00,laliga,Real Madrid,Villarreal,2,1,0.804298,0.614418,6.0,6.0,,
2020,15156,2021-05-22 16:00:00,laliga,Real Valladolid,Atletico Madrid,1,2,0.995635,1.2916,6.0,6.0,,
2020,15157,2021-05-22 16:00:00,laliga,Elche,Athletic Club,2,0,1.33082,0.303264,6.0,6.0,,
2020,15150,2021-05-23 16:30:00,laliga,Granada,Getafe,0,0,0.444987,0.46059,7.0,7.0,,
2020,15155,2021-05-23 19:00:00,laliga,Sevilla,Alaves,1,0,0.35705,0.785012,7.1,7.1,,
2021,17136,2021-08-13 19:00:00,laliga,Valencia,Getafe,1,0,1.57861,1.19326,60.0,60.0,,
2021,17138,2021-08-14 17:30:00,laliga,Mallorca,Real Betis,1,1,0.569578,0.814085,60.0,60.0,,
2021,17139,2021-08-14 17:30:00,laliga,Cadiz,Levante,1,1,0.993589,0.915954,60.0,60.0,,
2021,17137,2021-08-14 20:00:00,laliga,Osasuna,Espanyol,0,0,0.579404,0.583698,60.0,60.0,,
2021,17140,2021-08-14 20:00:00,laliga,Alaves,Real Madrid,1,4,1.41097,2.15551,60.0,60.0,,
2021,17141,2021-08-15 15:30:00,laliga,Celta Vigo,Atletico Madrid,1,2,1.59399,1.805,60.0,60.0,,
2021,17142,2021-08-15 18:00:00,laliga,Barcelona,Real Sociedad,4,2,3.46484,0.902312,60.0,60.0,,
2021,17143,2021-08-15 20:15:00,laliga,Sevilla,Rayo Vallecano,3,0,3.67402,0.484078,60.0,60.0,,
2021,17144,2021-08-16 18:00:00,laliga,Villarreal,Granada,0,0,1.21791,0.246735,60.0,60.0,,
2021,17145,2021-08-16 20:00:00,laliga,Elche,Athletic Club,0,0,0.933565,0.634866,60.0,60.0,,
2021,17146,2021-08-20 19:00:00,laliga,Real Betis,Cadiz,1,1,1.82337,1.4533,6.1,6.1,,
2021,17147,2021-08-21 15:00:00,laliga,Alaves,Mallorca,0,1,0.920977,0.82407,6.8,6.9,,
2021,17148,2021-08-21 17:30:00,laliga,Granada,Valencia,1,1,0.752693,1.50025,5.0,7.9,,
2021,17149,2021-08-21 17:30:00,laliga,Espanyol,Villarreal,0,0,1.68861,0.597171,6.9,5.0,,
2021,17150,2021-08-21 20:00:00,laliga,Athletic Club,Barcelona,1,1,1.43436,1.18383,5.0,6.1,,
2021,17151,2021-08-22 15:00:00,laliga,Real Sociedad,Rayo Vallecano,1,0,2.26913,0.76322,6.9,6.8,,
2021,17152,2021-08-22 17:30:00,laliga,Atletico Madrid,Elche,1,0,1.04508,0.168373,7.1,5.9,,
2021,17153,2021-08-22 20:00:00,laliga,Levante,Real Madrid,3,3,1.63837,2.14125,8.1,8.0,,
2021,17154,2021-08-23 18:00:00,laliga,Getafe,Sevilla,0,1,0.391853,0.813891,10.0,7.9,,
2021,17155,2021-08-23 20:00:00,laliga,Osasuna,Celta Vigo,0,0,2.58218,0.084571,9.0,8.2,,
2021,17156,2021-08-27 18:00:00,laliga,Mallorca,Espanyol,1,0,1.28733,0.296878,6.1,6.0,,
2021,17157,2021-08-27 20:15:00,laliga,Valencia,Alaves,3,0,2.33998,0.360675,6.1,6.2,,
2021,17158,2021-08-28 15:00:00,laliga,Celta Vigo,Athletic Club,0,1,0.934567,1.45227,4.8,6.8,,
2021,17159,2021-08-28 17:30:00,laliga,Real Sociedad,Levante,1,0,0.855875,0.521015,6.1,5.9,,
2021,17160,2021-08-28 17:30:00,laliga,Elche,Sevilla,1,1,0.855435,1.70035,6.0,5.0,,
2021,17161,2021-08-28 20:00:00,laliga,Real Betis,Real Madrid,0,1,0.420687,0.94097,8.0,6.0,,
2021,17162,2021-08-29 15:00:00,laliga,Barcelona,Getafe,2,1,1.05122,0.283315,7.8,5.9,,
2021,17163,2021-08-29 17:30:00,laliga,Cadiz,Osasuna,2,3,1.36149,2.28418,8.9,5.9,,
2021,17164,2021-08-29 17:30:00,laliga,Rayo Vallecano,Granada,4,0,2.19631,0.586302,7.1,8.0,,
2021,17165,2021-08-29 20:00:00,laliga,Atletico Madrid,Villarreal,2,2,1.773,0.448731,7.1,8.1,,
2021,17171,2021-09-11 16:30:00,laliga,Levante,Rayo Vallecano,1,1,1.10993,2.7683,14.0,13.0,,
2021,17166,2021-09-11 19:00:00,laliga,Athletic Club,Mallorca,2,0,1.855,0.22503,14.2,15.0,,
2021,17170,2021-09-12 12:00:00,laliga,Espanyol,Atletico Madrid,1,2,0.373891,0.732283,15.8,13.7,,
2021,17172,2021-09-12 14:15:00,laliga,Osasuna,Valencia,1,4,0.457252,0.924929,13.9,15.8,,
2021,17168,2021-09-12 16:30:00,laliga,Cadiz,Real Sociedad,0,2,0.607763,2.36611,14.0,15.0,,
2021,17173,2021-09-12 19:00:00,laliga,Real Madrid,Celta Vigo,5,2,3.03734,1.99062,15.0,15.2,,
2021,17167,2021-09-13 18:00:00,laliga,Getafe,Elche,0,1,0.3796,1.07401,15.1,16.0,,
2021,17169,2021-09-13 20:00:00,laliga,Granada,Real Betis,1,2,0.780077,2.43767,15.1,16.0,,
2021,17180,2021-09-17 19:00:00,laliga,Celta Vigo,Cadiz,1,2,0.993864,1.07407,5.0,5.1,,
2021,17184,2021-09-18 12:00:00,laliga,Rayo Vallecano,Getafe,3,0,1.98661,1.15428,6.8,4.8,,
2021,17177,2021-09-18 14:15:00,laliga,Atletico Madrid,Athletic Club,0,0,1.10053,1.10578,6.1,6.8,,
2021,17185,2021-09-18 16:30:00,laliga,Elche,Levante,1,1,0.536512,1.12463,4.9,7.0,,
2021,17176,2021-09-18 19:00:00,laliga,Alaves,Osasuna,0,2,0.251601,1.32313,21.9,6.2,,
2021,17181,2021-09-19 12:00:00,laliga,Mallorca,Villarreal,0,0,0.529054,1.63437,7.7,20.7,,
2021,17182,2021-09-19 14:15:00,laliga,Real Sociedad,Sevilla,0,0,1.17723,0.7654,6.9,21.9,,
2021,17179,2021-09-19 16:30:00,laliga,Real Betis,Espanyol,2,2,2.36891,1.21693,5.9,7.2,,
2021,17183,2021-09-19 19:00:00,laliga,Valencia,Real Madrid,1,2,0.647432,1.36343,7.2,7.0,,
2021,17178,2021-09-20 19:00:00,laliga,Barcelona,Granada,1,1,1.88236,0.612728,22.2,7.0,,
2021,17187,2021-09-21 17:30:00,laliga,Getafe,Atletico Madrid,1,2,0.330581,1.47906,3.2,3.1,,
2021,17186,2021-09-21 20:00:00,laliga,Athletic Club,Rayo Vallecano,1,2,0.956027,1.04121,3.2,3.3,,
2021,17194,2021-09-21 20:00:00,laliga,Levante,Celta Vigo,0,2,1.40702,0.739683,3.1,4.0,,
2021,17189,2021-09-22 17:30:00,laliga,Sevilla,Valencia,3,1,1.20708,0.442431,3.1,2.9,,
2021,17193,2021-09-22 17:30:00,laliga,Espanyol,Alaves,1,0,1.61796,0.424815,3.0,3.9,,
2021,17188,2021-09-22 20:00:00,laliga,Villarreal,Elche,4,1,2.77855,1.09551,3.3,4.1,,
2021,17190,2021-09-22 20:00:00,laliga,Real Madrid,Mallorca,6,1,2.3746,1.19165,3.0,3.3,,
2021,17192,2021-09-23 17:30:00,laliga,Granada,Real Sociedad,2,3,1.25019,1.58153,2.9,4.1,,
2021,17195,2021-09-23 17:30:00,laliga,Osasuna,Real Betis,1,3,0.820269,2.20306,4.9,4.0,,
2021,17191,2021-09-23 20:00:00,laliga,Cadiz,Barcelona,0,0,1.40061,0.361756,6.0,3.0,,
2021,17197,2021-09-25 12:00:00,laliga,Alaves,Atletico Madrid,1,0,1.19699,0.558059,2.8,3.8,,
2021,17199,2021-09-25 14:15:00,laliga,Valencia,Athletic Club,1,1,1.08633,0.830524,2.9,3.8,,
2021,17200,2021-09-25 16:30:00,laliga,Sevilla,Espanyol,2,0,1.57528,0.478568,3.0,3.0,,
2021,17202,2021-09-25 19:00:00,laliga,Real Madrid,Villarreal,0,0,1.53636,0.666401,3.0,3.0,,
2021,17203,2021-09-26 12:00:00,laliga,Mallorca,Osasuna,2,3,2.74158,1.63553,3.7,2.8,,
2021,17196,2021-09-26 14:15:00,laliga,Barcelona,Levante,3,0,3.11328,0.712689,2.8,4.8,,
2021,17198,2021-09-26 16:30:00,laliga,Rayo Vallecano,Cadiz,3,1,1.89007,1.09997,4.9,2.9,,
2021,17201,2021-09-26 16:30:00,laliga,Real Sociedad,Elche,1,0,2.11835,0.573483,3.0,3.9,,
2021,17205,2021-09-26 19:00:00,laliga,Real Betis,Getafe,2,0,2.4642,0.590585,3.1,5.1,,
2021,17204,2021-09-27 19:00:00,laliga,Celta Vigo,Granada,1,0,1.26658,0.541862,6.0,4.1,,
2021,17211,2021-10-01 19:00:00,laliga,Athletic Club,Alaves,1,0,2.49402,0.808018,6.2,6.3,,
2021,17208,2021-10-02 12:00:00,laliga,Osasuna,Rayo Vallecano,1,0,0.657174,0.148539,6.0,5.8,,
2021,17213,2021-10-02 14:15:00,laliga,Mallorca,Levante,1,0,0.442135,1.43388,6.1,6.0,,
2021,17215,2021-10-02 16:30:00,laliga,Cadiz,Valencia,0,0,0.156791,1.43757,6.0,7.1,,
2021,17212,2021-10-02 19:00:00,laliga,Atletico Madrid,Barcelona,2,0,1.37412,0.74746,7.3,6.2,,
2021,17210,2021-10-03 12:00:00,laliga,Elche,Celta Vigo,1,0,1.39817,0.713553,6.8,5.7,,
2021,17207,2021-10-03 14:15:00,laliga,Espanyol,Real Madrid,2,1,1.29119,1.62384,7.9,7.8,,
2021,17209,2021-10-03 16:30:00,laliga,Villarreal,Real Betis,2,0,2.58641,0.527081,7.9,6.9,,
2021,17214,2021-10-03 16:30:00,laliga,Getafe,Real Sociedad,1,1,0.523662,0.799948,6.9,7.0,,
2021,17206,2021-10-03 19:00:00,laliga,Granada,Sevilla,1,0,0.0843984,1.4028,6.0,8.1,,
2021,17221,2021-10-16 16:30:00,laliga,Levante,Getafe,0,0,0.83295,0.557421,14.1,13.0,,
2021,17223,2021-10-16 19:00:00,laliga,Real Sociedad,Mallorca,1,0,0.404506,0.35977,13.1,14.2,,
2021,17224,2021-10-17 12:00:00,laliga,Rayo Vallecano,Elche,2,1,1.10651,0.326072,15.0,14.0,,
2021,17218,2021-10-17 14:15:00,laliga,Celta Vigo,Sevilla,0,1,0.888941,0.828384,14.1,13.8,,
2021,17225,2021-10-17 16:30:00,laliga,Villarreal,Osasuna,1,2,0.713142,0.957297,14.0,15.2,,
2021,17217,2021-10-17 19:00:00,laliga,Barcelona,Valencia,3,1,2.37862,0.378333,15.0,15.1,,
2021,17216,2021-10-18 17:00:00,laliga,Alaves,Real Betis,0,1,1.35769,1.47785,16.9,15.0,,
2021,17220,2021-10-18 19:00:00,laliga,Espanyol,Cadiz,2,0,1.73503,0.603648,15.2,16.1,,
2021,17230,2021-10-22 19:00:00,laliga,Osasuna,Granada,1,1,1.24456,0.434896,5.1,19.0,,
2021,17228,2021-10-23 12:00:00,laliga,Valencia,Mallorca,2,2,1.47094,0.807566,5.7,6.7,,
2021,17231,2021-10-23 14:15:00,laliga,Cadiz,Alaves,0,2,2.00294,1.86733,4.8,4.9,,
2021,17227,2021-10-23 16:30:00,laliga,Elche,Espanyol,2,2,0.998945,1.05435,6.2,4.9,,
2021,17226,2021-10-23 19:00:00,laliga,Athletic Club,Villarreal,2,1,2.64328,0.605636,22.0,6.1,,
2021,17229,2021-10-24 12:00:00,laliga,Sevilla,Levante,5,3,1.82952,1.28779,6.9,7.8,,
2021,17234,2021-10-24 14:15:00,laliga,Barcelona,Real Madrid,1,2,1.58789,1.5463,6.8,21.0,,
2021,17233,2021-10-24 16:30:00,laliga,Real Betis,Rayo Vallecano,3,2,1.43375,1.16768,6.0,7.2,,
2021,17235,2021-10-24 19:00:00,laliga,Atletico Madrid,Real Sociedad,2,2,1.75286,0.834092,22.0,8.0,,
2021,17232,2021-10-25 19:00:00,laliga,Getafe,Celta Vigo,0,3,0.461119,2.48108,9.1,8.2,,
2021,17239,2021-10-26 17:00:00,laliga,Alaves,Elche,1,0,1.81349,0.281657,3.1,3.0,,
2021,17243,2021-10-26 19:00:00,laliga,Espanyol,Athletic Club,1,1,1.23306,3.68446,3.1,3.0,,
2021,17238,2021-10-26 19:30:00,laliga,Villarreal,Cadiz,3,3,1.95102,1.53615,3.0,3.2,,
2021,17236,2021-10-27 17:00:00,laliga,Rayo Vallecano,Barcelona,1,0,0.786282,2.85731,3.0,3.1,,
2021,17245,2021-10-27 17:00:00,laliga,Mallorca,Sevilla,1,1,2.27366,1.42068,4.2,3.2,,
2021,17241,2021-10-27 18:00:00,laliga,Real Betis,Valencia,4,1,2.58067,2.17844,3.1,4.2,,
2021,17237,2021-10-27 19:30:00,laliga,Real Madrid,Osasuna,0,0,0.655438,0.71046,3.2,5.0,,
2021,17240,2021-10-28 17:00:00,laliga,Celta Vigo,Real Sociedad,0,2,0.995591,1.42714,2.9,3.9,,
2021,17244,2021-10-28 18:00:00,laliga,Granada,Getafe,1,1,2.26351,0.581107,6.0,3.0,,
2021,17242,2021-10-28 19:30:00,laliga,Levante,Atletico Madrid,2,2,2.12426,1.33383,4.3,4.0,,
2021,17246,2021-10-30 12:00:00,laliga,Elche,Real Madrid,1,2,1.15068,1.60735,3.8,2.7,,
2021,17249,2021-10-30 14:15:00,laliga,Sevilla,Osasuna,2,0,2.43378,0.790454,2.9,2.8,,
2021,17247,2021-10-30 16:30:00,laliga,Valencia,Villarreal,2,0,1.66395,0.804209,2.9,3.9,,
2021,17252,2021-10-30 19:00:00,laliga,Barcelona,Alaves,1,1,1.56007,0.599628,3.1,4.1,,
2021,17254,2021-10-31 13:00:00,laliga,Cadiz,Mallorca,1,1,1.80233,1.03662,4.7,3.8,,
2021,17251,2021-10-31 15:15:00,laliga,Atletico Madrid,Real Betis,3,0,2.5506,0.521096,2.8,3.9,,
2021,17253,2021-10-31 17:30:00,laliga,Getafe,Espanyol,2,1,0.951784,0.619895,3.0,4.9,,
2021,17250,2021-10-31 20:00:00,laliga,Real Sociedad,Athletic Club,1,1,1.05807,1.01149,3.1,5.0,,
2021,17248,2021-11-01 17:30:00,laliga,Rayo Vallecano,Celta Vigo,0,0,0.467972,0.43779,5.0,4.0,,
2021,17255,2021-11-01 20:00:00,laliga,Levante,Granada,0,3,1.33088,1.46089,4.0,4.1,,
2021,17257,2021-11-05 20:00:00,laliga,Athletic Club,Cadiz,0,1,0.584754,0.491777,5.0,5.3,,
2021,17261,2021-11-06 13:00:00,laliga,Espanyol,Granada,2,0,1.76367,2.06874,5.8,4.7,,
2021,17259,2021-11-06 15:15:00,laliga,Celta Vigo,Barcelona,3,3,1.77068,1.13925,4.9,6.8,,
2021,17256,2021-11-06 17:30:00,laliga,Alaves,Levante,2,1,1.53471,0.802633,6.9,4.9,,
2021,17263,2021-11-06 20:00:00,laliga,Real Madrid,Rayo Vallecano,2,1,2.72626,1.78044,7.3,5.1,,
2021,17265,2021-11-07 13:00:00,laliga,Villarreal,Getafe,1,0,1.49263,0.153162,7.9,6.8,,
2021,17264,2021-11-07 15:15:00,laliga,Valencia,Atletico Madrid,3,3,1.57167,2.63804,7.9,7.0,,
2021,17260,2021-11-07 17:30:00,laliga,Mallorca,Elche,2,2,2.04894,0.679919,7.2,8.2,,
2021,17262,2021-11-07 17:30:00,laliga,Osasuna,Real Sociedad,0,2,0.495749,1.43263,8.1,6.9,,
2021,17258,2021-11-07 20:00:00,laliga,Real Betis,Sevilla,0,2,0.389163,1.42156,7.2,8.2,,
2021,17271,2021-11-19 20:00:00,laliga,Levante,Athletic Club,0,0,0.630763,0.452179,13.1,14.0,,
2021,17268,2021-11-20 13:00:00,laliga,Celta Vigo,Villarreal,1,1,0.90981,2.71931,13.9,13.0,,
2021,17273,2021-11-20 15:15:00,laliga,Sevilla,Alaves,2,2,1.37509,1.47367,12.8,13.9,,
2021,17266,2021-11-20 17:30:00,laliga,Atletico Madrid,Osasuna,1,0,1.61044,0.378974,13.1,13.0,,
2021,17267,2021-11-20 20:00:00,laliga,Barcelona,Espanyol,1,0,1.51262,1.41291,14.2,14.3,,
2021,17269,2021-11-21 13:00:00,laliga,Getafe,Cadiz,4,0,1.54295,0.370193,14.0,15.7,,
2021,17270,2021-11-21 15:15:00,laliga,Granada,Real Madrid,1,4,0.56422,3.77854,15.1,14.8,,
2021,17275,2021-11-21 17:30:00,laliga,Elche,Real Betis,0,3,0.824849,1.60069,14.0,13.9,,
2021,17272,2021-11-21 20:00:00,laliga,Real Sociedad,Valencia,0,0,0.405372,0.584859,14.1,14.2,,
2021,17274,2021-11-22 20:00:00,laliga,Rayo Vallecano,Mallorca,3,1,1.94957,0.827606,16.0,15.1,,
2021,17277,2021-11-26 20:00:00,laliga,Athletic Club,Granada,2,2,1.33935,0.977596,7.0,5.2,,
2021,17276,2021-11-27 13:00:00,laliga,Alaves,Celta Vigo,1,2,0.677245,1.54308,6.9,7.0,,
2021,17284,2021-11-27 15:15:00,laliga,Valencia,Rayo Vallecano,1,1,1.58132,2.02852,5.8,4.8,,
2021,17279,2021-11-27 17:30:00,laliga,Mallorca,Getafe,0,0,0.472696,0.739333,4.9,6.2,,
2021,17285,2021-11-27 20:00:00,laliga,Villarreal,Barcelona,1,3,1.55977,3.37249,7.3,7.0,,
2021,17278,2021-11-28 13:00:00,laliga,Real Betis,Levante,3,1,2.3097,0.645945,6.8,8.7,,
2021,17281,2021-11-28 15:15:00,laliga,Espanyol,Real Sociedad,1,0,0.378098,1.32638,7.8,6.8,,
2021,17280,2021-11-28 17:30:00,laliga,Cadiz,Atletico Madrid,1,4,0.766477,3.32569,7.2,8.0,,
2021,17283,2021-11-28 20:00:00,laliga,Real Madrid,Sevilla,2,1,1.2476,1.30167,7.2,8.2,,
2021,17282,2021-11-29 20:00:00,laliga,Osasuna,Elche,1,1,2.13729,1.05682,9.1,8.1,,
2021,17222,2021-12-01 20:00:00,laliga,Real Madrid,Athletic Club,1,0,1.60531,2.70199,3.0,5.0,,
2021,17290,2021-12-03 20:00:00,laliga,Granada,Alaves,2,1,1.08266,1.38466,7.0,6.3,,
2021,17292,2021-12-04 13:00:00,laliga,Sevilla,Villarreal,1,0,0.46965,1.90918,5.7,6.7,,
2021,17287,2021-12-04 15:15:00,laliga,Barcelona,Real Betis,0,1,1.20871,0.642697,6.8,6.1,,
2021,17286,2021-12-04 17:30:00,laliga,Atletico Madrid,Mallorca,1,2,2.07045,0.775913,6.0,7.0,,
2021,17295,2021-12-04 20:00:00,laliga,Real Sociedad,Real Madrid,0,2,0.585154,2.19245,6.2,3.0,,
2021,17293,2021-12-05 13:00:00,laliga,Rayo Vallecano,Espanyol,1,0,0.649198,0.474816,7.9,6.9,,
2021,17294,2021-12-05 15:15:00,laliga,Elche,Cadiz,3,1,2.33084,1.50592,5.8,6.9,,
2021,17291,2021-12-05 17:30:00,laliga,Levante,Osasuna,0,0,0.510046,0.250564,7.2,5.9,,
2021,17288,2021-12-05 20:00:00,laliga,Celta Vigo,Valencia,1,2,0.645079,1.01149,8.3,8.2,,
2021,17289,2021-12-06 20:00:00,laliga,Getafe,Athletic Club,0,0,1.35736,0.466017,9.1,5.0,,
2021,17299,2021-12-10 20:00:00,laliga,Mallorca,Celta Vigo,0,0,0.898098,1.33476,6.1,5.0,,
2021,17301,2021-12-11 13:00:00,laliga,Espanyol,Levante,4,3,2.1352,3.38759,6.0,5.8,,
2021,17296,2021-12-11 15:15:00,laliga,Alaves,Getafe,1,1,0.989074,1.04682,7.8,4.8,,
2021,17304,2021-12-11 17:30:00,laliga,Valencia,Elche,2,1,1.67544,1.12996,5.9,6.1,,
2021,17297,2021-12-11 20:00:00,laliga,Athletic Club,Sevilla,0,1,2.35659,0.214536,5.0,7.3,,
2021,17305,2021-12-12 13:00:00,laliga,Villarreal,Rayo Vallecano,2,0,2.10964,1.41255,8.0,7.0,,
2021,17302,2021-12-12 15:15:00,laliga,Osasuna,Barcelona,2,2,0.367626,1.3894,6.9,8.0,,
2021,17298,2021-12-12 17:30:00,laliga,Real Betis,Real Sociedad,4,0,1.21698,1.06737,8.1,7.9,,
2021,17303,2021-12-12 20:00:00,laliga,Real Madrid,Atletico Madrid,2,0,0.587828,0.769681,8.0,8.1,,
2021,17300,2021-12-13 20:00:00,laliga,Cadiz,Granada,1,1,0.6189,1.12436,8.2,10.0,,
2021,17308,2021-12-17 20:00:00,laliga,Celta Vigo,Espanyol,3,1,1.6562,0.377711,7.0,6.3,,
2021,17315,2021-12-18 13:00:00,laliga,Rayo Vallecano,Alaves,2,0,1.87281,0.198501,6.0,6.9,,
2021,17312,2021-12-18 15:15:00,laliga,Real Sociedad,Villarreal,1,3,1.34561,3.02243,5.9,6.1,,
2021,17307,2021-12-18 17:30:00,laliga,Barcelona,Elche,3,2,2.96397,1.26552,6.1,7.0,,
2021,17311,2021-12-18 20:00:00,laliga,Sevilla,Atletico Madrid,2,1,0.373147,1.24499,7.0,6.0,,
2021,17309,2021-12-19 13:00:00,laliga,Granada,Mallorca,4,1,2.71538,1.08613,5.7,8.7,,
2021,17306,2021-12-19 15:15:00,laliga,Athletic Club,Real Betis,3,2,1.1909,2.01927,7.8,6.9,,
2021,17310,2021-12-19 17:30:00,laliga,Getafe,Osasuna,1,0,1.09096,0.712207,8.1,7.1,,
2021,17313,2021-12-19 20:00:00,laliga,Real Madrid,Cadiz,0,0,2.79615,0.242189,7.0,6.0,,
2021,17314,2021-12-20 20:00:00,laliga,Levante,Valencia,3,4,2.73541,2.10622,9.3,9.1,,
2021,17175,2021-12-21 20:00:00,laliga,Villarreal,Alaves,5,2,3.87986,0.310052,3.2,3.3,,
2021,17174,2021-12-21 22:30:00,laliga,Sevilla,Barcelona,1,1,0.299426,1.90576,3.1,3.2,,
2021,17219,2021-12-22 20:00:00,laliga,Granada,Atletico Madrid,2,1,0.911053,1.77937,3.3,4.0,,
2021,17336,2021-12-22 20:30:00,laliga,Athletic Club,Real Madrid,1,2,1.0933,1.58518,3.2,3.0,,
2021,17317,2021-12-31 15:15:00,laliga,Valencia,Espanyol,1,2,0.864078,2.14833,10.8,13.8,,
2021,17323,2022-01-02 13:00:00,laliga,Getafe,Real Madrid,1,0,0.900039,0.913167,13.8,10.7,,
2021,17316,2022-01-02 15:15:00,laliga,Elche,Granada,0,0,1.44824,0.965958,14.9,10.8,,
2021,17320,2022-01-02 15:15:00,laliga,Atletico Madrid,Rayo Vallecano,2,0,1.98103,0.104074,10.8,15.1,,
2021,17319,2022-01-02 17:30:00,laliga,Alaves,Real Sociedad,1,1,1.5407,1.38111,11.9,15.1,,
2021,17321,2022-01-02 17:30:00,laliga,Real Betis,Celta Vigo,0,2,0.889436,1.872,14.1,15.9,,
2021,17322,2022-01-02 20:00:00,laliga,Mallorca,Barcelona,0,1,0.988536,1.61795,14.3,11.9,,
2021,17318,2022-01-03 18:00:00,laliga,Villarreal,Levante,5,0,4.19047,0.423407,12.9,13.9,,
2021,17325,2022-01-03 20:00:00,laliga,Osasuna,Athletic Club,1,3,0.521945,2.48538,15.1,12.0,,
2021,17324,2022-01-03 20:15:00,laliga,Cadiz,Sevilla,0,1,0.238594,1.28387,15.0,12.9,,
2021,17329,2022-01-08 13:00:00,laliga,Levante,Mallorca,2,0,1.32485,1.16534,4.8,5.7,,
2021,17332,2022-01-08 15:15:00,laliga,Real Sociedad,Celta Vigo,1,0,2.32107,0.313993,5.9,5.9,,
2021,17327,2022-01-08 17:30:00,laliga,Granada,Barcelona,1,1,0.747757,0.967234,6.1,5.9,,
2021,17331,2022-01-08 20:00:00,laliga,Real Madrid,Valencia,4,1,4.1129,1.12054,6.3,8.2,,
2021,17334,2022-01-09 13:00:00,laliga,Rayo Vallecano,Real Betis,1,1,1.47922,1.26688,6.9,6.8,,
2021,17333,2022-01-09 15:15:00,laliga,Sevilla,Getafe,1,0,0.592329,0.114607,5.8,7.1,,
2021,17326,2022-01-09 17:30:00,laliga,Alaves,Athletic Club,0,0,0.585505,0.463719,7.0,5.9,,
2021,17330,2022-01-09 17:30:00,laliga,Osasuna,Cadiz,2,0,3.13396,0.210192,5.9,5.9,,
2021,17335,2022-01-09 20:00:00,laliga,Villarreal,Atletico Madrid,2,2,2.56125,0.882404,6.1,7.2,,
2021,17328,2022-01-10 20:00:00,laliga,Espanyol,Elche,1,2,1.30222,0.662335,10.2,8.2,,
2021,17345,2022-01-16 18:00:00,laliga,Elche,Villarreal,1,0,0.204155,0.755426,5.9,6.9,,
2021,17343,2022-01-18 18:00:00,laliga,Cadiz,Espanyol,2,2,0.801983,1.91578,9.0,7.9,,
2021,17339,2022-01-18 20:00:00,laliga,Real Betis,Alaves,4,0,2.10165,0.260065,9.3,9.1,,
2021,17340,2022-01-19 18:00:00,laliga,Celta Vigo,Osasuna,2,0,1.52433,0.46556,11.1,10.0,,
2021,17344,2022-01-19 20:30:00,laliga,Valencia,Sevilla,1,1,0.573449,1.17995,11.0,10.2,,
2021,17342,2022-01-20 18:00:00,laliga,Getafe,Granada,4,2,1.18065,0.856476,11.1,12.0,,
2021,17349,2022-01-21 20:00:00,laliga,Espanyol,Real Betis,1,4,1.57092,2.85687,3.1,3.0,,
2021,17350,2022-01-22 13:00:00,laliga,Levante,Cadiz,0,2,1.08487,0.911469,14.0,3.8,,
2021,17355,2022-01-22 15:15:00,laliga,Villarreal,Mallorca,3,0,2.19824,1.59983,5.9,14.1,,
2021,17353,2022-01-22 17:30:00,laliga,Sevilla,Celta Vigo,2,2,0.885077,0.469693,2.9,3.0,,
2021,17347,2022-01-22 20:00:00,laliga,Atletico Madrid,Valencia,3,2,2.25966,0.726623,13.0,3.0,,
2021,17348,2022-01-23 13:00:00,laliga,Granada,Osasuna,0,2,0.582823,2.17061,2.8,3.8,,
2021,17351,2022-01-23 15:15:00,laliga,Real Madrid,Elche,2,2,3.82847,0.725434,14.8,6.9,,
2021,17352,2022-01-23 17:30:00,laliga,Real Sociedad,Getafe,0,0,1.21342,0.350506,15.1,3.0,,
2021,17354,2022-01-23 17:30:00,laliga,Rayo Vallecano,Athletic Club,0,1,1.45337,0.412898,14.2,14.0,,
2021,17346,2022-01-23 20:00:00,laliga,Alaves,Barcelona,0,1,0.733223,1.14948,5.0,15.1,,
2021,17361,2022-02-04 20:00:00,laliga,Getafe,Levante,3,0,1.1718,0.556029,12.1,13.3,,
2021,17365,2022-02-05 13:00:00,laliga,Elche,Alaves,3,1,1.77379,1.12234,12.9,12.7,,
2021,17360,2022-02-05 15:15:00,laliga,Mallorca,Cadiz,2,1,2.23498,0.887418,14.0,14.1,,
2021,17359,2022-02-05 17:30:00,laliga,Celta Vigo,Rayo Vallecano,2,0,0.65442,0.678815,14.0,13.0,,
2021,17362,2022-02-05 20:00:00,laliga,Osasuna,Sevilla,0,0,0.397154,1.34983,13.3,14.1,,
2021,17364,2022-02-06 13:00:00,laliga,Valencia,Real Sociedad,0,0,1.19065,0.539612,14.7,13.8,,
2021,17357,2022-02-06 15:15:00,laliga,Barcelona,Atletico Madrid,4,2,0.926663,1.61465,13.8,14.8,,
2021,17358,2022-02-06 17:30:00,laliga,Real Betis,Villarreal,0,2,0.737524,1.34131,15.9,15.1,,
2021,17363,2022-02-06 20:00:00,laliga,Real Madrid,Granada,1,0,1.47173,0.39522,14.2,14.3,,
2021,17356,2022-02-07 20:00:00,laliga,Athletic Club,Espanyol,2,1,1.07545,0.580028,15.1,17.0,,
2021,17373,2022-02-11 20:00:00,laliga,Sevilla,Elche,2,0,0.767939,0.28732,6.0,6.3,,
2021,17369,2022-02-12 13:00:00,laliga,Cadiz,Celta Vigo,0,0,0.880656,0.900788,6.9,6.8,,
2021,17375,2022-02-12 15:15:00,laliga,Villarreal,Real Madrid,0,0,0.460031,2.11101,5.9,5.8,,
2021,17374,2022-02-12 17:30:00,laliga,Rayo Vallecano,Osasuna,0,3,0.590034,2.12321,7.0,6.9,,
2021,17367,2022-02-12 20:00:00,laliga,Atletico Madrid,Getafe,4,3,3.20819,2.2661,6.2,8.0,,
2021,17366,2022-02-13 13:00:00,laliga,Alaves,Valencia,2,1,2.03492,1.18082,8.0,7.0,,
2021,17371,2022-02-13 15:15:00,laliga,Levante,Real Betis,2,4,1.66764,2.09703,8.8,6.9,,
2021,17372,2022-02-13 17:30:00,laliga,Real Sociedad,Granada,2,0,3.43761,0.773811,7.2,6.9,,
2021,17370,2022-02-13 20:00:00,laliga,Espanyol,Barcelona,2,2,0.624266,1.62221,6.0,7.2,,
2021,17368,2022-02-14 20:00:00,laliga,Mallorca,Athletic Club,3,2,1.81722,1.54391,9.2,7.0,,
2021,17337,2022-02-16 18:00:00,laliga,Atletico Madrid,Levante,0,1,1.10602,0.813252,3.9,3.1,,
2021,17385,2022-02-18 20:00:00,laliga,Elche,Rayo Vallecano,2,1,2.95715,0.832156,7.0,6.1,,
2021,17380,2022-02-19 13:00:00,laliga,Granada,Villarreal,1,4,2.12749,5.34192,5.8,6.9,,
2021,17382,2022-02-19 15:15:00,laliga,Osasuna,Atletico Madrid,0,3,0.689493,0.928671,6.9,2.9,,
2021,17379,2022-02-19 17:30:00,laliga,Cadiz,Getafe,1,1,0.653762,0.885378,7.2,6.9,,
2021,17383,2022-02-19 20:00:00,laliga,Real Madrid,Alaves,3,0,3.02281,0.63724,7.2,6.3,,
2021,17381,2022-02-20 13:00:00,laliga,Espanyol,Sevilla,1,1,1.60205,0.958453,6.7,8.7,,
2021,17384,2022-02-20 15:15:00,laliga,Valencia,Barcelona,1,4,0.774868,2.4686,7.1,6.8,,
2021,17377,2022-02-20 17:30:00,laliga,Real Betis,Mallorca,2,1,1.47285,0.33988,7.1,5.9,,
2021,17376,2022-02-20 20:00:00,laliga,Athletic Club,Real Sociedad,4,0,3.08821,0.528403,6.0,7.1,,
2021,17378,2022-02-21 20:00:00,laliga,Celta Vigo,Levante,1,1,1.40465,1.54675,9.3,5.1,,
2021,17391,2022-02-25 20:00:00,laliga,Levante,Elche,3,0,2.13075,1.0394,4.0,7.0,,
2021,17388,2022-02-26 13:00:00,laliga,Mallorca,Valencia,0,1,1.38849,0.71964,5.8,5.9,,
2021,17389,2022-02-26 15:15:00,laliga,Getafe,Alaves,2,2,1.2384,1.33865,6.9,6.8,,
2021,17394,2022-02-26 17:30:00,laliga,Rayo Vallecano,Real Madrid,0,1,1.19813,1.92697,7.9,6.9,,
2021,17386,2022-02-26 20:00:00,laliga,Atletico Madrid,Celta Vigo,2,0,0.771653,0.724951,7.2,5.0,,
2021,17395,2022-02-27 13:00:00,laliga,Villarreal,Espanyol,5,1,4.80545,0.641431,8.0,7.0,,
2021,17393,2022-02-27 15:15:00,laliga,Sevilla,Real Betis,2,1,1.73411,0.745673,7.1,6.9,,
2021,17392,2022-02-27 17:30:00,laliga,Real Sociedad,Osasuna,1,0,1.52268,0.410683,6.9,8.1,,
2021,17387,2022-02-27 20:00:00,laliga,Barcelona,Athletic Club,4,0,3.24274,0.332521,7.2,7.0,,
2021,17390,2022-02-28 20:00:00,laliga,Granada,Cadiz,0,0,0.240876,0.902122,9.3,9.1,,
2021,17341,2022-03-02 20:00:00,laliga,Mallorca,Real Sociedad,0,2,0.455768,1.44904,4.3,3.1,,
2021,17396,2022-03-04 20:00:00,laliga,Alaves,Sevilla,0,0,2.03396,1.07969,6.2,5.2,,
2021,17402,2022-03-05 13:00:00,laliga,Osasuna,Villarreal,1,0,1.52659,0.522906,5.8,6.0,,
2021,17401,2022-03-05 15:15:00,laliga,Espanyol,Getafe,2,0,0.12167,0.477665,6.1,7.0,,
2021,17404,2022-03-05 17:30:00,laliga,Valencia,Granada,3,1,1.83454,0.209802,7.2,4.9,,
2021,17403,2022-03-05 20:00:00,laliga,Real Madrid,Real Sociedad,4,1,2.08769,0.743278,7.1,3.0,,
2021,17400,2022-03-06 13:00:00,laliga,Cadiz,Rayo Vallecano,2,0,1.1663,0.908358,5.7,7.8,,
2021,17405,2022-03-06 15:15:00,laliga,Elche,Barcelona,1,2,0.850008,4.0864,8.8,6.8,,
2021,17399,2022-03-06 17:30:00,laliga,Celta Vigo,Mallorca,4,3,2.80024,1.59076,7.9,3.9,,
2021,17398,2022-03-06 20:00:00,laliga,Real Betis,Atletico Madrid,1,3,1.31499,2.6744,7.2,8.0,,
2021,17397,2022-03-07 20:00:00,laliga,Athletic Club,Levante,3,1,3.4866,0.552215,8.0,10.0,,
2021,17406,2022-03-11 20:00:00,laliga,Atletico Madrid,Cadiz,2,1,0.659742,0.817457,5.0,5.3,,
2021,17412,2022-03-12 13:00:00,laliga,Levante,Espanyol,1,1,1.25649,0.47916,4.7,6.9,,
2021,17411,2022-03-12 15:15:00,laliga,Granada,Elche,0,1,1.34208,1.32937,6.9,6.0,,
2021,17415,2022-03-12 17:30:00,laliga,Villarreal,Celta Vigo,1,0,1.16993,0.933297,7.2,6.0,,
2021,17410,2022-03-12 20:00:00,laliga,Getafe,Valencia,0,0,1.20664,0.250843,7.2,7.1,,
2021,17414,2022-03-13 13:00:00,laliga,Rayo Vallecano,Sevilla,1,1,0.626895,0.412843,7.0,8.7,,
2021,17408,2022-03-13 15:15:00,laliga,Real Betis,Athletic Club,1,0,0.846393,0.707634,6.8,5.8,,
2021,17413,2022-03-13 17:30:00,laliga,Real Sociedad,Alaves,1,0,3.04773,0.666399,7.9,8.9,,
2021,17407,2022-03-13 20:00:00,laliga,Barcelona,Osasuna,4,0,3.90343,0.110884,7.2,8.3,,
2021,17409,2022-03-14 20:00:00,laliga,Mallorca,Real Madrid,0,3,1.17685,1.81712,8.1,9.0,,
2021,17417,2022-03-18 20:00:00,laliga,Athletic Club,Getafe,1,1,2.64347,0.562831,5.2,6.0,,
2021,17416,2022-03-19 13:00:00,laliga,Alaves,Granada,2,3,2.13094,2.19056,5.8,6.9,,
2021,17425,2022-03-19 15:15:00,laliga,Elche,Valencia,0,1,0.509372,0.979663,7.0,6.8,,
2021,17421,2022-03-19 17:30:00,laliga,Osasuna,Levante,3,1,2.67397,1.21866,5.9,7.2,,
2021,17424,2022-03-19 20:00:00,laliga,Rayo Vallecano,Atletico Madrid,0,1,1.88474,1.1919,6.3,8.0,,
2021,17420,2022-03-20 13:00:00,laliga,Espanyol,Mallorca,1,0,1.54033,0.306153,8.0,5.7,,
2021,17418,2022-03-20 15:15:00,laliga,Celta Vigo,Real Betis,0,0,1.26157,0.444295,7.9,7.0,,
2021,17419,2022-03-20 15:15:00,laliga,Cadiz,Villarreal,1,0,1.4273,0.192945,8.8,7.9,,
2021,17423,2022-03-20 17:30:00,laliga,Sevilla,Real Sociedad,0,0,0.355365,1.22058,7.2,7.0,,
2021,17422,2022-03-20 20:00:00,laliga,Real Madrid,Barcelona,0,4,0.627785,4.25983,6.0,7.0,,
2021,17431,2022-04-02 12:00:00,laliga,Getafe,Mallorca,1,0,1.69452,0.308149,14.7,13.0,,
2021,17433,2022-04-02 14:15:00,laliga,Levante,Villarreal,2,0,1.71737,1.10171,13.9,13.0,,
2021,17430,2022-04-02 16:30:00,laliga,Celta Vigo,Real Madrid,1,2,1.07389,2.94585,13.1,12.9,,
2021,17427,2022-04-02 19:00:00,laliga,Atletico Madrid,Alaves,4,1,2.86429,0.518108,14.0,14.2,,
2021,17426,2022-04-03 12:00:00,laliga,Athletic Club,Elche,2,1,2.08095,0.45189,15.7,14.9,,
2021,17429,2022-04-03 14:15:00,laliga,Real Betis,Osasuna,4,1,4.85779,0.310951,14.0,14.9,,
2021,17432,2022-04-03 16:30:00,laliga,Granada,Rayo Vallecano,2,2,2.26365,1.04645,15.1,14.9,,
2021,17435,2022-04-03 16:30:00,laliga,Valencia,Cadiz,0,0,0.107859,0.196233,15.1,14.1,,
2021,17428,2022-04-03 19:00:00,laliga,Barcelona,Sevilla,1,0,1.93362,0.488161,14.0,14.1,,
2021,17434,2022-04-04 19:00:00,laliga,Real Sociedad,Espanyol,1,0,1.95778,0.714821,15.1,15.2,,
2021,17442,2022-04-08 19:00:00,laliga,Sevilla,Granada,4,2,3.30823,0.981555,5.0,5.1,,
2021,17437,2022-04-09 12:00:00,laliga,Cadiz,Real Betis,1,2,1.15546,1.22849,5.8,5.9,,
2021,17436,2022-04-09 14:15:00,laliga,Mallorca,Atletico Madrid,1,0,1.08047,0.575266,7.1,6.8,,
2021,17444,2022-04-09 16:30:00,laliga,Villarreal,Athletic Club,1,1,0.919935,2.04982,7.1,6.2,,
2021,17441,2022-04-09 19:00:00,laliga,Real Madrid,Getafe,2,0,1.62196,0.407933,7.1,7.3,,
2021,17440,2022-04-10 12:00:00,laliga,Osasuna,Alaves,1,0,2.67295,0.779772,6.9,7.7,,
2021,17438,2022-04-10 14:15:00,laliga,Espanyol,Celta Vigo,1,0,1.55824,0.6961,5.8,7.9,,
2021,17445,2022-04-10 16:30:00,laliga,Elche,Real Sociedad,1,2,1.0483,2.08213,7.2,5.9,,
2021,17439,2022-04-10 19:00:00,laliga,Levante,Barcelona,2,3,2.98698,1.36074,8.2,7.0,,
2021,17443,2022-04-11 19:00:00,laliga,Rayo Vallecano,Valencia,1,1,0.556213,0.56958,8.1,8.1,,
2021,17452,2022-04-15 19:00:00,laliga,Real Sociedad,Real Betis,0,0,0.86796,0.377534,5.1,6.3,,
2021,17455,2022-04-16 12:00:00,laliga,Elche,Mallorca,3,0,1.49995,1.06428,5.8,6.9,,
2021,17446,2022-04-16 14:15:00,laliga,Alaves,Rayo Vallecano,1,0,0.531373,1.22034,6.1,4.8,,
2021,17454,2022-04-16 16:30:00,laliga,Valencia,Osasuna,1,2,1.20904,1.06317,4.9,6.2,,
2021,17450,2022-04-16 19:00:00,laliga,Getafe,Villarreal,1,2,0.939154,2.82388,7.0,7.1,,
2021,17451,2022-04-17 12:00:00,laliga,Granada,Levante,1,4,1.15642,4.45893,8.7,6.7,,
2021,17448,2022-04-17 14:15:00,laliga,Atletico Madrid,Espanyol,2,1,1.58913,0.814562,8.0,7.0,,
2021,17447,2022-04-17 16:30:00,laliga,Athletic Club,Celta Vigo,0,2,0.910556,0.882589,8.0,7.1,,
2021,17453,2022-04-17 19:00:00,laliga,Sevilla,Real Madrid,2,3,1.17236,1.53527,9.0,8.0,,
2021,17449,2022-04-18 19:00:00,laliga,Barcelona,Cadiz,0,1,1.35403,1.92768,8.0,9.3,,
2021,17459,2022-04-19 17:00:00,laliga,Mallorca,Alaves,2,1,0.91373,0.561806,3.2,3.1,,
2021,17457,2022-04-19 19:00:00,laliga,Real Betis,Elche,0,1,1.34387,0.834721,4.0,3.3,,
2021,17465,2022-04-19 19:30:00,laliga,Villarreal,Valencia,2,0,2.79507,0.313345,3.0,3.1,,
2021,17456,2022-04-20 17:00:00,laliga,Atletico Madrid,Granada,0,0,1.14761,0.150986,3.1,3.2,,
2021,17458,2022-04-20 18:00:00,laliga,Celta Vigo,Getafe,0,2,0.326278,1.45896,3.1,4.0,,
2021,17463,2022-04-20 19:30:00,laliga,Osasuna,Real Madrid,1,3,0.872915,4.60461,4.1,3.0,,
2021,17461,2022-04-21 17:00:00,laliga,Espanyol,Rayo Vallecano,0,1,0.454741,1.01579,4.1,5.1,,
2021,17462,2022-04-21 17:00:00,laliga,Levante,Sevilla,2,3,2.62106,2.46009,4.2,3.9,,
2021,17460,2022-04-21 18:00:00,laliga,Cadiz,Athletic Club,2,3,3.42624,2.33226,3.0,4.1,,
2021,17464,2022-04-21 19:30:00,laliga,Real Sociedad,Barcelona,0,1,1.0324,1.96498,6.0,3.0,,
2021,17338,2022-04-24 19:00:00,laliga,Barcelona,Rayo Vallecano,0,1,1.10806,0.247749,3.0,3.1,,
2021,17472,2022-04-29 19:00:00,laliga,Sevilla,Cadiz,1,1,0.873458,0.899478,8.1,8.0,,
2021,17466,2022-04-30 12:00:00,laliga,Alaves,Villarreal,2,1,1.85307,1.14043,10.8,10.7,,
2021,17471,2022-04-30 14:15:00,laliga,Real Madrid,Espanyol,4,0,2.31704,1.64156,9.8,8.9,,
2021,17473,2022-04-30 16:30:00,laliga,Valencia,Levante,1,1,0.737326,1.70278,10.9,9.0,,
2021,17467,2022-04-30 19:00:00,laliga,Athletic Club,Atletico Madrid,2,0,1.24712,0.503211,9.0,10.1,,
2021,17475,2022-05-01 12:00:00,laliga,Elche,Osasuna,1,1,0.80936,1.11898,11.7,10.7,,
2021,17470,2022-05-01 14:15:00,laliga,Granada,Celta Vigo,1,1,0.999398,1.30137,10.9,10.8,,
2021,17474,2022-05-01 16:30:00,laliga,Rayo Vallecano,Real Sociedad,1,1,1.19946,0.87498,6.9,9.9,,
2021,17468,2022-05-01 19:00:00,laliga,Barcelona,Mallorca,2,1,1.64114,1.23981,7.0,12.1,,
2021,17469,2022-05-02 19:00:00,laliga,Getafe,Real Betis,0,0,0.851757,0.470229,12.0,13.0,,
2021,17484,2022-05-06 19:00:00,laliga,Levante,Real Sociedad,2,1,2.22217,2.30649,6.1,5.1,,
2021,17480,2022-05-07 12:00:00,laliga,Mallorca,Granada,2,6,1.77941,2.64631,5.7,5.9,,
2021,17476,2022-05-07 14:15:00,laliga,Athletic Club,Valencia,0,0,1.54495,0.127375,6.8,6.9,,
2021,17479,2022-05-07 16:30:00,laliga,Celta Vigo,Alaves,4,0,2.99933,0.136283,6.1,7.2,,
2021,17482,2022-05-07 16:30:00,laliga,Cadiz,Elche,3,0,2.02383,0.0634173,7.9,6.2,,
2021,17478,2022-05-07 19:00:00,laliga,Real Betis,Barcelona,1,2,0.627814,1.19659,5.0,6.0,,
2021,17481,2022-05-08 12:00:00,laliga,Getafe,Rayo Vallecano,0,0,0.629264,0.816549,5.7,6.8,,
2021,17485,2022-05-08 14:15:00,laliga,Villarreal,Sevilla,1,1,2.70051,0.986887,8.1,8.8,,
2021,17483,2022-05-08 16:30:00,laliga,Espanyol,Osasuna,1,1,0.56923,1.11008,8.1,7.2,,
2021,17477,2022-05-08 19:00:00,laliga,Atletico Madrid,Real Madrid,1,0,2.45366,1.13607,8.0,8.2,,
2021,17493,2022-05-10 17:00:00,laliga,Valencia,Real Betis,0,3,1.11931,1.83636,3.1,2.9,,
2021,17488,2022-05-10 18:00:00,laliga,Granada,Athletic Club,1,0,1.01967,0.35575,3.2,3.2,,
2021,17487,2022-05-10 19:30:00,laliga,Barcelona,Celta Vigo,3,1,1.23358,0.851127,3.0,3.1,,
2021,17486,2022-05-11 17:00:00,laliga,Alaves,Espanyol,2,1,2.4573,0.902191,4.0,3.0,,
2021,17489,2022-05-11 17:00:00,laliga,Osasuna,Getafe,1,1,0.608205,0.582724,3.0,3.2,,
2021,17492,2022-05-11 18:30:00,laliga,Sevilla,Mallorca,0,0,1.65199,0.553368,3.2,4.3,,
2021,17495,2022-05-11 19:30:00,laliga,Elche,Atletico Madrid,0,2,0.169168,2.61258,4.1,3.0,,
2021,17491,2022-05-12 17:00:00,laliga,Real Sociedad,Cadiz,3,0,2.65814,0.675387,5.9,5.0,,
2021,17494,2022-05-12 18:00:00,laliga,Rayo Vallecano,Villarreal,1,5,1.8933,2.9178,4.2,4.2,,
2021,17490,2022-05-12 19:30:00,laliga,Real Madrid,Levante,6,0,4.89552,0.695945,4.0,6.0,,
2021,17496,2022-05-15 17:30:00,laliga,Athletic Club,Osasuna,2,0,1.47829,0.764272,5.0,4.0,,
2021,17497,2022-05-15 17:30:00,laliga,Atletico Madrid,Sevilla,1,1,0.892826,0.794179,3.9,4.0,,
2021,17498,2022-05-15 17:30:00,laliga,Real Betis,Granada,2,0,1.70154,1.15584,5.0,5.0,,
2021,17499,2022-05-15 17:30:00,laliga,Celta Vigo,Elche,1,0,1.5573,0.445721,4.9,3.9,,
2021,17500,2022-05-15 17:30:00,laliga,Mallorca,Rayo Vallecano,2,1,0.945419,2.04546,4.0,3.0,,
2021,17501,2022-05-15 17:30:00,laliga,Getafe,Barcelona,0,0,0.237476,0.19547,4.0,4.9,,
2021,17502,2022-05-15 17:30:00,laliga,Cadiz,Real Madrid,1,1,2.66633,1.92483,3.0,2.9,,
2021,17503,2022-05-15 17:30:00,laliga,Espanyol,Valencia,1,1,0.59873,2.2262,4.0,5.0,,
2021,17504,2022-05-15 17:30:00,laliga,Levante,Alaves,3,1,2.14717,0.571687,2.9,4.0,,
2021,17505,2022-05-15 17:30:00,laliga,Villarreal,Real Sociedad,1,2,1.01013,2.72677,3.0,3.0,,
2021,17510,2022-05-20 19:00:00,laliga,Real Madrid,Real Betis,0,0,1.8155,1.43562,5.1,5.1,,
2021,17514,2022-05-20 19:00:00,laliga,Rayo Vallecano,Levante,2,4,2.7327,3.28491,5.1,5.1,,
2021,17513,2022-05-21 15:30:00,laliga,Valencia,Celta Vigo,2,0,1.47889,1.40936,5.9,5.9,,
2021,17515,2022-05-22 15:30:00,laliga,Elche,Getafe,3,1,3.02536,1.06857,6.9,6.9,,
2021,17506,2022-05-22 18:00:00,laliga,Alaves,Cadiz,0,1,0.391505,1.84089,7.0,7.0,,
2021,17508,2022-05-22 18:00:00,laliga,Granada,Espanyol,0,0,2.0332,0.386799,7.0,7.0,,
2021,17509,2022-05-22 18:00:00,laliga,Osasuna,Mallorca,0,2,0.897014,1.2351,7.0,7.0,,
2021,17507,2022-05-22 20:00:00,laliga,Barcelona,Villarreal,0,2,0.628178,0.68657,7.1,7.1,,
2021,17511,2022-05-22 20:00:00,laliga,Real Sociedad,Atletico Madrid,1,2,2.21737,0.586617,7.1,7.1,,
2021,17512,2022-05-22 20:00:00,laliga,Sevilla,Athletic Club,1,0,1.41239,0.487249,7.1,7.1,,
2022,18962,2022-08-12 19:00:00,laliga,Osasuna,Sevilla,2,1,1.35571,0.965574,60.0,60.0,,
2022,18963,2022-08-13 15:00:00,laliga,Celta Vigo,Espanyol,2,2,0.347363,1.0334,60.0,60.0,,
2022,18964,2022-08-13 17:00:00,laliga,Real Valladolid,Villarreal,0,3,0.859075,1.39509,60.0,60.0,,
2022,18965,2022-08-13 19:00:00,laliga,Barcelona,Rayo Vallecano,0,0,1.37129,0.77153,60.0,60.0,,
2022,18966,2022-08-14 15:30:00,laliga,Cadiz,Real Sociedad,0,1,0.294358,2.64367,60.0,60.0,,
2022,18967,2022-08-14 17:30:00,laliga,Valencia,Girona,1,0,1.87878,0.132198,60.0,60.0,,
2022,18968,2022-08-14 20:00:00,laliga,Almeria,Real Madrid,1,2,0.80073,3.11412,60.0,60.0,,
2022,18969,2022-08-15 15:30:00,laliga,Athletic Club,Mallorca,0,0,1.60559,0.476414,60.0,60.0,,
2022,18970,2022-08-15 17:30:00,laliga,Getafe,Atletico Madrid,0,3,1.14045,1.48417,60.0,60.0,,
2022,18971,2022-08-15 19:30:00,laliga,Real Betis,Elche,3,0,3.99664,0.29379,60.0,60.0,,
2022,18972,2022-08-19 18:00:00,laliga,Espanyol,Rayo Vallecano,0,2,0.904012,1.69789,6.1,6.0,,
2022,18973,2022-08-19 20:00:00,laliga,Sevilla,Real Valladolid,1,1,1.95115,0.557629,7.0,6.1,,
2022,18974,2022-08-20 15:30:00,laliga,Osasuna,Cadiz,2,0,2.92362,1.01741,7.9,6.0,,
2022,18975,2022-08-20 17:30:00,laliga,Mallorca,Real Betis,1,2,1.46761,2.21648,5.1,4.9,,
2022,18976,2022-08-20 20:00:00,laliga,Celta Vigo,Real Madrid,1,4,1.31973,3.59631,7.2,6.0,,
2022,18977,2022-08-21 15:30:00,laliga,Athletic Club,Valencia,1,0,0.761587,0.676158,6.0,6.9,,
2022,18978,2022-08-21 17:30:00,laliga,Atletico Madrid,Villarreal,0,2,1.5852,1.9825,6.0,8.0,,
2022,18979,2022-08-21 20:00:00,laliga,Real Sociedad,Barcelona,1,4,0.79913,2.04035,7.2,8.0,,
2022,18980,2022-08-22 18:00:00,laliga,Elche,Almeria,1,1,0.899007,0.969747,6.9,7.9,,
2022,18981,2022-08-22 20:00:00,laliga,Girona,Getafe,3,1,1.52171,0.692785,8.1,7.1,,
2022,18982,2022-08-26 18:00:00,laliga,Girona,Celta Vigo,0,1,0.566228,0.625546,3.9,5.9,,
2022,18983,2022-08-26 20:00:00,laliga,Real Betis,Osasuna,1,0,0.507146,0.910349,6.1,6.2,,
2022,18984,2022-08-27 15:30:00,laliga,Elche,Real Sociedad,0,1,1.23504,1.81171,4.9,5.8,,
2022,18985,2022-08-27 17:30:00,laliga,Rayo Vallecano,Mallorca,0,2,0.864794,0.855715,8.0,7.0,,
2022,18986,2022-08-27 20:00:00,laliga,Almeria,Sevilla,2,1,2.15407,1.37889,5.1,8.0,,
2022,18987,2022-08-28 15:30:00,laliga,Getafe,Villarreal,0,0,0.273957,1.13195,5.8,6.9,,
2022,18988,2022-08-28 17:30:00,laliga,Barcelona,Real Valladolid,4,0,3.28674,0.720063,6.9,8.9,,
2022,18989,2022-08-28 20:00:00,laliga,Espanyol,Real Madrid,1,3,1.63359,2.04602,9.1,8.0,,
2022,18990,2022-08-29 18:00:00,laliga,Cadiz,Athletic Club,0,4,0.239303,3.18677,9.1,8.1,,
2022,18991,2022-08-29 20:00:00,laliga,Valencia,Atletico Madrid,0,1,0.65396,1.97507,8.2,8.1,,
2022,18999,2022-09-02 19:00:00,laliga,Celta Vigo,Cadiz,3,0,1.50986,0.234828,7.0,4.0,,
2022,19001,2022-09-03 12:00:00,laliga,Mallorca,Girona,1,1,0.895835,1.09499,6.8,7.8,,
2022,18996,2022-09-03 14:15:00,laliga,Real Madrid,Real Betis,2,1,3.20593,0.333406,5.8,7.8,,
2022,18994,2022-09-03 16:30:00,laliga,Real Sociedad,Atletico Madrid,1,1,1.75154,2.24791,7.0,4.9,,
2022,18995,2022-09-03 19:00:00,laliga,Sevilla,Barcelona,0,3,0.829157,4.67838,7.0,6.1,,
2022,18993,2022-09-04 12:00:00,laliga,Osasuna,Rayo Vallecano,2,1,3.1751,0.179917,8.7,7.8,,
2022,18992,2022-09-04 14:15:00,laliga,Athletic Club,Espanyol,0,1,1.24661,1.11365,5.8,6.8,,
2022,18997,2022-09-04 16:30:00,laliga,Villarreal,Elche,4,0,3.5829,0.21919,7.0,8.0,,
2022,18998,2022-09-04 19:00:00,laliga,Valencia,Getafe,5,1,2.92757,0.572495,6.0,7.1,,
2022,19000,2022-09-05 19:00:00,laliga,Real Valladolid,Almeria,1,0,2.12493,0.505353,8.1,9.0,,
2022,19008,2022-09-09 19:00:00,laliga,Girona,Real Valladolid,2,1,2.59252,0.510622,6.3,4.0,,
2022,19006,2022-09-10 12:00:00,laliga,Rayo Vallecano,Valencia,2,1,2.01158,2.18195,6.0,5.7,,
2022,19005,2022-09-10 14:15:00,laliga,Espanyol,Sevilla,2,3,2.37055,2.32043,6.0,6.8,,
2022,19010,2022-09-10 16:30:00,laliga,Cadiz,Barcelona,0,4,0.24818,2.66856,7.9,6.9,,
2022,19002,2022-09-10 19:00:00,laliga,Atletico Madrid,Celta Vigo,4,1,0.92341,1.30565,7.1,8.0,,
2022,19011,2022-09-11 12:00:00,laliga,Real Madrid,Mallorca,4,1,2.21791,0.950984,7.9,8.0,,
2022,19009,2022-09-11 14:15:00,laliga,Elche,Athletic Club,1,4,0.748083,3.2386,6.9,7.0,,
2022,19004,2022-09-11 16:30:00,laliga,Getafe,Real Sociedad,2,1,1.06907,1.32142,6.9,8.0,,
2022,19003,2022-09-11 19:00:00,laliga,Real Betis,Villarreal,1,0,1.61505,2.44235,8.2,7.1,,
2022,19007,2022-09-12 19:00:00,laliga,Almeria,Osasuna,0,1,0.166505,2.14,7.0,8.3,,
2022,19017,2022-09-16 19:00:00,laliga,Real Valladolid,Cadiz,0,1,1.98829,0.523314,7.0,6.1,,
2022,19020,2022-09-17 12:00:00,laliga,Mallorca,Almeria,1,0,0.968715,0.297582,6.0,4.7,,
2022,19013,2022-09-17 14:15:00,laliga,Barcelona,Elche,3,0,5.17903,0.0129931,6.9,6.0,,
2022,19015,2022-09-17 16:30:00,laliga,Valencia,Celta Vigo,3,0,1.91153,0.587167,7.2,6.9,,
2022,19012,2022-09-17 19:00:00,laliga,Athletic Club,Rayo Vallecano,3,2,2.17305,0.62187,6.2,7.3,,
2022,19016,2022-09-18 12:00:00,laliga,Osasuna,Getafe,0,2,1.1323,1.43239,5.7,6.8,,
2022,19019,2022-09-18 14:15:00,laliga,Villarreal,Sevilla,1,1,2.10358,0.436539,6.8,8.0,,
2022,19014,2022-09-18 16:30:00,laliga,Real Betis,Girona,2,1,1.49153,1.34699,6.9,8.9,,
2022,19018,2022-09-18 16:30:00,laliga,Real Sociedad,Espanyol,2,1,2.35791,1.28945,7.0,8.1,,
2022,19021,2022-09-18 19:00:00,laliga,Atletico Madrid,Real Madrid,1,2,1.10431,1.09277,8.0,7.3,,
2022,19031,2022-09-30 19:00:00,laliga,Athletic Club,Almeria,4,0,2.55531,0.42606,13.0,13.3,,
2022,19023,2022-10-01 12:00:00,laliga,Cadiz,Villarreal,0,0,1.06071,1.43089,14.7,12.9,,
2022,19022,2022-10-01 14:15:00,laliga,Getafe,Real Valladolid,2,3,2.50588,1.32186,13.1,14.8,,
2022,19026,2022-10-01 16:30:00,laliga,Sevilla,Atletico Madrid,0,2,0.362804,2.12095,13.1,12.9,,
2022,19027,2022-10-01 19:00:00,laliga,Mallorca,Barcelona,0,1,0.925106,0.636371,14.3,14.2,,
2022,19024,2022-10-02 12:00:00,laliga,Espanyol,Valencia,2,2,0.738099,1.35604,13.8,14.8,,
2022,19028,2022-10-02 14:15:00,laliga,Celta Vigo,Real Betis,1,0,0.892987,1.10607,14.9,13.9,,
2022,19025,2022-10-02 16:30:00,laliga,Girona,Real Sociedad,3,5,0.932579,2.23639,14.0,14.0,,
2022,19030,2022-10-02 19:00:00,laliga,Real Madrid,Osasuna,1,1,2.56301,0.466155,14.0,14.3,,
2022,19029,2022-10-03 19:00:00,laliga,Rayo Vallecano,Elche,2,1,0.651238,0.924633,16.0,16.2,,
2022,19037,2022-10-07 19:00:00,laliga,Osasuna,Valencia,1,2,1.96282,2.73352,5.0,5.3,,
2022,19039,2022-10-08 12:00:00,laliga,Almeria,Rayo Vallecano,3,1,1.05684,0.893142,7.7,4.7,,
2022,19032,2022-10-08 14:15:00,laliga,Atletico Madrid,Girona,2,1,2.19801,0.721587,6.9,5.9,,
2022,19040,2022-10-08 16:30:00,laliga,Sevilla,Athletic Club,1,1,1.35598,1.91863,7.0,7.9,,
2022,19035,2022-10-08 19:00:00,laliga,Getafe,Real Madrid,0,1,0.262283,1.48053,7.2,6.0,,
2022,19041,2022-10-09 12:00:00,laliga,Real Valladolid,Real Betis,0,0,0.662444,0.545154,7.9,6.9,,
2022,19036,2022-10-09 14:15:00,laliga,Cadiz,Espanyol,2,2,1.33811,1.47057,8.1,7.1,,
2022,19038,2022-10-09 16:30:00,laliga,Real Sociedad,Villarreal,1,0,2.37138,0.221593,7.0,8.2,,
2022,19033,2022-10-09 19:00:00,laliga,Barcelona,Celta Vigo,1,0,1.98459,1.35022,8.0,7.2,,
2022,19034,2022-10-10 19:00:00,laliga,Elche,Mallorca,1,1,0.334856,2.69714,7.0,9.0,,
2022,19048,2022-10-14 19:00:00,laliga,Rayo Vallecano,Getafe,0,0,1.11946,0.395734,6.3,6.0,,
2022,19049,2022-10-15 12:00:00,laliga,Girona,Cadiz,1,1,2.36044,1.3467,6.9,5.9,,
2022,19047,2022-10-15 14:15:00,laliga,Valencia,Elche,2,2,3.04132,1.30317,7.8,4.8,,
2022,19044,2022-10-15 16:30:00,laliga,Mallorca,Sevilla,0,1,1.41043,0.176713,4.9,7.0,,
2022,19042,2022-10-15 19:00:00,laliga,Athletic Club,Atletico Madrid,0,1,1.33263,0.463248,7.1,7.2,,
2022,19043,2022-10-16 12:00:00,laliga,Celta Vigo,Real Sociedad,1,2,0.482536,1.17936,6.7,6.8,,
2022,19046,2022-10-16 14:15:00,laliga,Real Madrid,Barcelona,3,1,1.46965,1.66548,7.8,6.8,,
2022,19045,2022-10-16 16:30:00,laliga,Espanyol,Real Valladolid,1,0,1.63127,0.552288,7.1,7.2,,
2022,19051,2022-10-16 19:00:00,laliga,Real Betis,Almeria,3,1,3.19417,1.11551,7.3,8.3,,
2022,19050,2022-10-17 19:00:00,laliga,Villarreal,Osasuna,2,0,2.15273,0.33234,8.1,10.0,,
2022,19055,2022-10-18 17:00:00,laliga,Sevilla,Valencia,1,1,1.19743,1.71123,3.0,3.1,,
2022,19057,2022-10-18 18:00:00,laliga,Getafe,Athletic Club,2,2,0.753077,1.10208,4.0,3.0,,
2022,19052,2022-10-18 19:00:00,laliga,Atletico Madrid,Rayo Vallecano,1,1,0.817771,1.61962,3.0,4.0,,
2022,19058,2022-10-19 17:00:00,laliga,Cadiz,Real Betis,0,0,0.74688,1.22222,4.2,2.9,,
2022,19059,2022-10-19 17:00:00,laliga,Real Valladolid,Celta Vigo,4,1,1.63342,2.03107,3.0,3.2,,
2022,19060,2022-10-19 18:00:00,laliga,Real Sociedad,Mallorca,1,0,2.16436,1.09436,3.2,4.1,,
2022,19054,2022-10-19 19:00:00,laliga,Elche,Real Madrid,0,3,1.04972,1.6151,4.2,3.2,,
2022,19056,2022-10-20 17:00:00,laliga,Almeria,Girona,3,2,2.08595,2.65444,3.9,5.2,,
2022,19061,2022-10-20 18:00:00,laliga,Osasuna,Espanyol,1,0,1.02851,1.44867,3.0,4.1,,
2022,19053,2022-10-20 19:00:00,laliga,Barcelona,Villarreal,3,0,3.61604,0.503294,4.2,3.0,,
2022,19069,2022-10-22 12:00:00,laliga,Rayo Vallecano,Cadiz,5,1,3.88516,0.642193,3.7,2.8,,
2022,19070,2022-10-22 14:15:00,laliga,Real Valladolid,Real Sociedad,1,0,0.785666,0.82513,2.9,2.8,,
2022,19068,2022-10-22 16:30:00,laliga,Valencia,Mallorca,1,2,1.07022,1.25148,4.0,2.9,,
2022,19063,2022-10-22 19:00:00,laliga,Real Madrid,Sevilla,3,1,2.17678,0.518059,3.0,4.1,,
2022,19067,2022-10-23 12:00:00,laliga,Espanyol,Elche,2,2,2.18547,0.318561,2.8,3.7,,
2022,19066,2022-10-23 14:15:00,laliga,Real Betis,Atletico Madrid,1,2,1.33076,0.585496,3.9,4.8,,
2022,19064,2022-10-23 16:30:00,laliga,Girona,Osasuna,1,1,0.666875,0.693721,3.0,2.9,,
2022,19071,2022-10-23 16:30:00,laliga,Villarreal,Almeria,2,1,0.852495,1.24152,2.9,3.0,,
2022,19065,2022-10-23 19:00:00,laliga,Barcelona,Athletic Club,4,0,2.13539,0.240803,3.0,5.0,,
2022,19062,2022-10-24 19:00:00,laliga,Celta Vigo,Getafe,1,1,0.821869,0.226128,5.1,6.0,,
2022,19079,2022-10-28 19:00:00,laliga,Mallorca,Espanyol,1,1,1.19,0.248446,6.1,5.3,,
2022,19075,2022-10-29 12:00:00,laliga,Almeria,Celta Vigo,3,1,2.30529,0.197875,5.8,4.7,,
2022,19076,2022-10-29 14:15:00,laliga,Cadiz,Atletico Madrid,3,2,1.58908,1.79745,7.1,6.0,,
2022,19080,2022-10-29 16:30:00,laliga,Sevilla,Rayo Vallecano,0,1,0.978055,0.773435,6.9,7.2,,
2022,19077,2022-10-29 19:00:00,laliga,Valencia,Barcelona,0,1,0.187414,2.33418,7.1,6.0,,
2022,19074,2022-10-30 13:00:00,laliga,Osasuna,Real Valladolid,2,0,1.90028,0.330479,6.9,7.9,,
2022,19081,2022-10-30 15:15:00,laliga,Real Madrid,Girona,1,1,2.65755,1.99848,7.8,6.9,,
2022,19072,2022-10-30 17:30:00,laliga,Athletic Club,Villarreal,1,0,2.05689,0.221451,6.9,7.0,,
2022,19078,2022-10-30 20:00:00,laliga,Real Sociedad,Real Betis,0,2,1.28165,1.34514,8.2,7.2,,
2022,19073,2022-10-31 20:00:00,laliga,Elche,Getafe,0,1,1.22713,0.372744,8.3,7.0,,
2022,19087,2022-11-04 20:00:00,laliga,Girona,Athletic Club,2,1,1.06554,0.81175,5.2,5.1,,
2022,19090,2022-11-05 14:00:00,laliga,Getafe,Cadiz,0,0,0.517067,1.24542,4.8,7.0,,
2022,19088,2022-11-05 15:15:00,laliga,Real Valladolid,Elche,2,1,2.81292,0.198499,6.1,4.8,,
2022,19084,2022-11-05 17:30:00,laliga,Celta Vigo,Osasuna,1,2,0.824768,0.360091,7.2,6.2,,
2022,19091,2022-11-05 20:00:00,laliga,Barcelona,Almeria,2,0,4.33587,0.538049,7.0,7.3,,
2022,19082,2022-11-06 13:00:00,laliga,Atletico Madrid,Espanyol,1,1,2.02314,0.870622,7.9,8.8,,
2022,19085,2022-11-06 15:15:00,laliga,Real Sociedad,Valencia,1,1,1.45821,0.795825,6.8,7.8,,
2022,19089,2022-11-06 17:30:00,laliga,Villarreal,Mallorca,0,2,0.429852,0.704012,7.0,8.9,,
2022,19083,2022-11-06 20:00:00,laliga,Real Betis,Sevilla,1,1,1.13067,1.49591,7.0,8.1,,
2022,19086,2022-11-07 20:00:00,laliga,Rayo Vallecano,Real Madrid,3,2,1.65854,2.21264,9.1,8.2,,
2022,19093,2022-11-08 18:00:00,laliga,Elche,Girona,1,2,0.914455,2.20883,3.1,3.9,,
2022,19092,2022-11-08 19:00:00,laliga,Athletic Club,Real Valladolid,3,0,2.65727,0.481138,4.0,3.2,,
2022,19097,2022-11-08 20:30:00,laliga,Osasuna,Barcelona,1,2,1.23564,1.01467,3.1,3.0,,
2022,19095,2022-11-09 18:00:00,laliga,Almeria,Getafe,1,0,0.346293,0.451929,3.9,4.2,,
2022,19101,2022-11-09 18:00:00,laliga,Sevilla,Real Sociedad,1,2,0.69755,2.18846,2.9,3.1,,
2022,19094,2022-11-09 19:00:00,laliga,Espanyol,Villarreal,0,1,0.841866,0.750078,3.2,3.1,,
2022,19096,2022-11-09 20:30:00,laliga,Mallorca,Atletico Madrid,1,0,1.46593,1.50598,3.1,3.3,,
2022,19099,2022-11-10 18:00:00,laliga,Rayo Vallecano,Celta Vigo,0,0,0.442488,0.677591,2.9,5.0,,
2022,19098,2022-11-10 19:00:00,laliga,Valencia,Real Betis,3,0,2.2469,0.307626,4.2,4.0,,
2022,19100,2022-11-10 20:30:00,laliga,Real Madrid,Cadiz,2,1,1.73107,1.11674,3.0,5.3,,
2022,19106,2022-12-29 16:00:00,laliga,Girona,Rayo Vallecano,2,2,2.26829,1.3213,50.9,48.9,,
2022,19107,2022-12-29 18:15:00,laliga,Real Betis,Athletic Club,0,0,0.541791,0.358148,49.0,51.0,,
2022,19102,2022-12-29 20:30:00,laliga,Atletico Madrid,Elche,2,0,1.74436,0.568911,50.0,51.1,,
2022,19105,2022-12-30 16:00:00,laliga,Getafe,Mallorca,2,0,1.32751,0.359715,50.9,50.8,,
2022,19104,2022-12-30 18:15:00,laliga,Celta Vigo,Sevilla,1,1,1.66459,0.594381,50.0,51.0,,
2022,19111,2022-12-30 18:15:00,laliga,Cadiz,Almeria,1,1,1.57833,2.22992,49.9,51.0,,
2022,19109,2022-12-30 20:30:00,laliga,Real Valladolid,Real Madrid,0,2,0.535068,2.5342,52.1,50.0,,
2022,19103,2022-12-31 13:00:00,laliga,Barcelona,Espanyol,1,1,2.74555,0.846842,52.7,51.8,,
2022,19108,2022-12-31 15:15:00,laliga,Real Sociedad,Osasuna,2,0,1.54314,0.305627,51.9,52.8,,
2022,19110,2022-12-31 15:15:00,laliga,Villarreal,Valencia,2,1,2.37349,1.16707,51.8,50.8,,
2022,19118,2023-01-06 17:30:00,laliga,Elche,Celta Vigo,0,1,1.14494,1.9713,7.9,7.0,,
2022,19120,2023-01-06 20:00:00,laliga,Valencia,Cadiz,0,1,0.495475,0.434224,6.2,7.1,,
2022,19121,2023-01-07 15:15:00,laliga,Villarreal,Real Madrid,2,1,2.41742,2.16674,7.0,7.8,,
2022,19114,2023-01-07 17:30:00,laliga,Mallorca,Real Valladolid,1,0,1.52838,0.434531,8.1,7.9,,
2022,19115,2023-01-07 20:00:00,laliga,Espanyol,Girona,2,2,1.26728,1.65781,7.3,9.2,,
2022,19116,2023-01-08 13:00:00,laliga,Almeria,Real Sociedad,0,2,0.30978,2.11666,8.8,7.9,,
2022,19117,2023-01-08 15:15:00,laliga,Rayo Vallecano,Real Betis,1,2,1.38976,0.735098,10.0,9.9,,
2022,19119,2023-01-08 17:30:00,laliga,Sevilla,Getafe,2,1,1.21643,1.17518,9.0,9.1,,
2022,19113,2023-01-08 20:00:00,laliga,Atletico Madrid,Barcelona,0,1,1.93573,1.23617,10.0,8.3,,
2022,19112,2023-01-09 20:00:00,laliga,Athletic Club,Osasuna,0,0,1.17556,0.427681,11.1,9.2,,
2022,19122,2023-01-13 20:00:00,laliga,Celta Vigo,Villarreal,1,1,2.45811,0.105032,7.1,6.2,,
2022,19131,2023-01-14 13:00:00,laliga,Real Valladolid,Rayo Vallecano,0,1,0.611009,1.16996,6.8,5.9,,
2022,19126,2023-01-14 15:15:00,laliga,Girona,Sevilla,2,1,2.8461,0.784402,6.8,5.9,,
2022,19129,2023-01-14 17:30:00,laliga,Osasuna,Mallorca,1,0,1.19142,0.523266,4.9,7.0,,
2022,19127,2023-01-14 20:00:00,laliga,Real Sociedad,Athletic Club,3,1,1.88839,0.265103,6.3,5.0,,
2022,19130,2023-01-15 13:00:00,laliga,Getafe,Espanyol,1,2,0.496479,0.460177,6.8,7.7,,
2022,19125,2023-01-15 15:15:00,laliga,Almeria,Atletico Madrid,1,1,1.08212,2.08354,7.1,6.8,,
2022,19123,2023-01-16 20:00:00,laliga,Cadiz,Elche,1,1,1.40204,0.654686,10.0,10.1,,
2022,19138,2023-01-20 20:00:00,laliga,Mallorca,Celta Vigo,1,0,0.403993,0.425448,6.1,7.0,,
2022,19136,2023-01-21 13:00:00,laliga,Rayo Vallecano,Real Sociedad,0,2,0.64183,1.43612,7.0,6.7,,
2022,19137,2023-01-21 15:15:00,laliga,Espanyol,Real Betis,1,0,2.16171,0.835514,6.1,13.0,,
2022,19133,2023-01-21 17:30:00,laliga,Atletico Madrid,Real Valladolid,3,0,4.11414,0.421793,6.1,7.2,,
2022,19139,2023-01-21 20:00:00,laliga,Sevilla,Cadiz,1,0,1.66028,0.0765073,7.2,5.0,,
2022,19141,2023-01-22 13:00:00,laliga,Villarreal,Girona,1,0,2.79546,0.637476,8.7,7.9,,
2022,19135,2023-01-22 15:15:00,laliga,Elche,Osasuna,1,1,2.36237,0.607835,5.8,7.9,,
2022,19134,2023-01-22 17:30:00,laliga,Barcelona,Getafe,1,0,0.712066,1.2457,13.9,7.2,,
2022,19132,2023-01-22 20:00:00,laliga,Athletic Club,Real Madrid,0,2,1.15604,0.946951,8.0,15.2,,
2022,19140,2023-01-23 20:00:00,laliga,Valencia,Almeria,2,2,2.70702,1.68834,17.0,8.2,,
2022,19144,2023-01-27 20:00:00,laliga,Almeria,Espanyol,3,1,2.17998,0.805809,4.0,6.2,,
2022,19142,2023-01-28 13:00:00,laliga,Cadiz,Mallorca,2,0,1.8313,0.306812,6.7,7.7,,
2022,19147,2023-01-28 15:15:00,laliga,Girona,Barcelona,0,1,0.893789,0.981042,6.1,5.9,,
2022,19149,2023-01-28 17:30:00,laliga,Sevilla,Elche,3,0,3.27297,0.340633,6.9,6.1,,
2022,19148,2023-01-28 20:00:00,laliga,Getafe,Real Betis,0,1,0.206383,2.00036,6.1,7.2,,
2022,19150,2023-01-29 13:00:00,laliga,Real Valladolid,Valencia,1,0,1.47049,1.05725,7.8,5.7,,
2022,19146,2023-01-29 15:15:00,laliga,Osasuna,Atletico Madrid,0,1,0.741393,1.29745,7.0,7.9,,
2022,19145,2023-01-29 17:30:00,laliga,Celta Vigo,Athletic Club,1,0,0.614646,0.232576,8.9,6.9,,
2022,19143,2023-01-29 20:00:00,laliga,Real Madrid,Real Sociedad,0,0,1.40476,0.370087,7.0,8.3,,
2022,19151,2023-01-30 20:00:00,laliga,Villarreal,Rayo Vallecano,0,1,1.19676,0.830107,8.3,9.3,,
2022,19128,2023-02-01 20:00:00,laliga,Real Betis,Barcelona,1,2,0.760581,2.38335,4.0,4.2,,
2022,19124,2023-02-02 20:00:00,laliga,Real Madrid,Valencia,2,0,2.60454,0.213484,4.0,4.3,,
2022,19152,2023-02-03 20:00:00,laliga,Athletic Club,Cadiz,4,1,2.30209,1.55348,5.1,6.3,,
2022,19158,2023-02-04 13:00:00,laliga,Espanyol,Osasuna,1,1,1.56394,0.919455,7.7,5.9,,
2022,19156,2023-02-04 15:15:00,laliga,Elche,Villarreal,3,1,2.88986,1.48923,6.9,4.8,,
2022,19153,2023-02-04 17:30:00,laliga,Atletico Madrid,Getafe,1,1,1.01341,1.13659,6.1,6.9,,
2022,19155,2023-02-04 20:00:00,laliga,Real Betis,Celta Vigo,3,4,3.54117,2.30434,3.0,6.1,,
2022,19157,2023-02-05 13:00:00,laliga,Mallorca,Real Madrid,1,0,0.241595,1.39842,8.0,2.7,,
2022,19160,2023-02-05 15:15:00,laliga,Girona,Valencia,1,0,2.57015,0.877751,8.0,2.8,,
2022,19159,2023-02-05 17:30:00,laliga,Real Sociedad,Real Valladolid,0,1,1.21593,0.781504,6.9,7.2,,
2022,19154,2023-02-05 20:00:00,laliga,Barcelona,Sevilla,3,0,3.09763,0.0413799,4.0,8.1,,
2022,19161,2023-02-06 20:00:00,laliga,Rayo Vallecano,Almeria,2,0,1.38079,1.37549,7.0,10.0,,
2022,19163,2023-02-10 20:00:00,laliga,Cadiz,Girona,2,0,0.717862,0.213596,7.0,5.2,,
2022,19165,2023-02-11 15:15:00,laliga,Almeria,Real Betis,2,3,2.00937,3.30673,4.8,6.8,,
2022,19170,2023-02-11 17:30:00,laliga,Sevilla,Mallorca,2,0,2.16804,0.206824,5.9,6.2,,
2022,19166,2023-02-11 20:00:00,laliga,Valencia,Athletic Club,1,2,1.6755,1.34748,6.2,8.0,,
2022,19162,2023-02-12 13:00:00,laliga,Getafe,Rayo Vallecano,1,1,1.23739,1.70522,7.8,5.7,,
2022,19167,2023-02-12 15:15:00,laliga,Celta Vigo,Atletico Madrid,0,1,1.057,0.955578,7.8,7.9,,
2022,19171,2023-02-12 17:30:00,laliga,Real Valladolid,Osasuna,0,0,1.96448,1.03574,7.0,8.2,,
2022,19168,2023-02-12 20:00:00,laliga,Villarreal,Barcelona,0,1,1.05151,1.37827,8.2,7.0,,
2022,19164,2023-02-13 20:00:00,laliga,Espanyol,Real Sociedad,2,3,1.25733,1.20722,9.3,8.1,,
2022,19169,2023-02-15 20:00:00,laliga,Real Madrid,Elche,4,0,4.04364,0.619125,10.3,11.2,,
2022,19181,2023-02-17 17:00:00,laliga,Girona,Almeria,6,2,3.22586,1.23696,6.9,6.1,,
2022,19180,2023-02-18 10:00:00,laliga,Real Sociedad,Celta Vigo,1,1,1.52902,1.34253,4.6,5.8,,
2022,19173,2023-02-18 15:15:00,laliga,Real Betis,Real Valladolid,2,1,2.21822,0.97905,7.0,5.9,,
2022,19175,2023-02-18 17:30:00,laliga,Mallorca,Villarreal,4,2,2.74393,1.01893,7.0,5.9,,
2022,19177,2023-02-18 20:00:00,laliga,Osasuna,Real Madrid,0,2,0.400542,1.86475,6.1,3.0,,
2022,19174,2023-02-19 13:00:00,laliga,Elche,Espanyol,0,1,1.60154,1.35887,3.7,5.7,,
2022,19178,2023-02-19 15:15:00,laliga,Rayo Vallecano,Sevilla,1,1,1.37468,0.476153,7.1,7.9,,
2022,19179,2023-02-19 17:30:00,laliga,Atletico Madrid,Athletic Club,1,0,1.06493,1.00816,7.1,7.9,,
2022,19172,2023-02-19 20:00:00,laliga,Barcelona,Cadiz,2,0,2.28935,1.404,7.0,9.0,,
2022,19176,2023-02-20 20:00:00,laliga,Getafe,Valencia,1,0,2.13388,1.09398,8.3,9.0,,
2022,19190,2023-02-24 20:00:00,laliga,Elche,Real Betis,2,3,0.883935,4.05176,5.3,6.2,,
2022,19187,2023-02-25 13:00:00,laliga,Espanyol,Mallorca,2,1,1.99389,0.557974,6.0,6.8,,
2022,19186,2023-02-25 15:15:00,laliga,Cadiz,Rayo Vallecano,1,0,0.816453,0.407208,5.8,6.0,,
2022,19189,2023-02-25 17:30:00,laliga,Real Madrid,Atletico Madrid,1,1,1.56317,0.217661,6.9,6.0,,
2022,19183,2023-02-25 20:00:00,laliga,Valencia,Real Sociedad,1,0,0.636111,0.817876,5.0,7.4,,
2022,19184,2023-02-26 13:00:00,laliga,Athletic Club,Girona,2,3,1.34464,1.33877,6.8,8.8,,
2022,19185,2023-02-26 15:15:00,laliga,Celta Vigo,Real Valladolid,3,0,2.97597,0.902118,8.2,8.0,,
2022,19188,2023-02-26 17:30:00,laliga,Almeria,Barcelona,1,0,0.828027,1.15571,9.0,6.9,,
2022,19182,2023-02-26 20:00:00,laliga,Sevilla,Osasuna,2,3,2.38177,1.34283,7.2,8.0,,
2022,19191,2023-02-27 20:00:00,laliga,Villarreal,Getafe,2,1,1.9115,0.467981,9.1,7.0,,
2022,19200,2023-03-03 20:00:00,laliga,Real Sociedad,Cadiz,0,0,1.07575,0.847252,6.0,6.2,,
2022,19195,2023-03-04 13:00:00,laliga,Getafe,Girona,3,2,1.86918,0.845978,4.7,6.0,,
2022,19196,2023-03-04 15:15:00,laliga,Almeria,Villarreal,0,2,0.371041,2.37286,5.9,4.8,,
2022,19199,2023-03-04 17:30:00,laliga,Mallorca,Elche,0,1,0.96231,0.957134,7.2,7.9,,
2022,19192,2023-03-04 20:00:00,laliga,Atletico Madrid,Sevilla,6,1,3.05182,1.76791,7.1,6.0,,
2022,19201,2023-03-05 13:00:00,laliga,Real Valladolid,Espanyol,2,1,1.38048,0.946065,6.9,8.0,,
2022,19193,2023-03-05 15:15:00,laliga,Barcelona,Valencia,1,0,2.09199,0.629336,6.9,7.8,,
2022,19197,2023-03-05 17:30:00,laliga,Rayo Vallecano,Athletic Club,0,0,0.853959,1.25683,8.1,7.2,,
2022,19194,2023-03-05 20:00:00,laliga,Real Betis,Real Madrid,0,0,0.59294,1.14462,9.0,8.1,,
2022,19198,2023-03-06 20:00:00,laliga,Osasuna,Celta Vigo,0,0,1.16313,0.726128,8.0,8.2,,
2022,19206,2023-03-10 20:00:00,laliga,Cadiz,Getafe,2,2,1.73207,2.6986,7.0,6.3,,
2022,19209,2023-03-11 13:00:00,laliga,Real Madrid,Espanyol,3,1,1.78234,1.10182,5.7,6.0,,
2022,19204,2023-03-11 15:15:00,laliga,Elche,Real Valladolid,1,1,2.80287,0.246865,6.9,6.1,,
2022,19203,2023-03-11 17:30:00,laliga,Celta Vigo,Rayo Vallecano,3,0,2.13766,0.697265,4.9,6.0,,
2022,19210,2023-03-11 20:00:00,laliga,Valencia,Osasuna,1,0,1.84171,0.257674,6.2,5.0,,
2022,19205,2023-03-12 13:00:00,laliga,Mallorca,Real Sociedad,1,1,1.4638,0.683339,7.8,8.7,,
2022,19211,2023-03-12 15:15:00,laliga,Sevilla,Almeria,2,1,3.15875,1.51939,7.8,8.0,,
2022,19208,2023-03-12 17:30:00,laliga,Villarreal,Real Betis,1,1,1.33264,1.03133,8.1,6.9,,
2022,19202,2023-03-12 20:00:00,laliga,Athletic Club,Barcelona,0,1,1.13701,0.724931,7.1,7.2,,
2022,19207,2023-03-13 20:00:00,laliga,Girona,Atletico Madrid,0,1,0.301909,1.80682,9.3,9.0,,
2022,19218,2023-03-17 20:00:00,laliga,Real Valladolid,Athletic Club,1,3,1.08382,2.34513,6.2,5.0,,
2022,19217,2023-03-18 13:00:00,laliga,Almeria,Cadiz,1,1,2.69365,1.13127,5.9,7.7,,
2022,19221,2023-03-18 15:15:00,laliga,Rayo Vallecano,Girona,2,2,1.71981,1.50856,6.9,4.8,,
2022,19219,2023-03-18 17:30:00,laliga,Espanyol,Celta Vigo,1,3,1.7106,1.63211,7.2,7.0,,
2022,19212,2023-03-18 20:00:00,laliga,Atletico Madrid,Valencia,3,0,3.36294,0.68946,5.0,7.0,,
2022,19214,2023-03-19 13:00:00,laliga,Real Betis,Mallorca,1,0,0.606846,0.140478,6.8,7.0,,
2022,19216,2023-03-19 15:15:00,laliga,Osasuna,Villarreal,0,3,1.15562,1.5875,7.8,6.9,,
2022,19220,2023-03-19 15:15:00,laliga,Real Sociedad,Elche,2,0,2.69405,0.0819691,7.1,8.0,,
2022,19215,2023-03-19 17:30:00,laliga,Getafe,Sevilla,2,0,2.0733,0.81914,8.9,7.1,,
2022,19213,2023-03-19 20:00:00,laliga,Barcelona,Real Madrid,2,1,1.66532,0.524212,7.0,8.3,,
2022,19224,2023-03-31 20:00:00,laliga,Mallorca,Osasuna,0,0,0.433196,0.507781,12.3,12.2,,
2022,19228,2023-04-01 12:00:00,laliga,Girona,Espanyol,2,1,1.45036,0.946182,13.9,13.8,,
2022,19222,2023-04-01 14:15:00,laliga,Athletic Club,Getafe,0,0,0.751393,0.723494,14.8,12.9,,
2022,19225,2023-04-01 16:30:00,laliga,Cadiz,Sevilla,0,2,0.691241,1.72869,14.1,13.0,,
2022,19227,2023-04-01 19:00:00,laliga,Elche,Barcelona,0,4,0.508304,1.61804,13.2,13.0,,
2022,19231,2023-04-02 12:00:00,laliga,Celta Vigo,Almeria,2,2,2.13933,1.23651,14.8,15.0,,
2022,19226,2023-04-02 14:15:00,laliga,Real Madrid,Real Valladolid,6,0,4.82721,0.719567,13.8,15.8,,
2022,19229,2023-04-02 16:30:00,laliga,Villarreal,Real Sociedad,2,0,2.80501,0.912497,14.1,14.1,,
2022,19223,2023-04-02 19:00:00,laliga,Atletico Madrid,Real Betis,1,0,1.70131,0.371436,15.0,14.2,,
2022,19230,2023-04-03 19:00:00,laliga,Valencia,Rayo Vallecano,1,1,2.71116,0.645345,16.0,16.2,,
2022,19238,2023-04-07 19:00:00,laliga,Sevilla,Celta Vigo,2,2,0.475247,0.611169,6.1,5.3,,
2022,19239,2023-04-08 12:00:00,laliga,Osasuna,Elche,2,1,1.68972,0.657812,7.7,6.7,,
2022,19236,2023-04-08 14:15:00,laliga,Espanyol,Athletic Club,1,2,1.16752,2.73876,7.1,7.0,,
2022,19241,2023-04-08 16:30:00,laliga,Real Sociedad,Getafe,2,0,2.1178,0.243923,6.0,7.1,,
2022,19234,2023-04-08 19:00:00,laliga,Real Madrid,Villarreal,2,3,2.23296,1.24489,6.2,6.1,,
2022,19240,2023-04-09 12:00:00,laliga,Real Valladolid,Mallorca,3,3,0.948859,1.98329,6.9,8.7,,
2022,19233,2023-04-09 14:15:00,laliga,Real Betis,Cadiz,0,2,1.58835,2.85597,6.8,7.9,,
2022,19235,2023-04-09 16:30:00,laliga,Almeria,Valencia,2,1,1.49927,1.08869,7.2,5.9,,
2022,19237,2023-04-09 19:00:00,laliga,Rayo Vallecano,Atletico Madrid,1,2,0.564426,2.36535,6.0,7.0,,
2022,19232,2023-04-10 19:00:00,laliga,Barcelona,Girona,0,0,1.05077,0.491057,9.0,9.3,,
2022,19249,2023-04-14 19:00:00,laliga,Rayo Vallecano,Osasuna,2,1,1.08431,0.373133,5.0,6.3,,
2022,19246,2023-04-15 12:00:00,laliga,Villarreal,Real Valladolid,1,2,1.99484,2.41465,6.7,6.0,,
2022,19242,2023-04-15 14:15:00,laliga,Athletic Club,Real Sociedad,2,0,1.00026,1.71232,7.0,6.9,,
2022,19243,2023-04-15 16:30:00,laliga,Real Betis,Espanyol,3,1,1.965,0.616302,6.1,7.1,,
2022,19245,2023-04-15 19:00:00,laliga,Cadiz,Real Madrid,0,2,0.583718,4.49059,6.2,7.0,,
2022,19248,2023-04-16 12:00:00,laliga,Girona,Elche,2,0,1.22906,0.577847,5.7,8.0,,
2022,19247,2023-04-16 14:15:00,laliga,Getafe,Barcelona,0,0,0.621219,1.04627,7.9,5.8,,
2022,19251,2023-04-16 16:30:00,laliga,Atletico Madrid,Almeria,2,1,2.51151,0.058186,6.9,7.0,,
2022,19250,2023-04-16 19:00:00,laliga,Valencia,Sevilla,0,2,0.527847,1.46976,7.1,9.0,,
2022,19244,2023-04-17 19:00:00,laliga,Celta Vigo,Mallorca,0,1,0.469148,1.18361,10.0,8.3,,
2022,19259,2023-04-21 19:00:00,laliga,Espanyol,Cadiz,0,0,1.52285,1.12699,6.1,6.0,,
2022,19256,2023-04-22 12:00:00,laliga,Osasuna,Real Betis,3,2,1.63275,1.99331,7.7,6.8,,
2022,19254,2023-04-22 14:15:00,laliga,Almeria,Athletic Club,1,2,0.573355,1.83476,5.9,7.0,,
2022,19260,2023-04-22 16:30:00,laliga,Real Sociedad,Rayo Vallecano,2,1,0.814682,0.359842,7.1,7.9,,
2022,19261,2023-04-22 16:30:00,laliga,Real Valladolid,Girona,1,0,1.11143,1.0586,7.2,6.2,,
2022,19257,2023-04-22 19:00:00,laliga,Real Madrid,Celta Vigo,2,0,1.81403,0.744532,7.0,5.0,,
2022,19252,2023-04-23 12:00:00,laliga,Elche,Valencia,0,2,0.795158,1.05313,7.0,6.7,,
2022,19255,2023-04-23 14:15:00,laliga,Barcelona,Atletico Madrid,1,0,2.12803,0.714419,7.0,6.9,,
2022,19258,2023-04-23 16:30:00,laliga,Mallorca,Getafe,3,1,1.917,0.118861,5.9,7.1,,
2022,19253,2023-04-23 19:00:00,laliga,Sevilla,Villarreal,2,1,0.853114,2.13506,7.0,8.3,,
2022,19266,2023-04-25 17:30:00,laliga,Cadiz,Osasuna,0,1,1.4054,0.865548,3.9,3.2,,
2022,19268,2023-04-25 17:30:00,laliga,Girona,Real Madrid,4,2,2.4202,1.63006,3.0,2.9,,
2022,19264,2023-04-25 20:00:00,laliga,Real Betis,Real Sociedad,0,0,0.7286,0.607061,3.3,3.1,,
2022,19263,2023-04-26 17:30:00,laliga,Atletico Madrid,Mallorca,3,1,2.61545,0.741129,3.1,3.0,,
2022,19271,2023-04-26 17:30:00,laliga,Getafe,Almeria,1,2,1.66712,2.08963,3.0,4.1,,
2022,19265,2023-04-26 20:00:00,laliga,Celta Vigo,Elche,1,0,1.4351,1.48138,4.0,3.3,,
2022,19269,2023-04-26 20:00:00,laliga,Rayo Vallecano,Barcelona,2,1,0.862266,1.00988,4.1,3.2,,
2022,19267,2023-04-27 17:30:00,laliga,Valencia,Real Valladolid,2,1,0.900084,0.993149,4.2,5.0,,
2022,19270,2023-04-27 17:30:00,laliga,Villarreal,Espanyol,4,2,4.94822,1.12119,3.9,5.9,,
2022,19262,2023-04-27 20:00:00,laliga,Athletic Club,Sevilla,0,1,0.194682,1.00143,5.2,4.0,,
2022,19276,2023-04-28 19:00:00,laliga,Osasuna,Real Sociedad,0,2,0.987164,2.09575,3.1,3.0,,
2022,19273,2023-04-29 14:15:00,laliga,Elche,Rayo Vallecano,4,0,3.37969,0.565048,2.8,2.8,,
2022,19280,2023-04-29 16:30:00,laliga,Real Madrid,Almeria,4,2,3.20538,1.375,4.0,3.0,,
2022,19272,2023-04-29 19:00:00,laliga,Barcelona,Real Betis,4,0,3.0864,0.231066,3.0,4.0,,
2022,19274,2023-04-30 12:00:00,laliga,Cadiz,Valencia,2,1,2.16593,1.05204,4.8,2.8,,
2022,19279,2023-04-30 14:15:00,laliga,Villarreal,Celta Vigo,3,1,2.36969,0.746823,2.9,3.8,,
2022,19275,2023-04-30 16:30:00,laliga,Espanyol,Getafe,1,0,2.44417,0.410072,3.0,4.0,,
2022,19278,2023-04-30 19:00:00,laliga,Real Valladolid,Atletico Madrid,2,5,1.46642,2.75586,3.1,4.1,,
2022,19277,2023-05-01 17:00:00,laliga,Mallorca,Athletic Club,1,1,1.2911,1.3765,5.0,3.9,,
2022,19281,2023-05-01 19:00:00,laliga,Sevilla,Girona,0,2,2.35198,1.13007,4.0,6.1,,
2022,19284,2023-05-02 17:30:00,laliga,Barcelona,Osasuna,1,0,2.40046,0.355588,2.9,3.9,,
2022,19288,2023-05-02 17:30:00,laliga,Almeria,Elche,2,1,1.82539,1.01416,3.0,3.1,,
2022,19285,2023-05-02 20:00:00,laliga,Real Sociedad,Real Madrid,2,0,2.26252,0.867228,4.0,3.1,,
2022,19286,2023-05-03 17:30:00,laliga,Valencia,Villarreal,1,1,1.04163,0.742844,3.2,3.1,,
2022,19283,2023-05-03 20:00:00,laliga,Atletico Madrid,Cadiz,5,1,4.25954,0.0260457,3.0,3.3,,
2022,19290,2023-05-03 20:00:00,laliga,Getafe,Celta Vigo,1,0,2.8705,0.219098,3.1,3.2,,
2022,19289,2023-05-04 17:30:00,laliga,Girona,Mallorca,2,1,2.20534,1.34254,2.9,3.0,,
2022,19291,2023-05-04 17:30:00,laliga,Sevilla,Espanyol,3,2,2.902,0.61847,2.9,4.0,,
2022,19282,2023-05-04 20:00:00,laliga,Athletic Club,Real Betis,0,1,1.01449,0.753982,3.1,5.0,,
2022,19287,2023-05-04 20:00:00,laliga,Rayo Vallecano,Real Valladolid,2,1,1.57028,0.571427,5.2,4.0,,
2022,19301,2023-05-12 19:00:00,laliga,Mallorca,Cadiz,1,0,1.6025,0.611231,8.1,9.0,,
2022,19292,2023-05-13 12:00:00,laliga,Real Sociedad,Girona,2,2,3.05494,1.4691,10.7,8.8,,
2022,19293,2023-05-13 14:15:00,laliga,Osasuna,Almeria,3,1,1.87424,0.507884,10.9,10.9,,
2022,19297,2023-05-13 16:30:00,laliga,Villarreal,Athletic Club,5,1,3.09272,1.82199,10.0,8.9,,
2022,19300,2023-05-13 19:00:00,laliga,Real Madrid,Getafe,1,0,0.879325,0.586304,11.0,10.0,,
2022,19296,2023-05-14 12:00:00,laliga,Celta Vigo,Valencia,1,2,1.216,1.86638,10.7,10.8,,
2022,19298,2023-05-14 14:15:00,laliga,Elche,Atletico Madrid,1,0,2.28487,1.44785,11.9,10.8,,
2022,19294,2023-05-14 16:30:00,laliga,Real Valladolid,Sevilla,0,3,2.01745,3.05781,9.9,10.0,,
2022,19299,2023-05-14 19:00:00,laliga,Espanyol,Barcelona,2,4,2.72734,3.6498,10.1,12.1,,
2022,19295,2023-05-15 19:00:00,laliga,Real Betis,Rayo Vallecano,3,1,2.69596,1.71956,11.0,11.0,,
2022,19302,2023-05-19 19:00:00,laliga,Cadiz,Real Valladolid,2,0,2.1319,0.20683,7.0,5.1,,
2022,19304,2023-05-20 12:00:00,laliga,Girona,Villarreal,1,2,1.31674,1.71579,7.0,6.8,,
2022,19309,2023-05-20 14:15:00,laliga,Athletic Club,Celta Vigo,2,1,1.04201,0.283064,6.9,6.1,,
2022,19303,2023-05-20 16:30:00,laliga,Almeria,Mallorca,3,0,1.70726,0.35959,7.1,7.9,,
2022,19306,2023-05-20 16:30:00,laliga,Getafe,Elche,1,1,1.58846,1.34186,6.9,6.1,,
2022,19310,2023-05-20 19:00:00,laliga,Barcelona,Real Sociedad,1,2,1.8413,2.8035,6.0,7.3,,
2022,19307,2023-05-21 12:00:00,laliga,Rayo Vallecano,Espanyol,1,2,1.83113,1.3061,5.7,6.7,,
2022,19311,2023-05-21 14:15:00,laliga,Atletico Madrid,Osasuna,3,0,2.08773,0.714505,7.0,8.0,,
2022,19308,2023-05-21 16:30:00,laliga,Valencia,Real Madrid,1,0,1.49126,2.08896,7.2,7.9,,
2022,19305,2023-05-21 19:00:00,laliga,Sevilla,Real Betis,0,0,1.51947,0.114129,7.1,6.0,,
2022,19313,2023-05-23 17:30:00,laliga,Celta Vigo,Girona,1,1,0.933339,1.40034,3.1,3.2,,
2022,19321,2023-05-23 17:30:00,laliga,Real Sociedad,Almeria,1,0,1.91983,0.0996009,2.9,3.0,,
2022,19318,2023-05-23 20:00:00,laliga,Real Valladolid,Barcelona,3,1,2.20591,1.72866,4.0,3.0,,
2022,19314,2023-05-24 17:30:00,laliga,Elche,Sevilla,1,1,1.35854,0.889054,4.0,2.9,,
2022,19319,2023-05-24 17:30:00,laliga,Villarreal,Cadiz,2,0,2.9741,2.09634,4.2,4.9,,
2022,19320,2023-05-24 17:30:00,laliga,Real Madrid,Rayo Vallecano,2,1,1.66281,0.446413,3.0,3.2,,
2022,19312,2023-05-24 20:00:00,laliga,Real Betis,Getafe,0,1,1.09282,0.344449,3.0,4.1,,
2022,19317,2023-05-24 20:00:00,laliga,Espanyol,Atletico Madrid,3,3,3.03603,2.76349,3.3,3.2,,
2022,19315,2023-05-25 17:30:00,laliga,Mallorca,Valencia,1,0,0.538476,2.073,5.0,4.0,,
2022,19316,2023-05-25 19:30:00,laliga,Osasuna,Athletic Club,2,0,0.906699,0.534145,4.2,5.2,,
2022,19331,2023-05-27 17:00:00,laliga,Sevilla,Real Madrid,1,2,0.980153,0.815661,3.0,3.0,,
2022,19322,2023-05-28 17:00:00,laliga,Athletic Club,Elche,0,1,2.91389,0.769369,2.9,4.0,,
2022,19323,2023-05-28 17:00:00,laliga,Atletico Madrid,Real Sociedad,2,1,0.818599,0.943774,3.9,5.0,,
2022,19324,2023-05-28 17:00:00,laliga,Barcelona,Mallorca,3,0,4.40817,0.124265,4.9,3.0,,
2022,19325,2023-05-28 17:00:00,laliga,Getafe,Osasuna,2,1,2.7187,0.432264,3.9,2.9,,
2022,19326,2023-05-28 17:00:00,laliga,Cadiz,Celta Vigo,1,0,1.59827,0.599427,4.0,5.0,,
2022,19327,2023-05-28 17:00:00,laliga,Rayo Vallecano,Villarreal,2,1,1.16605,0.622891,4.0,4.0,,
2022,19328,2023-05-28 17:00:00,laliga,Almeria,Real Valladolid,0,0,1.5528,0.364363,5.0,4.9,,
2022,19329,2023-05-28 17:00:00,laliga,Girona,Real Betis,1,2,1.63315,2.32066,5.0,3.9,,
2022,19330,2023-05-28 17:00:00,laliga,Valencia,Espanyol,2,2,2.5327,1.78056,3.0,3.9,,
2022,19332,2023-06-04 18:00:00,laliga,Real Madrid,Athletic Club,1,1,1.72224,2.17987,8.0,7.0,,
2022,19333,2023-06-04 18:00:00,laliga,Villarreal,Atletico Madrid,2,2,2.06391,1.16068,7.0,7.0,,
2022,19334,2023-06-04 18:00:00,laliga,Celta Vigo,Barcelona,2,1,0.565601,1.41678,7.0,7.0,,
2022,19335,2023-06-04 18:00:00,laliga,Real Valladolid,Getafe,0,0,0.686831,0.27917,7.0,7.0,,
2022,19336,2023-06-04 18:00:00,laliga,Elche,Cadiz,1,1,1.534,2.22255,7.0,7.0,,
2022,19337,2023-06-04 18:00:00,laliga,Espanyol,Almeria,3,3,0.500084,2.03499,7.0,7.0,,
2022,19338,2023-06-04 18:00:00,laliga,Osasuna,Girona,2,1,1.91718,0.822488,7.0,7.0,,
2022,19339,2023-06-04 18:00:00,laliga,Real Betis,Valencia,1,1,0.677919,0.845969,7.0,7.0,,
2022,19340,2023-06-04 18:00:00,laliga,Mallorca,Rayo Vallecano,3,0,2.25123,1.04004,7.0,7.0,,
2022,19341,2023-06-04 18:00:00,laliga,Real Sociedad,Sevilla,2,1,2.35387,0.461529,7.0,8.0,,
2023,22685,2023-08-11 17:30:00,laliga,Almeria,Rayo Vallecano,0,2,1.1196,2.09532,60.0,60.0,,
2023,22686,2023-08-11 19:30:00,laliga,Sevilla,Valencia,1,2,0.714148,1.06796,60.0,60.0,,
2023,22687,2023-08-12 15:00:00,laliga,Real Sociedad,Girona,1,1,1.46019,1.27791,60.0,60.0,,
2023,22688,2023-08-12 17:30:00,laliga,Las Palmas,Mallorca,1,1,0.871699,1.49411,60.0,60.0,,
2023,22689,2023-08-12 19:30:00,laliga,Athletic Club,Real Madrid,0,2,0.700577,1.33266,60.0,60.0,,
2023,22690,2023-08-13 15:00:00,laliga,Celta Vigo,Osasuna,0,2,0.783184,0.964645,60.0,60.0,,
2023,22691,2023-08-13 17:30:00,laliga,Villarreal,Real Betis,1,2,0.737812,0.969349,60.0,60.0,,
2023,22692,2023-08-13 19:30:00,laliga,Getafe,Barcelona,0,0,0.804505,1.67817,60.0,60.0,,
2023,22693,2023-08-14 17:30:00,laliga,Cadiz,Alaves,1,0,0.822358,0.227442,60.0,60.0,,
2023,22694,2023-08-14 19:30:00,laliga,Atletico Madrid,Granada,3,1,3.01246,1.13452,60.0,60.0,,
2023,22695,2023-08-18 17:30:00,laliga,Mallorca,Villarreal,0,1,0.370077,2.12458,6.0,5.0,,
2023,22696,2023-08-18 19:30:00,laliga,Valencia,Las Palmas,1,0,1.50324,0.741978,7.0,6.1,,
2023,22697,2023-08-19 15:00:00,laliga,Real Sociedad,Celta Vigo,1,1,0.917678,1.77937,7.0,6.0,,
2023,22698,2023-08-19 17:30:00,laliga,Almeria,Real Madrid,1,3,1.81328,2.8802,8.0,6.9,,
2023,22699,2023-08-19 19:30:00,laliga,Osasuna,Athletic Club,0,2,1.33582,1.88906,6.2,7.0,,
2023,22700,2023-08-20 15:30:00,laliga,Girona,Getafe,3,0,1.86612,0.754861,8.0,6.8,,
2023,22701,2023-08-20 17:30:00,laliga,Barcelona,Cadiz,2,0,3.42524,1.11132,6.9,6.0,,
2023,22702,2023-08-20 19:30:00,laliga,Real Betis,Atletico Madrid,0,0,1.02642,0.34492,7.1,6.0,,
2023,22703,2023-08-21 17:00:00,laliga,Alaves,Sevilla,4,3,2.17962,0.958638,7.0,9.9,,
2023,22704,2023-08-21 19:30:00,laliga,Granada,Rayo Vallecano,0,2,0.837141,2.7851,7.0,10.1,,
2023,22705,2023-08-25 17:30:00,laliga,Las Palmas,Real Sociedad,0,0,1.56933,1.11751,6.9,6.1,,
2023,22712,2023-08-25 19:30:00,laliga,Celta Vigo,Real Madrid,0,1,1.17827,1.6167,6.2,6.1,,
2023,22707,2023-08-26 17:00:00,laliga,Cadiz,Almeria,1,1,1.56203,0.271622,6.0,7.0,,
2023,22708,2023-08-26 17:30:00,laliga,Granada,Mallorca,3,2,1.81377,2.50232,4.9,8.0,,
2023,22709,2023-08-26 19:30:00,laliga,Sevilla,Girona,1,2,1.93643,1.07498,5.1,6.2,,
2023,22710,2023-08-27 15:30:00,laliga,Villarreal,Barcelona,3,4,1.87195,2.95807,8.9,6.9,,
2023,22711,2023-08-27 17:30:00,laliga,Valencia,Osasuna,1,2,1.87647,1.45939,8.9,7.9,,
2023,22706,2023-08-27 19:30:00,laliga,Athletic Club,Real Betis,4,2,2.86727,0.346198,8.0,7.0,,
2023,22713,2023-08-28 17:30:00,laliga,Getafe,Alaves,1,0,2.67029,0.860623,8.1,7.0,,
2023,22714,2023-08-28 19:30:00,laliga,Rayo Vallecano,Atletico Madrid,0,7,0.542939,3.29424,7.0,8.0,,
2023,22718,2023-09-01 17:30:00,laliga,Cadiz,Villarreal,3,1,1.97214,0.494033,6.0,5.1,,
2023,22715,2023-09-01 20:00:00,laliga,Almeria,Celta Vigo,2,3,3.16421,1.96028,6.1,7.0,,
2023,22724,2023-09-02 12:00:00,laliga,Real Sociedad,Granada,5,3,2.08686,0.549509,7.8,6.8,,
2023,22723,2023-09-02 14:15:00,laliga,Real Madrid,Getafe,2,1,2.64665,0.893748,7.8,4.9,,
2023,22720,2023-09-02 16:30:00,laliga,Alaves,Valencia,1,0,1.90475,0.715753,5.0,6.0,,
2023,22717,2023-09-02 19:00:00,laliga,Real Betis,Rayo Vallecano,1,0,0.91924,1.53554,6.0,5.0,,
2023,22719,2023-09-03 12:00:00,laliga,Girona,Las Palmas,1,0,1.42397,1.18696,7.7,8.8,,
2023,22721,2023-09-03 14:15:00,laliga,Mallorca,Athletic Club,0,0,0.403052,0.645541,7.9,6.8,,
2023,22722,2023-09-03 19:00:00,laliga,Osasuna,Barcelona,1,2,0.801843,1.77255,7.1,7.1,,
2023,22734,2023-09-15 19:00:00,laliga,Rayo Vallecano,Alaves,2,0,2.64605,0.556231,13.0,13.1,,
2023,22725,2023-09-16 12:00:00,laliga,Athletic Club,Cadiz,3,0,4.05837,0.238836,12.9,14.8,,
2023,22731,2023-09-16 14:15:00,laliga,Valencia,Atletico Madrid,3,0,2.22142,0.564083,13.9,18.8,,
2023,22727,2023-09-16 16:30:00,laliga,Celta Vigo,Mallorca,0,1,2.06489,0.853213,14.9,13.1,,
2023,22726,2023-09-16 19:00:00,laliga,Barcelona,Real Betis,5,0,2.54628,0.852869,13.0,14.0,,
2023,22728,2023-09-17 12:00:00,laliga,Getafe,Osasuna,3,2,0.736469,1.29606,14.9,13.7,,
2023,22730,2023-09-17 14:15:00,laliga,Villarreal,Almeria,2,1,1.43205,1.76794,15.9,15.8,,
2023,22733,2023-09-17 16:30:00,laliga,Sevilla,Las Palmas,1,0,2.43059,1.03513,21.9,14.2,,
2023,22729,2023-09-17 19:00:00,laliga,Real Madrid,Real Sociedad,2,1,2.56902,2.1546,15.2,15.3,,
2023,22732,2023-09-18 19:00:00,laliga,Granada,Girona,2,4,1.97263,2.1418,16.3,15.3,,
2023,22742,2023-09-22 19:00:00,laliga,Alaves,Athletic Club,0,2,1.97317,1.77623,7.0,6.3,,
2023,22739,2023-09-23 12:00:00,laliga,Girona,Mallorca,5,3,4.19225,2.42602,4.7,6.8,,
2023,22740,2023-09-23 14:15:00,laliga,Osasuna,Sevilla,0,0,1.57361,0.693906,6.1,5.9,,
2023,22737,2023-09-23 16:30:00,laliga,Barcelona,Celta Vigo,3,2,1.82246,1.67938,6.9,7.0,,
2023,22735,2023-09-23 19:00:00,laliga,Almeria,Valencia,2,2,2.46387,0.995742,6.2,7.2,,
2023,22743,2023-09-24 12:00:00,laliga,Real Sociedad,Getafe,4,3,2.13384,1.59398,6.7,7.0,,
2023,22741,2023-09-24 14:15:00,laliga,Rayo Vallecano,Villarreal,1,1,1.0345,1.0365,8.8,7.0,,
2023,22738,2023-09-24 16:30:00,laliga,Real Betis,Cadiz,1,1,2.70742,0.570946,7.9,8.2,,
2023,22744,2023-09-24 16:30:00,laliga,Las Palmas,Granada,1,0,0.701293,0.0378648,7.0,5.9,,
2023,22736,2023-09-24 19:00:00,laliga,Atletico Madrid,Real Madrid,3,1,1.79578,0.847915,8.2,7.0,,
2023,22747,2023-09-26 17:00:00,laliga,Sevilla,Almeria,5,1,2.90509,1.37069,3.1,2.9,,
2023,22749,2023-09-26 19:30:00,laliga,Mallorca,Barcelona,2,2,1.21366,1.62815,3.3,3.1,,
2023,22745,2023-09-27 17:00:00,laliga,Athletic Club,Getafe,2,2,0.60877,1.30782,4.9,3.2,,
2023,22751,2023-09-27 17:00:00,laliga,Villarreal,Girona,1,2,1.89071,2.29941,3.1,4.2,,
2023,22753,2023-09-27 17:00:00,laliga,Real Madrid,Las Palmas,2,0,2.71542,0.618032,2.9,3.0,,
2023,22746,2023-09-27 19:30:00,laliga,Cadiz,Rayo Vallecano,0,0,0.35761,0.258447,3.1,3.2,,
2023,22752,2023-09-27 19:30:00,laliga,Valencia,Real Sociedad,0,1,0.356756,0.29355,4.0,3.3,,
2023,22750,2023-09-28 17:00:00,laliga,Granada,Real Betis,1,1,1.55108,0.870668,4.0,4.0,,
2023,22754,2023-09-28 17:00:00,laliga,Celta Vigo,Alaves,1,1,0.497466,2.39712,5.0,5.9,,
2023,22748,2023-09-28 19:30:00,laliga,Osasuna,Atletico Madrid,0,2,0.759357,1.22827,5.2,4.0,,
2023,22757,2023-09-29 19:00:00,laliga,Barcelona,Sevilla,1,0,2.5598,1.07557,3.0,3.1,,
2023,22759,2023-09-30 12:00:00,laliga,Getafe,Villarreal,0,0,0.768368,0.112227,2.8,2.8,,
2023,22764,2023-09-30 14:15:00,laliga,Rayo Vallecano,Mallorca,2,2,1.78616,1.33689,2.8,3.8,,
2023,22760,2023-09-30 16:30:00,laliga,Girona,Real Madrid,0,3,2.17781,2.78602,3.0,3.0,,
2023,22762,2023-09-30 19:00:00,laliga,Real Sociedad,Athletic Club,3,0,1.38238,1.96039,3.0,3.1,,
2023,22755,2023-10-01 12:00:00,laliga,Almeria,Granada,3,3,2.24188,3.51421,4.8,2.8,,
2023,22761,2023-10-01 14:15:00,laliga,Alaves,Osasuna,0,2,1.5824,1.26744,2.9,2.8,,
2023,22756,2023-10-01 19:00:00,laliga,Atletico Madrid,Cadiz,3,2,3.10102,0.677345,3.0,4.0,,
2023,22758,2023-10-01 19:00:00,laliga,Real Betis,Valencia,3,0,2.53745,0.510459,3.1,4.0,,
2023,22763,2023-10-02 19:00:00,laliga,Las Palmas,Celta Vigo,2,1,1.46382,1.54337,5.1,4.1,,
2023,22770,2023-10-06 19:00:00,laliga,Athletic Club,Almeria,3,0,3.02889,0.0892217,6.0,5.3,,
2023,22766,2023-10-07 12:00:00,laliga,Cadiz,Girona,0,1,0.653575,1.26462,5.7,6.8,,
2023,22772,2023-10-07 14:15:00,laliga,Real Madrid,Osasuna,4,0,4.47802,0.164111,6.9,6.0,,
2023,22768,2023-10-07 16:30:00,laliga,Mallorca,Valencia,1,1,0.919992,0.509313,7.1,5.9,,
2023,22773,2023-10-07 19:00:00,laliga,Sevilla,Rayo Vallecano,2,2,0.807105,0.998714,8.0,7.2,,
2023,22774,2023-10-08 12:00:00,laliga,Villarreal,Las Palmas,1,2,1.16305,1.1602,8.0,5.7,,
2023,22765,2023-10-08 14:15:00,laliga,Atletico Madrid,Real Sociedad,2,1,2.94239,0.928071,6.8,7.8,,
2023,22767,2023-10-08 16:30:00,laliga,Celta Vigo,Getafe,2,2,3.02859,1.00866,5.9,8.2,,
2023,22769,2023-10-08 16:30:00,laliga,Alaves,Real Betis,1,1,1.89594,0.872851,7.1,6.9,,
2023,22771,2023-10-08 19:00:00,laliga,Granada,Barcelona,2,2,0.611577,2.99552,7.3,9.0,,
2023,22783,2023-10-20 19:00:00,laliga,Osasuna,Granada,2,0,1.79846,0.776224,13.2,12.0,,
2023,22781,2023-10-21 12:00:00,laliga,Real Sociedad,Mallorca,1,0,2.0056,2.03914,12.9,13.8,,
2023,22779,2023-10-21 14:15:00,laliga,Getafe,Real Betis,1,1,1.86677,1.42816,12.9,12.9,,
2023,22782,2023-10-21 16:30:00,laliga,Sevilla,Real Madrid,1,1,1.8723,2.17904,13.9,14.1,,
2023,22778,2023-10-21 19:00:00,laliga,Celta Vigo,Atletico Madrid,0,3,1.26757,2.39246,13.1,13.2,,
2023,22775,2023-10-22 12:00:00,laliga,Las Palmas,Rayo Vallecano,0,1,1.18559,1.25598,14.0,14.7,,
2023,22776,2023-10-22 14:15:00,laliga,Girona,Almeria,5,2,2.1972,0.878392,15.1,15.8,,
2023,22784,2023-10-22 16:30:00,laliga,Villarreal,Alaves,1,1,1.71642,1.79896,14.2,14.0,,
2023,22777,2023-10-22 19:00:00,laliga,Barcelona,Athletic Club,1,0,1.70266,0.453295,14.0,16.0,,
2023,22780,2023-10-23 19:00:00,laliga,Valencia,Cadiz,2,0,1.6763,0.551967,16.1,16.3,,
2023,22792,2023-10-27 19:00:00,laliga,Girona,Celta Vigo,1,0,0.619488,0.174681,5.2,6.0,,
2023,22785,2023-10-28 12:00:00,laliga,Almeria,Las Palmas,1,2,0.275712,1.06446,5.9,6.0,,
2023,22787,2023-10-28 14:15:00,laliga,Barcelona,Real Madrid,1,2,1.32038,0.959404,5.8,6.9,,
2023,22793,2023-10-28 16:30:00,laliga,Mallorca,Getafe,0,0,0.722341,0.292202,7.2,7.1,,
2023,22789,2023-10-28 19:00:00,laliga,Cadiz,Sevilla,2,2,1.42705,1.28392,5.0,7.1,,
2023,22788,2023-10-29 13:00:00,laliga,Real Betis,Osasuna,2,1,1.43393,0.446425,7.9,8.8,,
2023,22790,2023-10-29 15:15:00,laliga,Rayo Vallecano,Real Sociedad,2,2,0.844003,1.93178,7.1,8.1,,
2023,22786,2023-10-29 17:30:00,laliga,Athletic Club,Valencia,2,2,1.63308,2.17868,6.9,5.9,,
2023,22794,2023-10-29 20:00:00,laliga,Atletico Madrid,Alaves,2,1,1.94088,0.385398,8.0,7.1,,
2023,22791,2023-10-30 20:00:00,laliga,Granada,Villarreal,2,3,2.80131,1.90197,10.0,8.1,,
2023,22799,2023-11-03 19:00:00,laliga,Las Palmas,Atletico Madrid,2,1,0.452709,1.52768,6.3,5.0,,
2023,22802,2023-11-04 13:00:00,laliga,Osasuna,Girona,2,4,2.18398,2.78694,6.0,7.8,,
2023,22795,2023-11-04 15:15:00,laliga,Real Betis,Mallorca,2,0,2.84664,0.540374,6.1,6.9,,
2023,22796,2023-11-04 17:30:00,laliga,Celta Vigo,Sevilla,1,1,3.01524,1.25089,7.9,6.9,,
2023,22800,2023-11-04 20:00:00,laliga,Real Sociedad,Barcelona,0,1,0.84705,1.22041,6.2,7.2,,
2023,22797,2023-11-05 13:00:00,laliga,Alaves,Almeria,1,0,2.57982,0.893084,6.7,8.0,,
2023,22804,2023-11-05 15:15:00,laliga,Valencia,Granada,1,0,1.18921,0.344591,6.9,5.8,,
2023,22798,2023-11-05 17:30:00,laliga,Villarreal,Athletic Club,2,3,1.78074,2.22797,5.9,7.0,,
2023,22803,2023-11-05 20:00:00,laliga,Real Madrid,Rayo Vallecano,0,0,1.85349,0.134981,8.2,7.2,,
2023,22801,2023-11-06 20:00:00,laliga,Getafe,Cadiz,1,0,1.21452,0.821864,9.1,9.0,,
2023,22806,2023-11-10 20:00:00,laliga,Athletic Club,Celta Vigo,4,3,4.72334,2.25302,5.1,6.1,,
2023,22812,2023-11-11 13:00:00,laliga,Rayo Vallecano,Girona,1,2,1.67584,4.2691,5.7,7.0,,
2023,22805,2023-11-11 15:15:00,laliga,Almeria,Real Sociedad,1,3,0.637245,2.53693,6.1,6.8,,
2023,22811,2023-11-11 17:30:00,laliga,Granada,Getafe,1,1,1.4404,2.30149,6.1,4.9,,
2023,22813,2023-11-11 17:30:00,laliga,Osasuna,Las Palmas,1,1,1.44069,0.291858,7.2,7.9,,
2023,22808,2023-11-11 20:00:00,laliga,Real Madrid,Valencia,5,1,1.90598,2.03068,6.0,6.2,,
2023,22814,2023-11-12 15:15:00,laliga,Barcelona,Alaves,2,1,1.81139,1.83858,7.8,7.1,,
2023,22809,2023-11-12 17:30:00,laliga,Sevilla,Real Betis,1,1,0.615603,2.17922,8.0,8.1,,
2023,22807,2023-11-12 20:00:00,laliga,Atletico Madrid,Villarreal,3,1,3.93786,0.868854,9.0,7.1,,
2023,22819,2023-11-24 20:00:00,laliga,Alaves,Granada,3,1,0.871813,1.13855,12.2,13.1,,
2023,22822,2023-11-25 13:00:00,laliga,Rayo Vallecano,Barcelona,1,1,0.912299,1.30627,14.0,12.9,,
2023,22823,2023-11-25 15:15:00,laliga,Valencia,Celta Vigo,0,0,0.247015,0.609862,13.8,14.8,,
2023,22820,2023-11-25 17:30:00,laliga,Getafe,Almeria,2,1,1.39391,1.72918,14.0,14.1,,
2023,22815,2023-11-25 20:00:00,laliga,Atletico Madrid,Mallorca,1,0,2.29683,0.945212,13.0,21.2,,
2023,22824,2023-11-26 13:00:00,laliga,Villarreal,Osasuna,3,1,2.84591,1.26437,13.7,14.8,,
2023,22818,2023-11-26 15:15:00,laliga,Real Sociedad,Sevilla,2,1,1.05204,0.374082,15.0,13.9,,
2023,22817,2023-11-26 17:30:00,laliga,Cadiz,Real Madrid,0,3,1.13056,1.84054,19.9,14.9,,
2023,22816,2023-11-26 20:00:00,laliga,Real Betis,Las Palmas,1,0,1.92649,0.751589,14.1,15.1,,
2023,22821,2023-11-27 20:00:00,laliga,Girona,Athletic Club,1,1,1.36177,1.67266,16.3,17.0,,
2023,22810,2023-11-29 20:00:00,laliga,Mallorca,Cadiz,1,1,0.8514,0.251799,4.0,3.1,,
2023,22832,2023-12-01 19:00:00,laliga,Las Palmas,Getafe,2,0,1.8817,0.76355,5.0,6.1,,
2023,22827,2023-12-02 13:00:00,laliga,Girona,Valencia,2,1,1.85396,1.00981,4.7,6.9,,
2023,22826,2023-12-02 15:15:00,laliga,Athletic Club,Rayo Vallecano,4,0,1.6869,0.34629,4.8,7.1,,
2023,22833,2023-12-02 17:30:00,laliga,Real Madrid,Granada,2,0,2.2606,0.110085,6.0,7.9,,
2023,22828,2023-12-02 20:00:00,laliga,Osasuna,Real Sociedad,1,1,1.01822,1.69944,6.3,6.2,,
2023,22834,2023-12-03 13:00:00,laliga,Mallorca,Alaves,0,0,0.909609,0.277842,3.7,8.7,,
2023,22825,2023-12-03 15:15:00,laliga,Almeria,Real Betis,0,0,2.69938,0.769817,7.9,6.8,,
2023,22829,2023-12-03 17:30:00,laliga,Sevilla,Villarreal,1,1,2.4784,1.47061,7.1,7.2,,
2023,22830,2023-12-03 20:00:00,laliga,Barcelona,Atletico Madrid,1,0,3.18789,0.996297,8.3,8.0,,
2023,22831,2023-12-04 20:00:00,laliga,Celta Vigo,Cadiz,1,1,2.73216,0.346727,9.2,5.0,,
2023,22838,2023-12-08 20:00:00,laliga,Getafe,Valencia,1,0,0.841976,0.183916,7.0,6.3,,
2023,22840,2023-12-09 13:00:00,laliga,Alaves,Las Palmas,0,1,2.20546,0.473883,6.0,7.8,,
2023,22836,2023-12-09 15:15:00,laliga,Real Betis,Real Madrid,1,1,1.51575,0.803862,6.0,6.9,,
2023,22844,2023-12-09 17:30:00,laliga,Villarreal,Real Sociedad,0,3,2.37019,2.19834,6.0,6.9,,
2023,22839,2023-12-09 20:00:00,laliga,Mallorca,Sevilla,1,0,0.533315,0.554467,6.3,6.1,,
2023,22841,2023-12-10 13:00:00,laliga,Atletico Madrid,Almeria,2,1,2.16876,1.6656,6.7,6.9,,
2023,22837,2023-12-10 17:30:00,laliga,Cadiz,Osasuna,1,1,1.15321,1.81825,5.9,7.9,,
2023,22835,2023-12-10 20:00:00,laliga,Barcelona,Girona,2,4,4.25448,2.93797,7.0,8.3,,
2023,22843,2023-12-11 20:00:00,laliga,Rayo Vallecano,Celta Vigo,0,0,1.32415,0.126167,9.2,7.0,,
2023,22842,2023-12-12 15:15:00,laliga,Granada,Athletic Club,1,1,0.543471,1.68816,9.9,10.0,,
2023,22848,2023-12-15 20:00:00,laliga,Osasuna,Rayo Vallecano,1,0,1.77561,1.15316,5.1,4.0,,
2023,22847,2023-12-16 13:00:00,laliga,Celta Vigo,Granada,1,0,1.33261,0.690175,4.7,3.9,,
2023,22846,2023-12-16 15:15:00,laliga,Athletic Club,Atletico Madrid,2,0,2.73082,0.342126,4.0,6.1,,
2023,22853,2023-12-16 17:30:00,laliga,Sevilla,Getafe,0,3,0.80788,2.83746,6.9,7.9,,
2023,22850,2023-12-16 20:00:00,laliga,Valencia,Barcelona,1,1,0.78681,3.16129,8.0,6.0,,
2023,22845,2023-12-17 13:00:00,laliga,Almeria,Mallorca,0,0,0.314828,1.51369,7.0,7.7,,
2023,22851,2023-12-17 15:15:00,laliga,Real Sociedad,Real Betis,0,0,0.989954,1.37163,7.9,8.0,,
2023,22852,2023-12-17 17:30:00,laliga,Las Palmas,Cadiz,1,1,0.826817,1.42619,8.2,7.0,,
2023,22849,2023-12-17 20:00:00,laliga,Real Madrid,Villarreal,4,1,3.22478,0.421986,8.2,8.1,,
2023,22854,2023-12-18 20:00:00,laliga,Girona,Alaves,3,0,1.92988,0.546438,8.0,9.3,,
2023,22860,2023-12-19 18:00:00,laliga,Rayo Vallecano,Valencia,0,1,0.51265,0.33485,3.9,2.9,,
2023,22856,2023-12-19 20:30:00,laliga,Atletico Madrid,Getafe,3,3,2.02936,2.53681,3.2,3.1,,
2023,22861,2023-12-19 20:30:00,laliga,Granada,Sevilla,0,3,1.12822,0.514939,3.3,3.1,,
2023,22863,2023-12-20 18:00:00,laliga,Barcelona,Almeria,3,2,4.04903,1.39703,3.9,3.2,,
2023,22855,2023-12-20 20:30:00,laliga,Athletic Club,Las Palmas,1,0,3.53577,0.2514,4.2,3.1,,
2023,22864,2023-12-20 20:30:00,laliga,Villarreal,Celta Vigo,3,2,2.59564,1.98503,3.0,4.3,,
2023,22857,2023-12-21 18:00:00,laliga,Real Betis,Girona,1,1,1.61394,1.64551,4.1,2.9,,
2023,22858,2023-12-21 18:00:00,laliga,Cadiz,Real Sociedad,0,0,0.856097,0.6603,4.0,4.1,,
2023,22859,2023-12-21 20:30:00,laliga,Mallorca,Osasuna,3,2,1.68391,1.5871,4.3,6.0,,
2023,22862,2023-12-21 20:30:00,laliga,Alaves,Real Madrid,0,1,0.388196,0.947483,3.0,4.0,,
2023,22716,2023-12-23 14:15:00,laliga,Atletico Madrid,Sevilla,1,0,1.53277,0.279969,3.7,3.7,,
2023,22865,2024-01-02 16:00:00,laliga,Getafe,Rayo Vallecano,0,2,0.651184,2.73568,13.8,13.9,,
2023,22874,2024-01-02 18:15:00,laliga,Real Sociedad,Alaves,1,1,0.98082,0.969339,12.0,11.9,,
2023,22866,2024-01-02 20:30:00,laliga,Valencia,Villarreal,3,1,2.78114,1.15004,14.1,13.0,,
2023,22872,2024-01-03 16:00:00,laliga,Granada,Cadiz,2,0,3.87666,0.746073,14.8,12.9,,
2023,22871,2024-01-03 18:15:00,laliga,Celta Vigo,Real Betis,2,1,2.54675,1.73674,13.9,13.0,,
2023,22873,2024-01-03 18:15:00,laliga,Real Madrid,Mallorca,1,0,1.87575,0.840414,12.9,12.9,,
2023,22869,2024-01-03 20:30:00,laliga,Girona,Atletico Madrid,4,3,2.32369,2.67389,13.1,11.3,,
2023,22867,2024-01-04 16:00:00,laliga,Osasuna,Almeria,1,0,2.03356,0.239636,13.8,14.9,,
2023,22868,2024-01-04 18:15:00,laliga,Sevilla,Athletic Club,0,2,0.54777,1.99704,12.2,14.9,,
2023,22870,2024-01-04 20:30:00,laliga,Las Palmas,Barcelona,1,2,0.967341,2.3608,15.0,15.1,,
2023,22884,2024-01-12 20:00:00,laliga,Sevilla,Alaves,2,3,2.49561,2.08895,8.1,10.1,,
2023,22882,2024-01-13 13:00:00,laliga,Las Palmas,Villarreal,3,0,0.963955,1.71198,8.7,10.7,,
2023,22883,2024-01-13 15:15:00,laliga,Mallorca,Celta Vigo,1,1,2.59976,0.711693,9.9,9.9,,
2023,22876,2024-01-13 17:30:00,laliga,Athletic Club,Real Sociedad,2,1,1.73042,1.02381,9.0,11.0,,
2023,22879,2024-01-13 20:00:00,laliga,Real Betis,Granada,1,0,2.00904,0.658067,10.1,10.2,,
2023,22875,2024-01-14 13:00:00,laliga,Almeria,Girona,0,0,2.20551,0.246622,9.9,10.7,,
2023,22880,2024-01-14 15:15:00,laliga,Cadiz,Valencia,1,4,1.55289,1.7596,11.0,11.8,,
2023,22887,2024-01-19 20:00:00,laliga,Alaves,Cadiz,1,0,1.83115,0.670357,7.0,5.2,,
2023,22894,2024-01-20 13:00:00,laliga,Rayo Vallecano,Las Palmas,0,2,2.16832,0.786109,17.9,7.0,,
2023,22893,2024-01-20 15:15:00,laliga,Villarreal,Mallorca,1,1,1.7328,0.430539,7.1,7.0,,
2023,22889,2024-01-20 17:30:00,laliga,Valencia,Athletic Club,1,0,0.7444,0.351363,6.1,7.0,,
2023,22885,2024-01-20 20:00:00,laliga,Celta Vigo,Real Sociedad,0,1,0.257377,0.630224,7.2,7.1,,
2023,22892,2024-01-21 13:00:00,laliga,Osasuna,Getafe,3,2,1.57055,1.50775,16.9,18.9,,
2023,22888,2024-01-21 15:15:00,laliga,Real Madrid,Almeria,3,2,3.07258,0.928735,17.9,7.1,,
2023,22891,2024-01-21 17:30:00,laliga,Real Betis,Barcelona,2,4,1.61122,2.71025,7.9,16.9,,
2023,22886,2024-01-21 20:00:00,laliga,Girona,Sevilla,5,1,2.95279,0.947841,7.3,9.0,,
2023,22890,2024-01-22 20:00:00,laliga,Granada,Atletico Madrid,0,1,0.684269,1.42876,9.0,19.0,,
2023,22904,2024-01-26 20:00:00,laliga,Almeria,Alaves,0,3,1.80182,2.061,5.2,7.0,,
2023,22903,2024-01-27 13:00:00,laliga,Real Sociedad,Rayo Vallecano,0,0,0.251108,0.129675,6.7,7.0,,
2023,22899,2024-01-27 15:15:00,laliga,Las Palmas,Real Madrid,1,2,0.929969,2.05683,7.1,6.0,,
2023,22896,2024-01-27 17:30:00,laliga,Barcelona,Villarreal,3,5,2.02779,2.36875,6.0,7.1,,
2023,22901,2024-01-27 20:00:00,laliga,Mallorca,Real Betis,0,1,1.72961,0.400759,7.2,6.1,,
2023,22897,2024-01-28 13:00:00,laliga,Celta Vigo,Girona,0,1,1.03961,1.60712,7.7,6.7,,
2023,22900,2024-01-28 15:15:00,laliga,Cadiz,Athletic Club,0,0,0.367526,0.25604,8.8,7.9,,
2023,22902,2024-01-28 17:30:00,laliga,Sevilla,Osasuna,1,1,1.42372,1.07779,6.9,7.2,,
2023,22895,2024-01-28 20:00:00,laliga,Atletico Madrid,Valencia,2,0,2.80234,0.406631,6.0,8.1,,
2023,22898,2024-01-29 20:00:00,laliga,Getafe,Granada,2,0,1.03385,1.504,8.3,7.0,,
2023,22878,2024-01-31 18:00:00,laliga,Barcelona,Osasuna,1,0,2.21737,1.41966,4.0,3.0,,
2023,22877,2024-01-31 20:00:00,laliga,Atletico Madrid,Rayo Vallecano,2,1,1.29884,0.426602,3.0,4.3,,
2023,22881,2024-02-01 20:00:00,laliga,Getafe,Real Madrid,0,2,0.791039,2.72231,3.0,5.2,,
2023,22905,2024-02-02 20:00:00,laliga,Athletic Club,Mallorca,4,0,1.95995,0.469702,5.2,6.0,,
2023,22911,2024-02-03 13:00:00,laliga,Valencia,Almeria,2,1,1.38646,1.5882,5.7,7.7,,
2023,22909,2024-02-03 15:15:00,laliga,Granada,Las Palmas,1,1,0.155607,1.27614,4.8,7.0,,
2023,22910,2024-02-03 17:30:00,laliga,Alaves,Barcelona,1,3,1.04716,1.55781,7.9,3.0,,
2023,22907,2024-02-03 20:00:00,laliga,Girona,Real Sociedad,0,0,1.04543,0.583723,6.3,7.3,,
2023,22913,2024-02-04 13:00:00,laliga,Villarreal,Cadiz,0,0,1.00089,0.686978,7.8,6.9,,
2023,22914,2024-02-04 15:15:00,laliga,Osasuna,Celta Vigo,0,3,1.00524,1.37845,3.9,7.1,,
2023,22906,2024-02-04 17:30:00,laliga,Real Betis,Getafe,1,1,1.54414,1.9002,7.9,2.9,,
2023,22912,2024-02-04 20:00:00,laliga,Real Madrid,Atletico Madrid,1,1,2.36334,1.35012,3.0,4.0,,
2023,22908,2024-02-05 20:00:00,laliga,Rayo Vallecano,Sevilla,1,2,2.1306,1.77647,5.0,8.1,,
2023,22921,2024-02-09 20:00:00,laliga,Cadiz,Real Betis,0,2,0.755069,1.43872,5.3,5.1,,
2023,22919,2024-02-10 13:00:00,laliga,Alaves,Villarreal,1,1,2.09111,1.29002,6.8,6.0,,
2023,22924,2024-02-10 15:15:00,laliga,Real Sociedad,Osasuna,0,1,2.50503,0.704714,6.8,6.0,,
2023,22923,2024-02-10 17:30:00,laliga,Real Madrid,Girona,4,0,3.32636,0.180194,5.9,6.9,,
2023,22918,2024-02-10 20:00:00,laliga,Las Palmas,Valencia,2,0,1.41954,0.251178,7.2,7.3,,
2023,22922,2024-02-11 13:00:00,laliga,Getafe,Celta Vigo,3,2,2.22295,1.2733,6.8,6.9,,
2023,22917,2024-02-11 15:15:00,laliga,Mallorca,Rayo Vallecano,2,1,0.82898,1.40787,8.8,5.8,,
2023,22920,2024-02-11 17:30:00,laliga,Sevilla,Atletico Madrid,1,0,2.15338,1.67549,5.9,6.9,,
2023,22916,2024-02-11 20:00:00,laliga,Barcelona,Granada,3,3,2.5229,1.20453,8.1,8.2,,
2023,22915,2024-02-12 20:00:00,laliga,Almeria,Athletic Club,0,0,0.900611,0.621857,9.3,10.0,,
2023,22932,2024-02-16 20:00:00,laliga,Villarreal,Getafe,1,1,1.61961,0.976893,6.3,5.3,,
2023,22926,2024-02-17 13:00:00,laliga,Atletico Madrid,Las Palmas,5,0,2.79269,0.660284,5.8,6.7,,
2023,22931,2024-02-17 15:15:00,laliga,Osasuna,Cadiz,2,0,1.37854,0.919753,7.0,7.8,,
2023,22930,2024-02-17 17:30:00,laliga,Celta Vigo,Barcelona,1,2,0.636492,1.5046,6.2,5.9,,
2023,22933,2024-02-17 20:00:00,laliga,Valencia,Sevilla,0,0,1.11987,0.0457854,7.0,6.1,,
2023,22928,2024-02-18 13:00:00,laliga,Rayo Vallecano,Real Madrid,1,1,1.1431,1.0219,6.9,7.8,,
2023,22929,2024-02-18 15:15:00,laliga,Granada,Almeria,1,1,1.79616,0.693843,6.8,5.8,,
2023,22927,2024-02-18 17:30:00,laliga,Mallorca,Real Sociedad,1,2,0.188904,1.20859,7.1,8.1,,
2023,22934,2024-02-18 20:00:00,laliga,Real Betis,Alaves,0,0,1.18267,0.490778,9.0,8.3,,
2023,22925,2024-02-19 20:00:00,laliga,Athletic Club,Girona,3,2,2.7904,1.80583,7.0,9.1,,
2023,22940,2024-02-23 20:00:00,laliga,Real Sociedad,Villarreal,1,3,1.48985,1.6421,5.1,7.0,,
2023,22936,2024-02-24 15:15:00,laliga,Barcelona,Getafe,4,0,2.65095,0.316762,6.9,7.8,,
2023,22943,2024-02-24 17:30:00,laliga,Alaves,Mallorca,1,1,0.501891,1.80166,5.9,6.0,,
2023,22935,2024-02-24 20:00:00,laliga,Almeria,Atletico Madrid,2,2,0.352281,1.87638,6.2,7.3,,
2023,22937,2024-02-25 13:00:00,laliga,Cadiz,Celta Vigo,2,2,1.87476,0.680213,7.9,7.8,,
2023,22944,2024-02-25 15:15:00,laliga,Real Betis,Athletic Club,3,1,0.921277,0.137757,6.8,5.8,,
2023,22942,2024-02-25 17:30:00,laliga,Las Palmas,Osasuna,1,1,0.942659,0.387933,8.2,8.1,,
2023,22939,2024-02-25 20:00:00,laliga,Real Madrid,Sevilla,1,0,1.01644,0.967099,7.3,8.0,,
2023,22938,2024-02-26 20:00:00,laliga,Girona,Rayo Vallecano,3,0,2.81311,0.564655,7.0,8.3,,
2023,22948,2024-03-01 20:00:00,laliga,Celta Vigo,Almeria,1,0,1.82317,0.3259,5.3,6.0,,
2023,22952,2024-03-02 13:00:00,laliga,Sevilla,Real Sociedad,3,2,2.15506,1.27238,5.7,7.7,,
2023,22949,2024-03-02 15:15:00,laliga,Rayo Vallecano,Cadiz,1,1,0.688061,1.21648,4.8,6.1,,
2023,22947,2024-03-02 17:30:00,laliga,Getafe,Las Palmas,3,3,2.38804,1.37145,7.1,6.0,,
2023,22951,2024-03-02 20:00:00,laliga,Valencia,Real Madrid,2,2,1.33185,1.45798,14.0,6.0,,
2023,22953,2024-03-03 13:00:00,laliga,Villarreal,Granada,5,1,3.02991,0.276758,8.7,13.9,,
2023,22946,2024-03-03 15:15:00,laliga,Atletico Madrid,Real Betis,2,1,3.54138,0.588581,7.8,7.0,,
2023,22950,2024-03-03 17:30:00,laliga,Mallorca,Girona,1,0,0.943297,1.08616,8.0,5.9,,
2023,22945,2024-03-03 20:00:00,laliga,Athletic Club,Barcelona,0,0,0.468397,0.714592,7.2,8.2,,
2023,22954,2024-03-04 20:00:00,laliga,Osasuna,Alaves,1,0,1.71646,1.14533,8.1,9.1,,
2023,22956,2024-03-08 20:00:00,laliga,Barcelona,Mallorca,1,0,2.06225,0.504754,5.0,5.1,,
2023,22964,2024-03-09 13:00:00,laliga,Valencia,Getafe,1,0,1.27245,1.17773,6.7,6.8,,
2023,22962,2024-03-09 15:15:00,laliga,Cadiz,Atletico Madrid,2,0,1.18033,0.895711,7.0,6.0,,
2023,22959,2024-03-09 17:30:00,laliga,Granada,Real Sociedad,2,3,2.0551,1.88323,6.2,7.2,,
2023,22958,2024-03-09 20:00:00,laliga,Girona,Osasuna,2,0,2.1772,0.185235,6.1,5.0,,
2023,22960,2024-03-10 13:00:00,laliga,Alaves,Rayo Vallecano,1,0,0.640241,0.579451,5.7,7.9,,
2023,22961,2024-03-10 15:15:00,laliga,Las Palmas,Athletic Club,0,2,0.834663,1.27321,7.9,6.8,,
2023,22963,2024-03-10 17:30:00,laliga,Real Madrid,Celta Vigo,4,0,3.6885,0.53726,7.9,8.9,,
2023,22957,2024-03-10 20:00:00,laliga,Real Betis,Villarreal,2,3,1.39975,1.30814,7.2,7.3,,
2023,22955,2024-03-11 20:00:00,laliga,Almeria,Sevilla,2,2,1.81235,2.6495,10.0,9.3,,
2023,22970,2024-03-15 20:00:00,laliga,Real Sociedad,Cadiz,2,0,2.34962,0.695705,6.1,6.2,,
2023,22973,2024-03-16 13:00:00,laliga,Mallorca,Granada,1,0,1.65502,0.295993,7.7,6.8,,
2023,22967,2024-03-16 15:15:00,laliga,Osasuna,Real Madrid,2,4,0.669756,3.05767,6.8,5.9,,
2023,22966,2024-03-16 17:30:00,laliga,Getafe,Girona,1,0,1.10963,1.70185,7.2,6.9,,
2023,22974,2024-03-16 20:00:00,laliga,Athletic Club,Alaves,2,0,2.31129,1.38702,6.2,6.3,,
2023,22971,2024-03-17 13:00:00,laliga,Sevilla,Celta Vigo,1,2,1.75591,2.23423,5.7,6.8,,
2023,22972,2024-03-17 15:15:00,laliga,Villarreal,Valencia,1,0,2.1872,1.07722,6.8,8.1,,
2023,22968,2024-03-17 16:15:00,laliga,Las Palmas,Almeria,0,1,0.793707,0.688106,7.0,5.8,,
2023,22969,2024-03-17 17:30:00,laliga,Rayo Vallecano,Real Betis,2,0,0.790186,0.69375,7.2,6.9,,
2023,22965,2024-03-17 20:00:00,laliga,Atletico Madrid,Barcelona,0,3,0.570805,1.94966,8.2,9.0,,
2023,22977,2024-03-29 20:00:00,laliga,Cadiz,Granada,1,0,1.19169,0.412637,14.0,13.3,,
2023,22979,2024-03-30 13:00:00,laliga,Getafe,Sevilla,0,1,1.57791,0.901033,13.8,13.0,,
2023,22975,2024-03-30 15:15:00,laliga,Almeria,Osasuna,0,3,0.745696,1.00888,13.0,14.0,,
2023,22984,2024-03-30 17:30:00,laliga,Valencia,Mallorca,0,0,1.33845,0.673736,13.1,14.2,,
2023,22976,2024-03-30 20:00:00,laliga,Barcelona,Las Palmas,1,0,1.72947,0.314295,13.0,13.2,,
2023,22978,2024-03-31 13:00:00,laliga,Celta Vigo,Rayo Vallecano,0,0,0.838396,0.515128,14.0,13.8,,
2023,22983,2024-03-31 15:15:00,laliga,Girona,Real Betis,3,2,2.43161,0.524961,14.9,13.9,,
2023,22980,2024-03-31 17:30:00,laliga,Alaves,Real Sociedad,0,1,0.142958,1.29248,14.9,15.9,,
2023,22981,2024-03-31 20:00:00,laliga,Real Madrid,Athletic Club,2,0,1.1877,0.304704,15.2,15.0,,
2023,22982,2024-04-01 19:00:00,laliga,Villarreal,Atletico Madrid,1,2,0.681964,1.2402,15.2,15.0,,
2023,22941,2024-04-04 18:00:00,laliga,Granada,Valencia,0,1,0.729135,0.718558,5.9,5.0,,
2023,22987,2024-04-12 19:00:00,laliga,Real Betis,Celta Vigo,2,1,1.22903,1.58129,12.2,12.2,,
2023,22986,2024-04-13 12:00:00,laliga,Atletico Madrid,Girona,3,1,2.58629,2.20992,11.7,12.9,,
2023,22993,2024-04-13 14:15:00,laliga,Rayo Vallecano,Getafe,0,0,0.777828,0.25153,13.1,14.1,,
2023,22988,2024-04-13 16:30:00,laliga,Mallorca,Real Madrid,0,1,0.592998,1.81161,14.0,12.9,,
2023,22992,2024-04-13 19:00:00,laliga,Cadiz,Barcelona,0,1,0.79048,0.833415,15.0,14.0,,
2023,22990,2024-04-14 12:00:00,laliga,Las Palmas,Sevilla,0,2,0.0909476,2.06406,14.7,15.0,,
2023,22994,2024-04-14 14:15:00,laliga,Granada,Alaves,2,0,1.86823,0.279326,9.8,13.9,,
2023,22985,2024-04-14 16:30:00,laliga,Athletic Club,Villarreal,1,1,0.823044,2.1913,13.9,12.9,,
2023,22991,2024-04-14 19:00:00,laliga,Real Sociedad,Almeria,2,2,1.68743,1.77546,14.1,15.2,,
2023,22989,2024-04-15 19:00:00,laliga,Osasuna,Valencia,0,1,2.26875,0.235711,16.2,11.0,,
2023,22996,2024-04-19 19:00:00,laliga,Athletic Club,Granada,1,1,1.64137,0.150973,5.1,5.2,,
2023,22997,2024-04-20 12:00:00,laliga,Celta Vigo,Las Palmas,4,1,3.58931,0.90843,7.7,6.0,,
2023,23004,2024-04-20 14:15:00,laliga,Rayo Vallecano,Osasuna,2,1,0.560289,0.930714,7.0,4.8,,
2023,23001,2024-04-20 16:30:00,laliga,Valencia,Real Betis,1,2,0.951475,1.82123,4.9,7.9,,
2023,23002,2024-04-20 19:00:00,laliga,Girona,Cadiz,4,1,2.30941,1.82433,7.3,7.0,,
2023,22998,2024-04-21 12:00:00,laliga,Getafe,Real Sociedad,1,1,1.19821,1.03517,7.9,6.7,,
2023,22995,2024-04-21 14:15:00,laliga,Almeria,Villarreal,1,2,2.14538,1.60008,6.8,6.9,,
2023,22999,2024-04-21 16:30:00,laliga,Alaves,Atletico Madrid,2,0,0.521018,0.715212,7.1,8.2,,
2023,23000,2024-04-21 19:00:00,laliga,Real Madrid,Barcelona,3,2,2.7698,1.34666,8.1,8.0,,
2023,23003,2024-04-22 19:00:00,laliga,Sevilla,Mallorca,2,1,1.72842,0.879845,8.3,9.1,,
2023,23014,2024-04-26 19:00:00,laliga,Real Sociedad,Real Madrid,0,1,0.380904,0.462672,5.3,5.0,,
2023,23012,2024-04-27 12:00:00,laliga,Las Palmas,Girona,0,2,1.41676,2.0472,7.0,6.7,,
2023,23005,2024-04-27 14:15:00,laliga,Almeria,Getafe,1,3,2.748,1.67485,6.0,6.1,,
2023,23010,2024-04-27 16:30:00,laliga,Alaves,Celta Vigo,3,0,3.41094,0.188273,6.0,7.2,,
2023,23011,2024-04-27 19:00:00,laliga,Atletico Madrid,Athletic Club,3,1,0.62028,0.894572,6.1,8.0,,
2023,23008,2024-04-28 12:00:00,laliga,Cadiz,Mallorca,1,1,0.441837,0.827497,7.7,5.7,,
2023,23009,2024-04-28 14:15:00,laliga,Granada,Osasuna,3,0,2.31468,0.989028,8.8,8.0,,
2023,23013,2024-04-28 16:30:00,laliga,Villarreal,Rayo Vallecano,3,0,1.98091,0.896929,7.1,8.1,,
2023,23007,2024-04-28 19:00:00,laliga,Real Betis,Sevilla,1,1,2.39465,1.26484,8.1,6.0,,
2023,23006,2024-04-29 19:00:00,laliga,Barcelona,Valencia,4,2,2.59636,1.49346,8.0,9.1,,
2023,23017,2024-05-03 19:00:00,laliga,Getafe,Athletic Club,0,2,4.41644,0.925588,6.2,6.0,,
2023,23023,2024-05-04 12:00:00,laliga,Real Sociedad,Las Palmas,2,0,0.899129,0.56693,7.7,7.0,,
2023,23021,2024-05-04 14:15:00,laliga,Real Madrid,Cadiz,3,0,2.63447,0.998827,7.8,6.1,,
2023,23019,2024-05-04 16:30:00,laliga,Girona,Barcelona,4,2,2.31519,2.6053,7.2,4.9,,
2023,23018,2024-05-04 19:00:00,laliga,Mallorca,Atletico Madrid,0,1,0.328479,0.874778,6.3,7.0,,
2023,23020,2024-05-05 12:00:00,laliga,Osasuna,Real Betis,0,2,1.02463,1.44688,6.9,6.7,,
2023,23015,2024-05-05 14:15:00,laliga,Celta Vigo,Villarreal,3,2,4.41257,0.544766,7.9,6.9,,
2023,23024,2024-05-05 16:30:00,laliga,Valencia,Alaves,0,1,1.40821,1.16915,5.9,8.0,,
2023,23016,2024-05-05 19:00:00,laliga,Rayo Vallecano,Almeria,0,1,2.09609,0.555982,7.1,8.2,,
2023,23022,2024-05-05 19:00:00,laliga,Sevilla,Granada,3,0,2.45224,0.227083,7.0,7.2,,
2023,23030,2024-05-10 19:00:00,laliga,Alaves,Girona,2,2,2.40148,1.53657,5.1,6.1,,
2023,23034,2024-05-11 12:00:00,laliga,Mallorca,Las Palmas,1,0,0.45718,0.313172,6.7,7.0,,
2023,23033,2024-05-11 14:15:00,laliga,Villarreal,Sevilla,3,2,3.10775,1.95835,6.0,5.8,,
2023,23029,2024-05-11 16:30:00,laliga,Granada,Real Madrid,0,4,0.699759,2.7909,5.9,7.1,,
2023,23025,2024-05-11 19:00:00,laliga,Athletic Club,Osasuna,2,2,2.17034,1.05326,8.0,6.3,,
2023,23028,2024-05-12 12:00:00,laliga,Cadiz,Getafe,1,0,1.42818,0.310309,7.9,8.7,,
2023,23026,2024-05-12 14:15:00,laliga,Atletico Madrid,Celta Vigo,1,0,1.81009,0.370026,7.8,7.0,,
2023,23032,2024-05-12 16:30:00,laliga,Valencia,Rayo Vallecano,0,0,1.1633,0.785651,7.0,6.9,,
2023,23031,2024-05-12 19:00:00,laliga,Real Betis,Almeria,3,2,1.69343,1.08304,7.3,7.0,,
2023,23027,2024-05-13 19:00:00,laliga,Barcelona,Real Sociedad,2,0,1.66029,0.799193,9.1,9.3,,
2023,23042,2024-05-14 17:30:00,laliga,Osasuna,Mallorca,1,1,0.428998,0.919263,2.9,3.2,,
2023,23044,2024-05-14 19:30:00,laliga,Real Madrid,Alaves,5,0,2.88216,1.50657,3.1,4.0,,
2023,23036,2024-05-14 20:00:00,laliga,Girona,Villarreal,0,1,2.28453,0.776468,4.0,3.2,,
2023,23041,2024-05-15 17:30:00,laliga,Sevilla,Cadiz,0,1,1.43788,2.85137,4.1,3.2,,
2023,23043,2024-05-15 17:30:00,laliga,Rayo Vallecano,Granada,2,1,3.00296,0.933417,3.0,4.0,,
2023,23038,2024-05-15 20:00:00,laliga,Celta Vigo,Athletic Club,2,1,0.758179,0.377111,3.2,4.0,,
2023,23039,2024-05-15 20:00:00,laliga,Getafe,Atletico Madrid,0,3,0.446969,1.67036,3.3,3.2,,
2023,23040,2024-05-16 17:30:00,laliga,Las Palmas,Real Betis,2,2,2.61533,1.3277,5.2,3.9,,
2023,23035,2024-05-16 19:30:00,laliga,Almeria,Barcelona,0,2,1.03949,2.13122,4.0,3.0,,
2023,23037,2024-05-16 20:00:00,laliga,Real Sociedad,Valencia,1,0,1.13192,0.774644,3.0,4.1,,
2023,23050,2024-05-18 19:00:00,laliga,Alaves,Getafe,1,0,1.57753,0.658124,4.0,3.0,,
2023,23045,2024-05-19 17:00:00,laliga,Athletic Club,Sevilla,2,0,1.78593,1.29208,3.9,4.0,,
2023,23046,2024-05-19 17:00:00,laliga,Atletico Madrid,Osasuna,1,4,1.76117,1.88434,3.9,5.0,,
2023,23047,2024-05-19 17:00:00,laliga,Barcelona,Rayo Vallecano,3,0,1.69959,1.68527,2.9,4.0,,
2023,23048,2024-05-19 17:00:00,laliga,Real Betis,Real Sociedad,0,2,1.60754,0.792849,3.0,2.9,,
2023,23049,2024-05-19 17:00:00,laliga,Cadiz,Las Palmas,0,0,1.36112,0.966249,4.0,3.0,,
2023,23051,2024-05-19 17:00:00,laliga,Mallorca,Almeria,2,2,2.45608,0.238391,5.0,2.9,,
2023,23052,2024-05-19 17:00:00,laliga,Granada,Celta Vigo,1,2,1.75765,2.02078,4.0,3.9,,
2023,23053,2024-05-19 17:00:00,laliga,Valencia,Girona,1,3,3.35606,2.90299,2.9,4.9,,
2023,23054,2024-05-19 17:00:00,laliga,Villarreal,Real Madrid,4,4,2.21178,1.59129,4.9,4.9,,
2023,23058,2024-05-24 19:00:00,laliga,Girona,Granada,7,0,4.75092,0.987219,5.1,5.1,,
2023,23059,2024-05-25 12:00:00,laliga,Osasuna,Villarreal,1,1,1.09355,0.835313,5.8,5.8,,
2023,23061,2024-05-25 14:15:00,laliga,Real Sociedad,Atletico Madrid,0,2,0.570544,2.19824,5.9,5.9,,
2023,23055,2024-05-25 16:30:00,laliga,Almeria,Cadiz,6,1,3.23442,0.494605,6.0,6.0,,
2023,23060,2024-05-25 16:30:00,laliga,Rayo Vallecano,Athletic Club,0,1,1.47462,0.930597,6.0,6.0,,
2023,23063,2024-05-25 19:00:00,laliga,Real Madrid,Real Betis,0,0,1.24417,1.15552,6.1,6.1,,
2023,23057,2024-05-26 12:00:00,laliga,Getafe,Mallorca,1,2,1.07908,1.34437,7.7,6.8,,
2023,23056,2024-05-26 14:15:00,laliga,Celta Vigo,Valencia,2,2,1.50162,2.16042,6.9,6.9,,
2023,23064,2024-05-26 14:15:00,laliga,Las Palmas,Alaves,1,1,1.15618,2.23542,6.9,7.8,,
2023,23062,2024-05-26 19:00:00,laliga,Sevilla,Barcelona,1,2,1.96266,1.4772,7.1,7.1,,
2024,26982,2024-08-15 17:00:00,laliga,Athletic Club,Getafe,1,1,0.290195,0.537517,60.0,60.0,,
2024,26983,2024-08-15 19:30:00,laliga,Real Betis,Girona,1,1,1.80582,1.54726,60.0,60.0,,
2024,26984,2024-08-16 17:00:00,laliga,Celta Vigo,Alaves,2,1,0.793797,1.9391,60.0,60.0,,
2024,26985,2024-08-16 19:30:00,laliga,Las Palmas,Sevilla,2,2,1.3187,2.09987,60.0,60.0,,
2024,26986,2024-08-17 17:00:00,laliga,Osasuna,Leganes,1,1,1.7631,1.33949,60.0,60.0,,
2024,26987,2024-08-17 19:30:00,laliga,Valencia,Barcelona,1,2,1.55206,3.48824,60.0,60.0,,
2024,26988,2024-08-18 17:00:00,laliga,Real Sociedad,Rayo Vallecano,1,2,1.56608,1.60148,60.0,60.0,,
2024,26989,2024-08-18 19:30:00,laliga,Mallorca,Real Madrid,1,1,1.30561,0.608052,60.0,60.0,,
2024,26990,2024-08-19 17:00:00,laliga,Real Valladolid,Espanyol,1,0,1.17753,0.515586,60.0,60.0,,
2024,26991,2024-08-19 19:30:00,laliga,Villarreal,Atletico Madrid,2,2,0.68684,1.13868,60.0,60.0,,
2024,26992,2024-08-23 17:00:00,laliga,Celta Vigo,Valencia,3,1,1.30571,1.1544,7.0,5.9,,
2024,26993,2024-08-23 19:30:00,laliga,Sevilla,Villarreal,1,2,1.23826,1.39825,7.0,4.0,,
2024,26994,2024-08-24 15:00:00,laliga,Osasuna,Mallorca,1,0,0.887678,0.427602,6.9,5.8,,
2024,26995,2024-08-24 17:00:00,laliga,Barcelona,Athletic Club,2,1,2.41577,1.09985,6.9,9.0,,
2024,26996,2024-08-24 19:30:00,laliga,Getafe,Rayo Vallecano,0,0,0.512723,0.161076,9.1,6.1,,
2024,26997,2024-08-24 19:30:00,laliga,Espanyol,Real Sociedad,0,1,1.79566,0.796104,5.1,6.1,,
2024,26998,2024-08-25 15:00:00,laliga,Real Madrid,Real Valladolid,3,0,2.17954,0.378528,6.8,5.9,,
2024,26999,2024-08-25 17:00:00,laliga,Leganes,Las Palmas,2,1,1.58998,1.23438,8.0,8.9,,
2024,27000,2024-08-25 17:15:00,laliga,Alaves,Real Betis,0,0,0.172545,1.36012,9.0,9.9,,
2024,27001,2024-08-25 19:30:00,laliga,Atletico Madrid,Girona,3,0,1.42393,0.596524,6.0,10.0,,
2024,27002,2024-08-26 19:30:00,laliga,Villarreal,Celta Vigo,4,3,4.3817,3.79183,3.0,3.1,,
2024,27003,2024-08-27 17:00:00,laliga,Mallorca,Sevilla,0,0,0.940858,0.60976,3.1,3.9,,
2024,27004,2024-08-27 19:30:00,laliga,Rayo Vallecano,Barcelona,1,2,0.392473,1.51872,3.0,3.1,,
2024,27005,2024-08-28 17:00:00,laliga,Real Valladolid,Leganes,0,0,0.773785,0.184577,3.1,3.0,,
2024,27006,2024-08-28 17:00:00,laliga,Athletic Club,Valencia,1,0,1.51595,0.0996371,4.0,5.0,,
2024,27008,2024-08-28 19:30:00,laliga,Real Sociedad,Alaves,1,2,0.951647,2.62561,4.0,3.1,,
2024,27009,2024-08-28 19:30:00,laliga,Atletico Madrid,Espanyol,0,0,3.88587,0.855829,3.0,4.0,,
2024,27010,2024-08-29 17:00:00,laliga,Girona,Osasuna,4,0,2.6015,0.0199618,3.9,5.1,,
2024,27011,2024-08-29 19:30:00,laliga,Las Palmas,Real Madrid,1,1,0.809213,3.28322,4.1,4.2,,
2024,27012,2024-08-31 15:00:00,laliga,Barcelona,Real Valladolid,7,0,4.94022,0.422493,3.8,2.9,,
2024,27013,2024-08-31 17:00:00,laliga,Athletic Club,Atletico Madrid,0,1,0.252231,1.58613,3.0,2.9,,
2024,27014,2024-08-31 17:15:00,laliga,Espanyol,Rayo Vallecano,2,1,1.84679,1.0088,2.9,3.9,,
2024,27015,2024-08-31 19:30:00,laliga,Valencia,Villarreal,1,1,1.14322,0.885369,3.1,5.0,,
2024,27016,2024-08-31 19:30:00,laliga,Leganes,Mallorca,0,1,0.52078,1.48758,3.1,4.1,,
2024,27017,2024-09-01 15:00:00,laliga,Alaves,Las Palmas,2,0,2.01026,0.547308,3.8,2.8,,
2024,27018,2024-09-01 15:00:00,laliga,Osasuna,Celta Vigo,3,2,0.779621,1.72329,2.9,5.8,,
2024,27019,2024-09-01 17:00:00,laliga,Sevilla,Girona,0,2,0.812687,2.36355,5.0,3.0,,
2024,27020,2024-09-01 17:15:00,laliga,Getafe,Real Sociedad,0,0,0.547095,0.0209183,7.9,3.9,,
2024,27021,2024-09-01 19:30:00,laliga,Real Madrid,Real Betis,2,0,2.37168,0.831429,3.0,7.1,,
2024,27024,2024-09-13 19:00:00,laliga,Real Betis,Leganes,2,0,1.72201,0.107021,12.0,13.0,,
2024,27026,2024-09-14 12:00:00,laliga,Mallorca,Villarreal,1,2,0.345425,2.41884,13.7,13.7,,
2024,27022,2024-09-14 14:15:00,laliga,Espanyol,Alaves,3,2,1.95102,2.3693,13.9,13.0,,
2024,27029,2024-09-14 16:30:00,laliga,Sevilla,Getafe,1,0,1.64801,0.971555,13.0,13.0,,
2024,27031,2024-09-14 19:00:00,laliga,Real Sociedad,Real Madrid,0,2,1.41828,2.2759,13.1,13.0,,
2024,27025,2024-09-15 12:00:00,laliga,Celta Vigo,Real Valladolid,3,1,1.99273,0.382657,13.9,14.9,,
2024,27028,2024-09-15 14:15:00,laliga,Girona,Barcelona,1,4,1.09568,2.5936,13.9,15.0,,
2024,27027,2024-09-15 16:30:00,laliga,Las Palmas,Athletic Club,2,3,1.5194,1.80432,14.1,15.0,,
2024,27023,2024-09-15 19:00:00,laliga,Atletico Madrid,Valencia,3,0,3.22965,0.18311,15.1,15.0,,
2024,27030,2024-09-16 19:00:00,laliga,Rayo Vallecano,Osasuna,3,1,1.48433,0.530311,16.1,15.2,,
2024,27045,2024-09-17 19:00:00,laliga,Mallorca,Real Sociedad,1,0,1.56932,0.499139,3.3,3.0,,
2024,27007,2024-09-18 17:00:00,laliga,Real Betis,Getafe,2,1,3.06176,0.864309,4.9,4.0,,
2024,27047,2024-09-19 17:00:00,laliga,Leganes,Athletic Club,0,2,0.666594,1.32325,5.9,4.0,,
2024,27035,2024-09-20 19:00:00,laliga,Alaves,Sevilla,2,1,1.40641,0.623937,6.2,6.1,,
2024,27039,2024-09-21 12:00:00,laliga,Real Valladolid,Real Sociedad,0,0,0.952589,1.3906,6.0,3.7,,
2024,27040,2024-09-21 14:15:00,laliga,Osasuna,Las Palmas,2,1,1.97167,1.28282,4.8,5.9,,
2024,27038,2024-09-21 16:30:00,laliga,Valencia,Girona,2,0,0.350785,0.387698,5.9,6.1,,
2024,27041,2024-09-21 19:00:00,laliga,Real Madrid,Espanyol,4,1,4.89487,0.318831,7.0,7.2,,
2024,27034,2024-09-22 12:00:00,laliga,Getafe,Leganes,1,1,1.24276,0.783211,3.8,2.8,,
2024,27032,2024-09-22 14:15:00,laliga,Athletic Club,Celta Vigo,3,1,0.864304,1.21547,2.9,7.1,,
2024,27037,2024-09-22 16:30:00,laliga,Villarreal,Barcelona,1,5,2.39605,4.1937,8.2,7.1,,
2024,27036,2024-09-22 19:00:00,laliga,Rayo Vallecano,Atletico Madrid,1,1,1.68952,0.554066,6.0,7.0,,
2024,27033,2024-09-23 19:00:00,laliga,Real Betis,Mallorca,1,2,1.37084,1.4369,5.1,6.0,,
2024,27046,2024-09-24 17:00:00,laliga,Sevilla,Real Valladolid,2,1,1.67099,0.411515,3.9,3.2,,
2024,27050,2024-09-24 17:00:00,laliga,Valencia,Osasuna,0,0,1.17527,0.377552,3.0,3.1,,
2024,27051,2024-09-24 19:00:00,laliga,Real Madrid,Alaves,3,2,1.79791,0.853455,3.0,4.0,,
2024,27044,2024-09-25 17:00:00,laliga,Girona,Rayo Vallecano,0,0,2.1579,0.377734,4.0,2.9,,
2024,27043,2024-09-25 19:00:00,laliga,Barcelona,Getafe,1,0,2.20799,0.929851,3.1,3.3,,
2024,27042,2024-09-26 17:00:00,laliga,Espanyol,Villarreal,1,2,0.355072,1.96233,4.9,4.0,,
2024,27049,2024-09-26 17:00:00,laliga,Las Palmas,Real Betis,1,1,1.10799,2.66646,5.1,2.9,,
2024,27048,2024-09-26 19:00:00,laliga,Celta Vigo,Atletico Madrid,0,1,1.76126,0.778357,4.2,4.0,,
2024,27057,2024-09-27 19:00:00,laliga,Real Valladolid,Mallorca,1,2,1.31551,2.49026,3.1,4.0,,
2024,27059,2024-09-28 12:00:00,laliga,Getafe,Alaves,2,0,2.55847,0.415348,2.7,3.7,,
2024,27060,2024-09-28 14:15:00,laliga,Rayo Vallecano,Leganes,1,1,1.15229,0.852356,2.9,6.1,,
2024,27055,2024-09-28 16:30:00,laliga,Real Sociedad,Valencia,3,0,3.6853,0.805963,7.2,4.0,,
2024,27056,2024-09-28 19:00:00,laliga,Osasuna,Barcelona,4,2,2.50067,0.751814,4.1,3.0,,
2024,27054,2024-09-29 12:00:00,laliga,Celta Vigo,Girona,1,1,0.52399,1.41269,2.7,3.8,,
2024,27052,2024-09-29 14:15:00,laliga,Athletic Club,Sevilla,1,1,1.82961,1.24147,7.0,4.9,,
2024,27061,2024-09-29 16:30:00,laliga,Real Betis,Espanyol,1,0,1.97922,0.569387,3.0,3.0,,
2024,27053,2024-09-29 19:00:00,laliga,Atletico Madrid,Real Madrid,1,1,1.05477,0.660987,3.0,5.0,,
2024,27058,2024-09-30 19:00:00,laliga,Villarreal,Las Palmas,3,1,4.07869,0.802357,4.1,4.1,,
2024,27065,2024-10-04 19:00:00,laliga,Leganes,Valencia,0,0,0.913168,0.703751,6.2,6.1,,
2024,27071,2024-10-05 12:00:00,laliga,Espanyol,Mallorca,2,1,0.948554,1.79839,5.8,7.7,,
2024,27062,2024-10-05 14:15:00,laliga,Getafe,Osasuna,1,1,1.34832,0.247706,7.1,6.8,,
2024,27069,2024-10-05 16:30:00,laliga,Las Palmas,Celta Vigo,0,1,0.964894,0.814163,4.9,6.2,,
2024,27070,2024-10-05 16:30:00,laliga,Real Valladolid,Rayo Vallecano,1,2,1.65842,1.64746,7.9,7.1,,
2024,27063,2024-10-05 19:00:00,laliga,Real Madrid,Villarreal,2,0,0.459582,1.4618,6.0,5.0,,
2024,27066,2024-10-06 12:00:00,laliga,Girona,Athletic Club,2,1,2.17393,3.15974,7.0,6.9,,
2024,27064,2024-10-06 14:15:00,laliga,Alaves,Barcelona,0,3,0.794829,2.49367,8.1,7.8,,
2024,27068,2024-10-06 16:30:00,laliga,Sevilla,Real Betis,1,0,1.8284,0.436615,7.1,7.0,,
2024,27067,2024-10-06 19:00:00,laliga,Real Sociedad,Atletico Madrid,1,1,1.08517,0.561748,8.1,7.0,,
2024,27078,2024-10-18 19:00:00,laliga,Alaves,Real Valladolid,2,3,0.433035,2.33646,12.2,13.1,,
2024,27072,2024-10-19 12:00:00,laliga,Athletic Club,Espanyol,4,1,1.46517,0.500795,13.0,14.0,,
2024,27079,2024-10-19 14:15:00,laliga,Osasuna,Real Betis,1,2,2.21025,2.79181,14.0,12.9,,
2024,27076,2024-10-19 16:30:00,laliga,Girona,Real Sociedad,0,1,0.446152,1.86082,13.2,12.9,,
2024,27075,2024-10-19 19:00:00,laliga,Celta Vigo,Real Madrid,1,2,1.79112,1.19816,14.1,14.0,,
2024,27077,2024-10-20 12:00:00,laliga,Mallorca,Rayo Vallecano,1,0,2.72076,0.464955,15.0,14.8,,
2024,27073,2024-10-20 14:15:00,laliga,Atletico Madrid,Leganes,3,1,5.21397,0.271901,13.8,15.8,,
2024,27080,2024-10-20 16:30:00,laliga,Villarreal,Getafe,1,1,1.14683,2.02638,14.9,15.1,,
2024,27074,2024-10-20 19:00:00,laliga,Barcelona,Sevilla,5,1,4.08528,0.599652,14.2,14.1,,
2024,27081,2024-10-21 19:00:00,laliga,Valencia,Las Palmas,2,3,1.94417,1.56861,17.0,16.1,,
2024,27091,2024-10-25 19:00:00,laliga,Espanyol,Sevilla,0,2,1.0292,0.813306,6.3,5.0,,
2024,27089,2024-10-26 12:00:00,laliga,Real Valladolid,Villarreal,1,2,0.97802,2.68435,7.7,5.8,,
2024,27090,2024-10-26 14:15:00,laliga,Rayo Vallecano,Alaves,1,0,2.89009,0.871439,6.1,7.8,,
2024,27087,2024-10-26 16:30:00,laliga,Las Palmas,Girona,1,0,1.24451,1.04715,4.9,7.0,,
2024,27085,2024-10-26 19:00:00,laliga,Real Madrid,Barcelona,0,4,1.40359,2.51566,7.0,6.0,,
2024,27086,2024-10-27 13:00:00,laliga,Leganes,Celta Vigo,3,0,1.54881,0.767239,6.9,7.8,,
2024,27082,2024-10-27 15:15:00,laliga,Getafe,Valencia,1,1,2.97825,0.63831,6.9,5.8,,
2024,27084,2024-10-27 17:30:00,laliga,Real Betis,Atletico Madrid,1,0,2.20384,0.555217,8.1,7.1,,
2024,27088,2024-10-27 20:00:00,laliga,Real Sociedad,Osasuna,0,2,1.6767,1.06487,8.1,8.2,,
2024,27083,2024-10-28 20:00:00,laliga,Mallorca,Athletic Club,0,0,0.542356,0.755466,8.3,9.3,,
2024,27097,2024-11-01 20:00:00,laliga,Alaves,Mallorca,1,0,1.43582,0.708287,6.2,4.0,,
2024,27096,2024-11-02 13:00:00,laliga,Osasuna,Real Valladolid,1,0,3.21695,0.204092,5.7,7.0,,
2024,27095,2024-11-02 15:15:00,laliga,Girona,Leganes,4,3,1.81274,0.320545,6.9,6.1,,
2024,27093,2024-11-03 13:00:00,laliga,Atletico Madrid,Las Palmas,2,0,1.73469,0.0329044,6.8,7.9,,
2024,27101,2024-11-03 15:15:00,laliga,Barcelona,Espanyol,3,1,1.94398,0.787359,7.8,8.8,,
2024,27100,2024-11-03 17:30:00,laliga,Sevilla,Real Sociedad,0,2,0.629505,1.21835,8.9,6.9,,
2024,27092,2024-11-03 20:00:00,laliga,Athletic Club,Real Betis,1,1,4.2033,1.54499,6.0,7.1,,
2024,27094,2024-11-04 20:00:00,laliga,Celta Vigo,Getafe,1,0,2.12477,0.424746,8.3,8.2,,
2024,27110,2024-11-08 20:00:00,laliga,Rayo Vallecano,Las Palmas,1,3,2.63982,1.25211,13.2,5.3,,
2024,27109,2024-11-09 13:00:00,laliga,Real Madrid,Osasuna,4,0,3.27315,0.0678926,13.8,7.0,,
2024,27111,2024-11-09 15:15:00,laliga,Villarreal,Alaves,3,0,1.44293,0.608571,14.1,7.8,,
2024,27105,2024-11-09 21:00:00,laliga,Leganes,Sevilla,1,0,1.09319,0.539924,7.2,6.1,,
2024,27103,2024-11-10 13:00:00,laliga,Real Betis,Celta Vigo,2,2,1.65065,0.941675,6.7,5.7,,
2024,27107,2024-11-10 15:15:00,laliga,Mallorca,Atletico Madrid,0,1,0.735147,0.93863,8.8,7.1,,
2024,27104,2024-11-10 17:30:00,laliga,Getafe,Girona,0,1,0.220796,0.521025,5.9,8.1,,
2024,27106,2024-11-10 17:30:00,laliga,Real Valladolid,Athletic Club,1,1,0.887674,1.487,8.2,6.9,,
2024,27108,2024-11-10 20:00:00,laliga,Real Sociedad,Barcelona,1,0,1.88518,0.514102,7.1,7.2,,
2024,27113,2024-11-22 20:00:00,laliga,Getafe,Real Valladolid,2,0,0.658487,0.729169,12.1,12.1,,
2024,27118,2024-11-23 13:00:00,laliga,Valencia,Real Betis,4,2,1.67338,1.05242,26.9,13.0,,
2024,27120,2024-11-23 15:15:00,laliga,Atletico Madrid,Alaves,2,1,2.05318,0.785902,13.0,14.0,,
2024,27115,2024-11-23 17:30:00,laliga,Las Palmas,Mallorca,2,3,1.15972,1.45816,14.9,13.1,,
2024,27121,2024-11-23 17:30:00,laliga,Girona,Espanyol,4,1,3.28521,0.488285,13.0,20.1,,
2024,27117,2024-11-23 20:00:00,laliga,Celta Vigo,Barcelona,2,2,2.75981,1.93782,13.3,13.0,,
2024,27114,2024-11-24 13:00:00,laliga,Osasuna,Villarreal,2,2,1.3273,2.68193,15.0,14.9,,
2024,27119,2024-11-24 15:15:00,laliga,Sevilla,Rayo Vallecano,1,0,1.57063,0.862262,14.8,15.8,,
2024,27116,2024-11-24 17:30:00,laliga,Leganes,Real Madrid,0,3,0.108948,2.73014,14.9,15.2,,
2024,27112,2024-11-24 20:00:00,laliga,Athletic Club,Real Sociedad,1,0,1.65075,0.799084,14.1,14.0,,
2024,27123,2024-11-29 20:00:00,laliga,Mallorca,Valencia,2,1,0.721435,1.33443,6.1,6.3,,
2024,27122,2024-11-30 13:00:00,laliga,Barcelona,Las Palmas,1,2,2.18354,0.599185,6.7,6.8,,
2024,27124,2024-11-30 15:15:00,laliga,Alaves,Leganes,1,1,1.28884,1.3688,7.0,5.9,,
2024,27131,2024-11-30 17:30:00,laliga,Espanyol,Celta Vigo,3,1,1.50136,1.55998,7.0,6.9,,
2024,27126,2024-11-30 20:00:00,laliga,Real Valladolid,Atletico Madrid,0,5,0.437294,3.40487,8.0,7.2,,
2024,27128,2024-12-01 13:00:00,laliga,Villarreal,Girona,2,2,1.96842,0.516301,7.0,7.8,,
2024,27127,2024-12-01 15:15:00,laliga,Real Madrid,Getafe,2,0,3.23626,0.34657,6.9,8.8,,
2024,27125,2024-12-01 17:30:00,laliga,Rayo Vallecano,Athletic Club,1,2,0.590024,0.556919,7.1,6.9,,
2024,27130,2024-12-01 20:00:00,laliga,Real Sociedad,Real Betis,2,0,0.818081,0.366137,7.0,8.3,,
2024,27129,2024-12-02 20:00:00,laliga,Sevilla,Osasuna,1,1,1.09081,1.04839,8.2,8.3,,
2024,27167,2024-12-03 18:00:00,laliga,Mallorca,Barcelona,1,5,0.921728,5.38074,3.9,3.2,,
2024,27162,2024-12-04 20:00:00,laliga,Athletic Club,Real Madrid,2,1,2.08134,1.97732,3.1,3.2,,
2024,27136,2024-12-06 20:00:00,laliga,Celta Vigo,Mallorca,2,0,1.19949,1.09038,6.1,3.1,,
2024,27138,2024-12-07 13:00:00,laliga,Las Palmas,Real Valladolid,2,1,1.27625,1.30835,7.0,6.7,,
2024,27139,2024-12-07 15:15:00,laliga,Real Betis,Barcelona,2,2,2.76257,1.54117,5.8,3.9,,
2024,27140,2024-12-07 17:30:00,laliga,Valencia,Rayo Vallecano,0,1,1.0002,1.02294,7.9,6.0,,
2024,27137,2024-12-07 20:00:00,laliga,Girona,Real Madrid,0,3,0.351337,1.16034,6.3,3.0,,
2024,27133,2024-12-08 13:00:00,laliga,Leganes,Real Sociedad,0,3,0.463722,1.74462,7.9,6.7,,
2024,27134,2024-12-08 15:15:00,laliga,Athletic Club,Villarreal,2,0,1.31484,0.796459,3.8,7.1,,
2024,27141,2024-12-08 17:30:00,laliga,Osasuna,Alaves,2,2,2.31345,1.50067,5.9,8.1,,
2024,27135,2024-12-08 20:00:00,laliga,Atletico Madrid,Sevilla,4,3,2.32183,0.635773,8.0,6.0,,
2024,27132,2024-12-09 20:00:00,laliga,Getafe,Espanyol,1,0,0.530268,1.17303,8.2,9.1,,
2024,27147,2024-12-13 20:00:00,laliga,Real Valladolid,Valencia,1,0,0.531831,0.657242,6.3,6.1,,
2024,27150,2024-12-14 13:00:00,laliga,Espanyol,Osasuna,0,0,0.298744,0.213917,4.7,5.8,,
2024,27146,2024-12-14 15:15:00,laliga,Mallorca,Girona,2,1,1.65091,0.939735,7.8,6.8,,
2024,27145,2024-12-14 17:30:00,laliga,Sevilla,Celta Vigo,1,0,0.487466,0.928845,5.9,7.9,,
2024,27144,2024-12-14 20:00:00,laliga,Rayo Vallecano,Real Madrid,3,3,1.60769,1.15429,7.1,7.0,,
2024,27142,2024-12-15 13:00:00,laliga,Atletico Madrid,Getafe,1,0,1.85376,0.238672,6.7,5.7,,
2024,27149,2024-12-15 15:15:00,laliga,Alaves,Athletic Club,1,1,0.803776,0.843706,6.9,7.0,,
2024,27148,2024-12-15 17:30:00,laliga,Villarreal,Real Betis,1,2,1.60957,1.6735,7.1,8.1,,
2024,27151,2024-12-15 17:30:00,laliga,Real Sociedad,Las Palmas,0,0,1.24562,0.840973,7.2,8.2,,
2024,27143,2024-12-15 20:00:00,laliga,Barcelona,Leganes,0,1,2.16597,0.77236,8.2,7.3,,
2024,27098,2024-12-18 20:30:00,laliga,Villarreal,Rayo Vallecano,1,1,2.52908,1.85712,3.1,4.0,,
2024,27102,2024-12-18 20:30:00,laliga,Espanyol,Valencia,1,1,1.87851,1.78128,4.3,5.0,,
2024,27156,2024-12-20 20:00:00,laliga,Girona,Real Valladolid,3,0,2.16439,0.0119855,6.2,7.0,,
2024,27155,2024-12-21 13:00:00,laliga,Getafe,Mallorca,0,1,0.735241,2.06274,6.0,6.9,,
2024,27154,2024-12-21 15:15:00,laliga,Celta Vigo,Real Sociedad,2,0,1.22165,0.314488,6.9,5.9,,
2024,27159,2024-12-21 17:30:00,laliga,Osasuna,Athletic Club,1,2,0.417557,1.18093,7.2,6.1,,
2024,27160,2024-12-21 20:00:00,laliga,Barcelona,Atletico Madrid,1,2,3.37424,0.710716,6.0,6.3,,
2024,27161,2024-12-22 13:00:00,laliga,Valencia,Alaves,2,2,1.34762,1.54294,3.7,6.9,,
2024,27157,2024-12-22 15:15:00,laliga,Real Madrid,Sevilla,4,2,2.90098,1.41183,7.8,7.9,,
2024,27152,2024-12-22 17:30:00,laliga,Las Palmas,Espanyol,1,0,0.956162,0.878983,7.0,3.9,,
2024,27158,2024-12-22 17:30:00,laliga,Leganes,Villarreal,2,5,1.47457,4.01011,6.9,3.9,,
2024,27153,2024-12-22 20:00:00,laliga,Real Betis,Rayo Vallecano,1,1,1.93031,0.878426,7.1,4.0,,
2024,27099,2025-01-03 20:00:00,laliga,Valencia,Real Madrid,1,2,1.35313,2.69157,12.3,12.2,,
2024,27169,2025-01-10 20:00:00,laliga,Rayo Vallecano,Celta Vigo,2,1,1.00439,3.25801,19.0,20.2,,
2024,27166,2025-01-11 13:00:00,laliga,Alaves,Girona,0,1,1.72201,0.625652,20.0,21.7,,
2024,27168,2025-01-11 15:15:00,laliga,Real Valladolid,Real Betis,1,0,1.62446,1.03813,21.8,19.8,,
2024,27171,2025-01-11 17:30:00,laliga,Espanyol,Leganes,1,1,1.05544,1.92496,20.0,20.0,,
2024,27165,2025-01-11 20:00:00,laliga,Sevilla,Valencia,1,1,0.734356,1.08107,20.2,8.0,,
2024,27170,2025-01-12 13:00:00,laliga,Las Palmas,Getafe,1,2,1.62636,1.39575,20.8,22.0,,
2024,27163,2025-01-12 15:15:00,laliga,Atletico Madrid,Osasuna,1,0,2.28719,0.391974,21.8,21.9,,
2024,27164,2025-01-13 20:00:00,laliga,Real Sociedad,Villarreal,1,0,0.805968,1.22527,23.2,22.1,,
2024,27172,2025-01-17 20:00:00,laliga,Espanyol,Real Valladolid,2,1,1.28839,1.72021,6.1,6.2,,
2024,27173,2025-01-18 13:00:00,laliga,Girona,Sevilla,1,2,1.14329,3.09224,7.0,6.7,,
2024,27176,2025-01-18 15:15:00,laliga,Leganes,Atletico Madrid,1,0,0.770342,3.0563,6.9,6.0,,
2024,27181,2025-01-18 17:30:00,laliga,Real Betis,Alaves,1,3,0.501492,1.6539,7.1,7.2,,
2024,27177,2025-01-18 20:00:00,laliga,Getafe,Barcelona,1,1,1.16921,3.50383,6.3,28.0,,
2024,27175,2025-01-19 13:00:00,laliga,Celta Vigo,Athletic Club,1,2,0.40033,2.49675,8.7,28.8,,
2024,27180,2025-01-19 15:15:00,laliga,Real Madrid,Las Palmas,4,1,6.40549,1.06201,15.8,7.1,,
2024,27174,2025-01-19 17:30:00,laliga,Osasuna,Rayo Vallecano,1,1,0.660386,0.797534,7.1,8.9,,
2024,27179,2025-01-19 20:00:00,laliga,Valencia,Real Sociedad,1,0,1.77248,0.758224,8.0,6.0,,
2024,27178,2025-01-20 20:00:00,laliga,Villarreal,Mallorca,4,0,2.35437,0.390989,7.0,30.3,,
2024,27185,2025-01-24 20:00:00,laliga,Las Palmas,Osasuna,1,1,0.833212,2.53692,5.2,5.1,,
2024,27187,2025-01-25 13:00:00,laliga,Mallorca,Real Betis,0,1,0.789384,0.59491,4.7,6.8,,
2024,27183,2025-01-25 15:15:00,laliga,Atletico Madrid,Villarreal,1,1,1.72274,1.78456,7.0,4.8,,
2024,27191,2025-01-25 17:30:00,laliga,Sevilla,Espanyol,1,1,1.15013,1.27943,7.2,7.9,,
2024,27190,2025-01-25 20:00:00,laliga,Real Valladolid,Real Madrid,0,3,0.234653,2.45677,8.0,6.2,,
2024,27189,2025-01-26 13:00:00,laliga,Rayo Vallecano,Girona,2,1,3.01055,1.56182,6.8,8.0,,
2024,27188,2025-01-26 15:15:00,laliga,Real Sociedad,Getafe,0,3,1.26074,2.01027,6.8,7.8,,
2024,27182,2025-01-26 17:30:00,laliga,Athletic Club,Leganes,0,0,2.27277,1.57401,7.2,8.1,,
2024,27184,2025-01-26 20:00:00,laliga,Barcelona,Valencia,7,1,4.35875,1.30328,8.0,7.0,,
2024,27186,2025-01-27 20:00:00,laliga,Alaves,Celta Vigo,1,1,0.891741,0.155093,9.1,8.3,,
2024,27197,2025-01-31 20:00:00,laliga,Leganes,Rayo Vallecano,0,1,1.00009,2.39088,5.1,5.3,,
2024,27193,2025-02-01 13:00:00,laliga,Getafe,Sevilla,0,0,0.922731,0.871043,5.9,6.8,,
2024,27196,2025-02-01 15:15:00,laliga,Villarreal,Real Valladolid,5,1,3.89354,0.747261,7.0,6.8,,
2024,27192,2025-02-01 17:30:00,laliga,Atletico Madrid,Mallorca,2,0,1.59869,0.421783,7.1,7.2,,
2024,27201,2025-02-01 20:00:00,laliga,Espanyol,Real Madrid,1,0,0.52719,1.52796,7.1,7.0,,
2024,27200,2025-02-02 13:00:00,laliga,Barcelona,Alaves,1,0,1.18526,0.126278,6.7,5.7,,
2024,27199,2025-02-02 15:15:00,laliga,Valencia,Celta Vigo,2,1,1.93065,0.51501,6.8,5.8,,
2024,27195,2025-02-02 17:30:00,laliga,Osasuna,Real Sociedad,2,1,1.11088,2.35115,8.9,7.1,,
2024,27198,2025-02-02 20:00:00,laliga,Real Betis,Athletic Club,2,2,1.31717,1.75905,8.3,7.1,,
2024,27194,2025-02-03 20:00:00,laliga,Girona,Las Palmas,2,1,2.19186,1.31791,8.3,10.0,,
2024,27211,2025-02-07 20:00:00,laliga,Rayo Vallecano,Real Valladolid,1,0,2.87261,0.610157,7.0,6.2,,
2024,27207,2025-02-08 13:00:00,laliga,Celta Vigo,Real Betis,3,2,1.75134,1.51159,5.9,5.7,,
2024,27209,2025-02-08 15:15:00,laliga,Athletic Club,Girona,3,0,3.81937,0.0558089,5.8,4.8,,
2024,27203,2025-02-08 17:30:00,laliga,Las Palmas,Villarreal,1,2,1.90619,1.26021,4.9,7.1,,
2024,27205,2025-02-08 20:00:00,laliga,Real Madrid,Atletico Madrid,1,1,2.55575,1.62463,7.0,7.1,,
2024,27204,2025-02-09 13:00:00,laliga,Alaves,Getafe,0,1,1.25855,0.825065,7.0,8.0,,
2024,27208,2025-02-09 15:15:00,laliga,Valencia,Leganes,2,0,2.03187,0.417562,7.0,8.8,,
2024,27202,2025-02-09 17:30:00,laliga,Real Sociedad,Espanyol,2,1,1.67839,0.872507,7.0,7.9,,
2024,27206,2025-02-09 20:00:00,laliga,Sevilla,Barcelona,1,4,0.921429,1.93199,8.3,7.3,,
2024,27210,2025-02-10 20:00:00,laliga,Mallorca,Osasuna,1,1,1.17321,1.81967,9.1,8.1,,
2024,27213,2025-02-14 20:00:00,laliga,Girona,Getafe,1,2,1.287,0.95535,6.2,5.3,,
2024,27219,2025-02-15 13:00:00,laliga,Leganes,Alaves,3,3,1.76328,1.4212,5.9,6.0,,
2024,27220,2025-02-15 15:15:00,laliga,Osasuna,Real Madrid,1,1,1.64382,2.73344,4.8,6.8,,
2024,27212,2025-02-15 17:30:00,laliga,Atletico Madrid,Celta Vigo,1,1,0.689105,1.45388,6.9,7.2,,
2024,27216,2025-02-15 20:00:00,laliga,Villarreal,Valencia,1,1,1.04228,0.740954,7.1,6.2,,
2024,27221,2025-02-16 13:00:00,laliga,Espanyol,Athletic Club,1,1,1.19577,0.896815,6.8,7.9,,
2024,27215,2025-02-16 15:15:00,laliga,Real Valladolid,Sevilla,0,4,0.532481,1.4827,8.8,6.8,,
2024,27217,2025-02-16 17:30:00,laliga,Mallorca,Las Palmas,3,1,2.33414,1.04401,5.9,8.0,,
2024,27218,2025-02-16 20:00:00,laliga,Real Betis,Real Sociedad,3,0,2.49445,0.20529,8.3,7.1,,
2024,27214,2025-02-17 20:00:00,laliga,Barcelona,Rayo Vallecano,1,0,2.82775,1.30941,8.0,10.0,,
2024,27223,2025-02-21 20:00:00,laliga,Celta Vigo,Osasuna,1,0,2.31891,0.838476,6.1,6.2,,
2024,27231,2025-02-22 13:00:00,laliga,Alaves,Espanyol,0,1,1.54627,0.495881,7.0,6.0,,
2024,27224,2025-02-22 15:15:00,laliga,Rayo Vallecano,Villarreal,0,1,0.514336,0.79404,4.8,6.8,,
2024,27225,2025-02-22 17:30:00,laliga,Valencia,Atletico Madrid,0,3,1.35435,2.31785,6.9,7.0,,
2024,27226,2025-02-22 20:00:00,laliga,Las Palmas,Barcelona,0,2,0.431009,1.66486,6.1,5.0,,
2024,27222,2025-02-23 13:00:00,laliga,Athletic Club,Real Valladolid,7,1,5.3162,0.598765,7.0,6.9,,
2024,27228,2025-02-23 15:15:00,laliga,Real Madrid,Girona,2,0,2.36313,0.325619,8.0,8.8,,
2024,27227,2025-02-23 17:30:00,laliga,Getafe,Real Betis,1,2,0.86267,2.34571,8.9,6.9,,
2024,27230,2025-02-23 20:00:00,laliga,Real Sociedad,Leganes,3,0,1.0679,0.256673,7.0,8.3,,
2024,27229,2025-02-24 20:00:00,laliga,Sevilla,Mallorca,1,1,1.5822,1.64957,8.2,8.1,,
2024,27239,2025-02-28 20:00:00,laliga,Real Valladolid,Las Palmas,1,1,2.17386,0.163235,5.3,6.0,,
2024,27237,2025-03-01 13:00:00,laliga,Girona,Celta Vigo,2,2,0.89503,1.64758,5.9,7.7,,
2024,27235,2025-03-01 15:15:00,laliga,Rayo Vallecano,Sevilla,1,1,2.59009,0.807803,7.0,4.8,,
2024,27233,2025-03-01 17:30:00,laliga,Real Betis,Real Madrid,2,1,2.23957,1.05072,6.0,6.1,,
2024,27236,2025-03-01 20:00:00,laliga,Atletico Madrid,Athletic Club,1,0,2.01612,1.54329,7.1,6.3,,
2024,27238,2025-03-02 13:00:00,laliga,Leganes,Getafe,1,0,0.554524,0.585024,6.7,6.8,,
2024,27232,2025-03-02 15:15:00,laliga,Barcelona,Real Sociedad,4,0,3.63697,0.0,7.8,6.8,,
2024,27240,2025-03-02 17:30:00,laliga,Mallorca,Alaves,1,1,1.83195,1.63763,5.9,8.2,,
2024,27234,2025-03-02 20:00:00,laliga,Osasuna,Valencia,3,3,1.26777,1.54983,9.0,8.1,,
2024,27246,2025-03-08 13:00:00,laliga,Celta Vigo,Leganes,2,1,1.07104,0.99815,7.0,6.0,,
2024,27249,2025-03-08 15:15:00,laliga,Alaves,Villarreal,1,0,1.21479,2.63287,5.9,14.0,,
2024,27248,2025-03-08 17:30:00,laliga,Valencia,Real Valladolid,2,1,2.37105,0.645621,5.9,7.9,,
2024,27250,2025-03-09 13:00:00,laliga,Getafe,Atletico Madrid,2,1,1.39814,1.02142,7.0,7.7,,
2024,27251,2025-03-09 15:15:00,laliga,Real Madrid,Rayo Vallecano,2,1,1.59439,1.21003,7.9,8.0,,
2024,27243,2025-03-09 17:30:00,laliga,Athletic Club,Mallorca,1,1,0.938663,1.02509,7.9,7.0,,
2024,27245,2025-03-09 17:30:00,laliga,Real Betis,Las Palmas,1,0,2.31412,0.426529,8.0,8.9,,
2024,27247,2025-03-09 20:00:00,laliga,Real Sociedad,Sevilla,0,1,0.803868,1.01162,7.2,8.2,,
2024,27242,2025-03-10 20:00:00,laliga,Espanyol,Girona,1,1,0.325296,1.58787,16.3,9.3,,
2024,27260,2025-03-14 20:00:00,laliga,Las Palmas,Alaves,2,2,1.94387,1.49888,5.1,6.2,,
2024,27257,2025-03-15 13:00:00,laliga,Real Valladolid,Celta Vigo,0,1,0.839415,1.81654,6.8,7.0,,
2024,27261,2025-03-15 15:15:00,laliga,Mallorca,Espanyol,2,1,2.57036,0.184342,5.9,4.8,,
2024,27259,2025-03-15 17:30:00,laliga,Villarreal,Real Madrid,1,2,2.00539,1.10001,7.1,6.1,,
2024,27253,2025-03-15 20:00:00,laliga,Girona,Valencia,1,1,1.17978,1.21975,5.0,7.1,,
2024,27256,2025-03-16 13:00:00,laliga,Leganes,Real Betis,2,3,1.57329,2.92809,8.0,6.8,,
2024,27255,2025-03-16 15:15:00,laliga,Sevilla,Athletic Club,0,1,0.459323,1.64488,6.8,6.9,,
2024,27254,2025-03-16 17:30:00,laliga,Rayo Vallecano,Real Sociedad,2,2,0.536859,0.905535,7.1,6.9,,
2024,27258,2025-03-16 17:30:00,laliga,Osasuna,Getafe,1,2,2.08486,0.900928,13.9,7.2,,
2024,27252,2025-03-16 20:00:00,laliga,Atletico Madrid,Barcelona,2,4,1.09435,2.16215,7.3,14.2,,
2024,27244,2025-03-27 20:00:00,laliga,Barcelona,Osasuna,3,0,4.63707,0.53356,11.0,11.1,,
2024,27265,2025-03-29 13:00:00,laliga,Real Sociedad,Real Valladolid,2,1,1.32811,1.29525,12.8,14.0,,
2024,27262,2025-03-29 15:15:00,laliga,Espanyol,Atletico Madrid,1,1,0.985043,0.994468,14.0,12.8,,
2024,27266,2025-03-29 17:30:00,laliga,Alaves,Rayo Vallecano,0,2,1.60064,0.681703,14.9,13.0,,
2024,27268,2025-03-29 20:00:00,laliga,Real Madrid,Leganes,3,2,3.59257,2.38359,14.1,13.3,,
2024,27264,2025-03-30 13:00:00,laliga,Getafe,Villarreal,1,2,0.940085,1.38471,13.8,14.8,,
2024,27270,2025-03-30 15:15:00,laliga,Barcelona,Girona,4,1,2.75333,0.490847,2.8,14.8,,
2024,27267,2025-03-30 17:30:00,laliga,Valencia,Mallorca,1,0,0.731544,0.657805,14.9,15.1,,
2024,27269,2025-03-30 17:30:00,laliga,Athletic Club,Osasuna,0,0,0.759463,0.564979,14.1,2.9,,
2024,27271,2025-03-30 20:00:00,laliga,Real Betis,Sevilla,2,1,0.894203,0.867589,14.3,14.2,,
2024,27263,2025-03-31 20:00:00,laliga,Celta Vigo,Las Palmas,1,1,1.07663,0.52734,16.3,17.0,,
2024,27281,2025-04-04 19:00:00,laliga,Rayo Vallecano,Espanyol,0,4,0.501253,3.48741,6.1,6.2,,
2024,27280,2025-04-05 12:00:00,laliga,Girona,Alaves,0,1,1.73306,0.805674,5.9,6.8,,
2024,27273,2025-04-05 14:15:00,laliga,Real Madrid,Valencia,1,2,3.36121,1.08997,6.8,5.9,,
2024,27278,2025-04-05 16:30:00,laliga,Mallorca,Celta Vigo,1,2,0.670008,1.12056,6.0,4.9,,
2024,27272,2025-04-05 19:00:00,laliga,Barcelona,Real Betis,1,1,1.46844,0.249939,6.2,6.0,,
2024,27274,2025-04-06 12:00:00,laliga,Las Palmas,Real Sociedad,1,3,1.75387,2.81501,5.7,8.0,,
2024,27277,2025-04-06 14:15:00,laliga,Sevilla,Atletico Madrid,1,2,0.818692,1.23653,6.8,8.0,,
2024,27279,2025-04-06 16:30:00,laliga,Real Valladolid,Getafe,0,4,0.300994,2.80288,8.1,7.1,,
2024,27276,2025-04-06 19:00:00,laliga,Villarreal,Athletic Club,0,0,1.59491,0.998653,7.2,7.1,,
2024,27275,2025-04-07 19:00:00,laliga,Leganes,Osasuna,1,1,2.22334,2.07408,9.0,8.1,,
2024,27291,2025-04-11 19:00:00,laliga,Valencia,Sevilla,1,0,1.42634,0.910522,6.2,5.2,,
2024,27290,2025-04-12 12:00:00,laliga,Real Sociedad,Mallorca,0,2,0.616782,0.801126,6.0,6.8,,
2024,27286,2025-04-12 14:15:00,laliga,Getafe,Las Palmas,1,3,1.61783,1.54225,5.9,6.1,,
2024,27282,2025-04-12 16:30:00,laliga,Celta Vigo,Espanyol,0,2,0.824366,0.780846,7.0,7.9,,
2024,27288,2025-04-12 19:00:00,laliga,Leganes,Barcelona,0,1,0.5988,1.10105,5.0,7.0,,
2024,27289,2025-04-13 12:00:00,laliga,Osasuna,Girona,2,1,1.68846,0.57428,5.7,8.0,,
2024,27287,2025-04-13 14:15:00,laliga,Alaves,Real Madrid,0,1,0.607781,1.26541,8.1,8.0,,
2024,27285,2025-04-13 16:30:00,laliga,Real Betis,Villarreal,1,2,2.04046,1.32607,7.9,6.9,,
2024,27283,2025-04-13 19:00:00,laliga,Athletic Club,Rayo Vallecano,3,1,1.97654,1.81883,7.0,9.0,,
2024,27284,2025-04-14 19:00:00,laliga,Atletico Madrid,Real Valladolid,4,2,4.06291,1.38016,8.2,8.1,,
2024,27301,2025-04-18 19:00:00,laliga,Espanyol,Getafe,1,0,0.367268,0.736613,6.1,6.2,,
2024,27293,2025-04-19 12:00:00,laliga,Rayo Vallecano,Valencia,1,1,0.722317,2.06284,5.7,7.7,,
2024,27292,2025-04-19 14:15:00,laliga,Barcelona,Celta Vigo,4,3,2.56587,2.50499,6.8,6.9,,
2024,27300,2025-04-19 16:30:00,laliga,Mallorca,Leganes,0,0,1.06921,0.951824,7.2,6.9,,
2024,27295,2025-04-19 19:00:00,laliga,Las Palmas,Atletico Madrid,1,0,0.768437,0.757145,7.2,5.0,,
2024,27297,2025-04-20 12:00:00,laliga,Real Valladolid,Osasuna,2,3,1.45455,2.36202,5.7,7.0,,
2024,27298,2025-04-20 14:15:00,laliga,Villarreal,Real Sociedad,2,2,2.14498,2.29777,6.9,8.1,,
2024,27299,2025-04-20 16:30:00,laliga,Sevilla,Alaves,1,1,1.89613,1.30312,8.9,7.1,,
2024,27294,2025-04-20 19:00:00,laliga,Real Madrid,Athletic Club,1,0,2.40667,0.132511,7.2,7.0,,
2024,27296,2025-04-21 19:00:00,laliga,Girona,Real Betis,1,3,1.10326,2.28252,8.3,8.1,,
2024,27302,2025-04-22 19:00:00,laliga,Valencia,Espanyol,1,1,1.07897,0.344156,3.3,4.0,,
2024,27305,2025-04-22 19:30:00,laliga,Barcelona,Mallorca,1,0,3.43457,0.326579,3.2,3.1,,
2024,27303,2025-04-23 17:00:00,laliga,Athletic Club,Las Palmas,1,0,2.63805,1.01774,2.9,3.9,,
2024,27307,2025-04-23 17:00:00,laliga,Celta Vigo,Villarreal,3,0,3.19678,0.5946,4.1,3.1,,
2024,27308,2025-04-23 19:30:00,laliga,Getafe,Real Madrid,0,1,2.53565,1.74803,5.0,3.0,,
2024,27310,2025-04-23 19:30:00,laliga,Alaves,Real Sociedad,1,0,0.815479,0.472083,3.1,3.2,,
2024,27309,2025-04-24 17:00:00,laliga,Osasuna,Sevilla,1,0,0.373711,0.934425,4.2,4.0,,
2024,27311,2025-04-24 17:00:00,laliga,Leganes,Girona,1,1,0.330809,0.764098,5.0,2.9,,
2024,27304,2025-04-24 19:30:00,laliga,Atletico Madrid,Rayo Vallecano,3,0,3.34529,1.13186,5.0,5.3,,
2024,27306,2025-04-24 19:30:00,laliga,Real Betis,Real Valladolid,5,1,2.26702,0.839722,3.0,4.3,,
2024,27241,2025-04-27 14:15:00,laliga,Villarreal,Espanyol,1,0,1.35413,1.53522,3.9,4.8,,
2024,27318,2025-05-02 19:00:00,laliga,Rayo Vallecano,Getafe,1,0,1.2162,0.8041,8.0,9.0,,
2024,27314,2025-05-03 12:00:00,laliga,Alaves,Atletico Madrid,0,0,0.908148,0.391409,9.7,8.7,,
2024,27319,2025-05-03 14:15:00,laliga,Villarreal,Osasuna,4,2,2.30041,1.41412,6.0,8.9,,
2024,27313,2025-05-03 16:30:00,laliga,Las Palmas,Valencia,2,3,1.80995,1.6731,10.0,10.9,,
2024,27316,2025-05-03 19:00:00,laliga,Real Valladolid,Barcelona,1,2,0.745612,2.21168,9.0,11.0,,
2024,27317,2025-05-04 12:00:00,laliga,Real Madrid,Celta Vigo,3,2,3.07408,2.13071,10.7,10.8,,
2024,27320,2025-05-04 14:15:00,laliga,Sevilla,Leganes,2,2,2.33742,0.804853,9.9,9.9,,
2024,27321,2025-05-04 16:30:00,laliga,Espanyol,Real Betis,1,2,0.873167,1.05631,7.1,9.9,,
2024,27315,2025-05-04 19:00:00,laliga,Real Sociedad,Athletic Club,0,0,0.893155,0.232928,11.0,11.1,,
2024,27312,2025-05-05 19:00:00,laliga,Girona,Mallorca,1,0,1.77813,0.488126,11.1,13.0,,
2024,27329,2025-05-09 19:00:00,laliga,Las Palmas,Rayo Vallecano,0,1,0.721442,1.00781,6.1,7.0,,
2024,27330,2025-05-10 12:00:00,laliga,Valencia,Getafe,3,0,2.97396,0.590071,6.8,7.7,,
2024,27326,2025-05-10 14:15:00,laliga,Celta Vigo,Sevilla,3,2,0.959531,2.61391,6.1,6.0,,
2024,27327,2025-05-10 16:30:00,laliga,Girona,Villarreal,0,1,0.280235,2.28245,4.9,7.1,,
2024,27328,2025-05-10 16:30:00,laliga,Mallorca,Real Valladolid,2,1,1.75638,2.76393,4.9,6.9,,
2024,27323,2025-05-10 19:00:00,laliga,Atletico Madrid,Real Sociedad,4,0,1.71528,0.298675,7.3,6.0,,
2024,27322,2025-05-11 12:00:00,laliga,Leganes,Espanyol,3,2,2.05779,1.57739,6.9,6.8,,
2024,27324,2025-05-11 14:15:00,laliga,Barcelona,Real Madrid,4,3,4.10632,2.5616,7.8,7.1,,
2024,27331,2025-05-11 16:30:00,laliga,Athletic Club,Alaves,1,0,1.35049,0.642793,6.9,8.2,,
2024,27325,2025-05-11 19:00:00,laliga,Real Betis,Osasuna,1,1,0.359348,2.2272,7.1,8.2,,
2024,27338,2025-05-13 17:00:00,laliga,Real Valladolid,Girona,0,1,1.30694,1.56752,3.0,3.0,,
2024,27337,2025-05-13 18:00:00,laliga,Real Sociedad,Celta Vigo,0,1,3.31324,1.29945,3.0,3.2,,
2024,27340,2025-05-13 19:30:00,laliga,Sevilla,Las Palmas,1,0,0.93125,0.399067,3.2,4.0,,
2024,27333,2025-05-14 17:00:00,laliga,Alaves,Valencia,1,0,2.06262,0.584778,3.0,4.2,,
2024,27341,2025-05-14 17:00:00,laliga,Villarreal,Leganes,3,0,2.28885,1.19032,4.0,3.2,,
2024,27339,2025-05-14 19:30:00,laliga,Real Madrid,Mallorca,2,1,3.46174,0.475193,3.2,4.1,,
2024,27335,2025-05-15 17:00:00,laliga,Osasuna,Atletico Madrid,2,0,1.07473,1.34093,3.9,4.9,,
2024,27336,2025-05-15 17:00:00,laliga,Rayo Vallecano,Real Betis,2,2,1.30199,1.17134,5.9,3.9,,
2024,27332,2025-05-15 19:30:00,laliga,Espanyol,Barcelona,0,2,1.51531,0.735877,4.3,4.2,,
2024,27334,2025-05-15 19:30:00,laliga,Getafe,Athletic Club,0,2,0.73382,1.33336,5.3,4.1,,
2024,27342,2025-05-18 17:00:00,laliga,Atletico Madrid,Real Betis,4,1,4.94276,0.821908,3.0,3.0,,
2024,27343,2025-05-18 17:00:00,laliga,Barcelona,Villarreal,2,3,1.569,1.96183,2.9,4.0,,
2024,27344,2025-05-18 17:00:00,laliga,Celta Vigo,Rayo Vallecano,1,2,2.4242,0.906857,5.0,3.0,,
2024,27345,2025-05-18 17:00:00,laliga,Valencia,Athletic Club,0,1,0.388682,1.16214,4.0,2.9,,
2024,27346,2025-05-18 17:00:00,laliga,Mallorca,Getafe,1,2,0.809089,1.55977,3.9,2.9,,
2024,27347,2025-05-18 17:00:00,laliga,Real Sociedad,Girona,3,2,1.87253,1.64512,5.0,5.0,,
2024,27348,2025-05-18 17:00:00,laliga,Sevilla,Real Madrid,0,2,0.484891,1.95992,4.9,3.9,,
2024,27349,2025-05-18 17:00:00,laliga,Real Valladolid,Alaves,0,1,0.890453,1.22692,5.0,4.0,,
2024,27350,2025-05-18 17:00:00,laliga,Las Palmas,Leganes,0,1,0.513718,1.06274,4.9,4.0,,
2024,27351,2025-05-18 17:00:00,laliga,Osasuna,Espanyol,2,0,1.92502,0.572332,3.0,2.9,,
2024,27354,2025-05-23 19:00:00,laliga,Real Betis,Valencia,1,1,1.15286,0.647724,5.1,5.1,,
2024,27355,2025-05-24 14:15:00,laliga,Real Madrid,Real Sociedad,2,0,2.61915,1.18496,5.9,5.9,,
2024,27352,2025-05-24 16:30:00,laliga,Espanyol,Las Palmas,2,0,1.72167,0.735505,6.0,6.0,,
2024,27357,2025-05-24 16:30:00,laliga,Leganes,Real Valladolid,3,0,1.74736,0.479375,6.0,6.0,,
2024,27356,2025-05-24 19:00:00,laliga,Alaves,Osasuna,1,1,1.57466,1.88098,6.1,6.1,,
2024,27359,2025-05-24 19:00:00,laliga,Getafe,Celta Vigo,1,2,0.35897,1.30818,6.1,6.1,,
2024,27360,2025-05-24 19:00:00,laliga,Rayo Vallecano,Mallorca,0,0,2.11982,0.747939,6.1,6.1,,
2024,27358,2025-05-25 12:00:00,laliga,Girona,Atletico Madrid,0,4,0.0503369,3.10637,6.8,6.8,,
2024,27361,2025-05-25 14:15:00,laliga,Villarreal,Sevilla,4,2,1.28805,1.64829,6.9,6.9,,
2024,27353,2025-05-25 19:00:00,laliga,Athletic Club,Barcelona,0,3,0.750806,3.36402,7.1,7.1,,
2025,29158,2025-08-15 17:00:00,laliga,Girona,Rayo Vallecano,1,3,0.795304,3.25355,60.0,60.0,,
2025,29159,2025-08-15 19:30:00,laliga,Villarreal,Real Oviedo,2,0,2.60739,0.85578,60.0,14.0,,
2025,29160,2025-08-16 17:30:00,laliga,Mallorca,Barcelona,0,3,0.529217,2.0243,60.0,60.0,,
2025,29161,2025-08-16 19:30:00,laliga,Alaves,Levante,2,1,1.72315,0.74203,60.0,60.0,,
2025,29162,2025-08-16 19:30:00,laliga,Valencia,Real Sociedad,1,1,1.58599,1.04897,60.0,60.0,,
2025,29163,2025-08-17 15:00:00,laliga,Celta Vigo,Getafe,0,2,0.744247,1.50131,60.0,60.0,,
2025,29164,2025-08-17 17:30:00,laliga,Athletic Club,Sevilla,3,2,2.67586,0.901645,60.0,60.0,,
2025,29165,2025-08-17 19:30:00,laliga,Espanyol,Atletico Madrid,2,1,1.41508,1.29319,60.0,60.0,,
2025,29166,2025-08-18 19:00:00,laliga,Elche,Real Betis,1,1,0.981494,1.59562,60.0,60.0,,
2025,29167,2025-08-19 19:00:00,laliga,Real Madrid,Osasuna,1,0,1.4294,0.201044,60.0,60.0,,
2025,29168,2025-08-22 19:30:00,laliga,Real Betis,Alaves,1,0,2.13985,1.43838,4.0,6.0,,
2025,29169,2025-08-23 15:00:00,laliga,Mallorca,Celta Vigo,1,1,0.664974,0.917413,6.9,6.0,,
2025,29170,2025-08-23 17:30:00,laliga,Atletico Madrid,Elche,1,1,1.68159,0.313268,5.9,4.9,,
2025,29171,2025-08-23 19:30:00,laliga,Levante,Barcelona,2,3,2.68812,2.48128,7.0,7.1,,
2025,29172,2025-08-24 15:00:00,laliga,Osasuna,Valencia,1,0,0.946758,0.589594,4.8,7.8,,
2025,29173,2025-08-24 17:30:00,laliga,Villarreal,Girona,5,0,2.97707,0.140267,8.9,9.0,,
2025,29174,2025-08-24 17:30:00,laliga,Real Sociedad,Espanyol,2,2,1.43366,1.87234,7.9,6.9,,
2025,29175,2025-08-24 19:30:00,laliga,Real Oviedo,Real Madrid,0,3,0.33749,1.82072,9.0,5.0,,
2025,29176,2025-08-25 17:30:00,laliga,Athletic Club,Rayo Vallecano,1,0,1.68759,0.493587,8.0,10.0,,
2025,29177,2025-08-25 19:30:00,laliga,Sevilla,Getafe,1,2,0.833075,1.32944,8.1,8.2,,
2025,29178,2025-08-27 19:00:00,laliga,Celta Vigo,Real Betis,1,1,0.905201,0.714458,4.2,5.0,,
2025,29179,2025-08-29 17:30:00,laliga,Elche,Levante,2,0,1.44309,0.969663,6.0,5.9,,
2025,29180,2025-08-29 19:30:00,laliga,Valencia,Getafe,3,0,1.54336,0.757418,5.2,4.0,,
2025,29181,2025-08-30 15:00:00,laliga,Alaves,Atletico Madrid,1,1,0.855094,0.960547,7.8,6.9,,
2025,29182,2025-08-30 17:00:00,laliga,Real Oviedo,Real Sociedad,1,0,0.45706,0.92221,5.9,6.0,,
2025,29183,2025-08-30 17:30:00,laliga,Girona,Sevilla,0,2,2.00908,1.62032,6.0,4.9,,
2025,29184,2025-08-30 19:30:00,laliga,Real Madrid,Mallorca,2,1,1.84116,0.549872,6.0,7.2,,
2025,29185,2025-08-31 15:00:00,laliga,Celta Vigo,Villarreal,1,1,0.876041,0.96978,3.8,6.9,,
2025,29186,2025-08-31 17:00:00,laliga,Real Betis,Athletic Club,1,2,0.716186,1.11141,3.9,6.0,,
2025,29187,2025-08-31 17:30:00,laliga,Espanyol,Osasuna,1,0,1.36886,1.38167,7.0,7.1,,
2025,29188,2025-08-31 19:30:00,laliga,Rayo Vallecano,Barcelona,1,1,1.87124,2.35774,6.1,8.0,,
2025,29189,2025-09-12 19:00:00,laliga,Sevilla,Elche,2,2,0.346397,0.781151,13.1,14.1,,
2025,29190,2025-09-13 12:00:00,laliga,Getafe,Real Oviedo,2,0,0.954087,0.369812,14.7,13.8,,
2025,29195,2025-09-13 14:15:00,laliga,Real Sociedad,Real Madrid,1,2,3.14772,2.54171,13.9,13.8,,
2025,29196,2025-09-13 16:30:00,laliga,Athletic Club,Alaves,0,1,0.866662,0.090756,13.0,14.1,,
2025,29193,2025-09-13 19:00:00,laliga,Atletico Madrid,Villarreal,2,0,1.5106,0.668177,14.2,13.2,,
2025,29192,2025-09-14 12:00:00,laliga,Celta Vigo,Girona,1,1,1.80278,1.41213,13.9,14.8,,
2025,29191,2025-09-14 14:15:00,laliga,Levante,Real Betis,2,2,1.02425,2.19546,15.9,13.9,,
2025,29197,2025-09-14 16:30:00,laliga,Osasuna,Rayo Vallecano,2,0,1.4012,0.979149,14.0,13.9,,
2025,29194,2025-09-14 19:00:00,laliga,Barcelona,Valencia,6,0,3.46022,0.12495,14.0,16.0,,
2025,29198,2025-09-15 19:00:00,laliga,Espanyol,Mallorca,3,2,2.67405,2.03185,15.1,16.0,,
2025,29200,2025-09-19 19:00:00,laliga,Real Betis,Real Sociedad,3,1,2.53579,0.606673,5.2,6.2,,
2025,29202,2025-09-20 12:00:00,laliga,Girona,Levante,0,4,0.423855,4.50183,6.0,5.9,,
2025,29206,2025-09-20 14:15:00,laliga,Real Madrid,Espanyol,2,0,2.06136,0.969443,7.0,4.8,,
2025,29207,2025-09-20 16:30:00,laliga,Villarreal,Osasuna,2,1,3.56395,1.95599,6.9,6.0,,
2025,29208,2025-09-20 16:30:00,laliga,Alaves,Sevilla,1,2,0.910257,0.891992,7.0,7.9,,
2025,29203,2025-09-20 19:00:00,laliga,Valencia,Athletic Club,2,0,2.01007,0.499198,6.0,7.1,,
2025,29205,2025-09-21 12:00:00,laliga,Rayo Vallecano,Celta Vigo,1,1,1.3145,1.28175,6.8,7.0,,
2025,29204,2025-09-21 14:15:00,laliga,Mallorca,Atletico Madrid,1,1,0.530939,2.08772,5.8,7.8,,
2025,29201,2025-09-21 16:30:00,laliga,Elche,Real Oviedo,1,0,1.57497,1.10565,8.9,8.2,,
2025,29199,2025-09-21 19:00:00,laliga,Barcelona,Getafe,3,0,2.96429,0.215949,7.0,8.3,,
2025,29209,2025-09-23 17:00:00,laliga,Espanyol,Valencia,2,2,3.31313,1.00785,3.1,2.9,,
2025,29217,2025-09-23 17:00:00,laliga,Athletic Club,Girona,1,1,2.02629,0.856618,2.9,3.2,,
2025,29210,2025-09-23 19:30:00,laliga,Levante,Real Madrid,1,4,1.70121,4.06315,3.3,3.2,,
2025,29211,2025-09-23 19:30:00,laliga,Sevilla,Villarreal,1,2,0.83617,2.40523,3.1,3.1,,
2025,29212,2025-09-24 17:00:00,laliga,Getafe,Alaves,1,1,0.576203,1.21176,2.9,4.0,,
2025,29215,2025-09-24 19:30:00,laliga,Real Sociedad,Mallorca,1,0,2.82857,0.641137,5.0,3.2,,
2025,29216,2025-09-24 19:30:00,laliga,Atletico Madrid,Rayo Vallecano,3,2,4.95017,1.61988,3.2,3.3,,
2025,29214,2025-09-25 17:30:00,laliga,Osasuna,Elche,1,1,1.17524,1.05089,5.0,4.0,,
2025,29213,2025-09-25 19:30:00,laliga,Real Oviedo,Barcelona,1,3,1.45014,2.07001,4.1,4.0,,
2025,29227,2025-09-26 19:00:00,laliga,Girona,Espanyol,0,0,1.07661,0.949116,3.1,3.1,,
2025,29222,2025-09-27 12:00:00,laliga,Getafe,Levante,1,1,0.830967,1.27833,2.8,3.7,,
2025,29219,2025-09-27 14:15:00,laliga,Atletico Madrid,Real Madrid,5,2,2.79075,1.02797,2.8,3.8,,
2025,29224,2025-09-27 16:30:00,laliga,Mallorca,Alaves,1,0,1.04267,0.566415,2.9,3.0,,
2025,29225,2025-09-27 19:00:00,laliga,Villarreal,Athletic Club,1,0,1.86396,1.56287,4.0,4.1,,
2025,29223,2025-09-28 12:00:00,laliga,Rayo Vallecano,Sevilla,0,1,1.89093,0.579597,3.7,4.7,,
2025,29226,2025-09-28 14:15:00,laliga,Elche,Celta Vigo,2,1,4.03596,0.821768,2.9,7.1,,
2025,29220,2025-09-28 16:30:00,laliga,Barcelona,Real Sociedad,2,1,3.00954,0.957079,2.9,3.9,,
2025,29221,2025-09-28 19:00:00,laliga,Real Betis,Osasuna,2,0,1.18955,0.578485,9.0,3.1,,
2025,29218,2025-09-29 19:00:00,laliga,Valencia,Real Oviedo,1,2,1.72261,0.997143,6.1,4.0,,
2025,29235,2025-10-03 19:00:00,laliga,Osasuna,Getafe,2,1,0.692026,0.856515,5.0,6.3,,
2025,29236,2025-10-04 12:00:00,laliga,Real Oviedo,Levante,0,2,1.08551,1.62121,4.7,7.0,,
2025,29230,2025-10-04 14:15:00,laliga,Girona,Valencia,2,1,1.16415,2.22808,7.8,4.8,,
2025,29229,2025-10-04 16:30:00,laliga,Athletic Club,Mallorca,2,1,1.73351,0.213773,6.9,7.0,,
2025,29231,2025-10-04 19:00:00,laliga,Real Madrid,Villarreal,3,1,4.32336,0.956644,7.2,7.0,,
2025,29228,2025-10-05 12:00:00,laliga,Alaves,Elche,3,1,2.85063,0.661537,7.8,6.9,,
2025,29233,2025-10-05 14:15:00,laliga,Sevilla,Barcelona,4,1,2.89414,2.4823,7.1,6.9,,
2025,29234,2025-10-05 16:30:00,laliga,Espanyol,Real Betis,1,2,2.0699,1.43721,8.9,6.9,,
2025,29237,2025-10-05 16:30:00,laliga,Real Sociedad,Rayo Vallecano,0,1,0.768998,0.684504,7.0,7.2,,
2025,29232,2025-10-05 19:00:00,laliga,Celta Vigo,Atletico Madrid,1,1,2.27285,0.710823,7.2,8.2,,
2025,29246,2025-10-17 19:00:00,laliga,Real Oviedo,Espanyol,0,2,1.21155,4.46256,13.3,12.1,,
2025,29247,2025-10-18 12:00:00,laliga,Sevilla,Mallorca,1,3,1.25884,1.95555,12.9,13.8,,
2025,29240,2025-10-18 14:15:00,laliga,Barcelona,Girona,2,1,2.41958,1.69375,13.0,14.0,,
2025,29245,2025-10-18 16:30:00,laliga,Villarreal,Real Betis,2,2,0.980598,0.895532,13.9,13.0,,
2025,29239,2025-10-18 19:00:00,laliga,Atletico Madrid,Osasuna,1,0,2.24415,0.981492,13.0,15.0,,
2025,29244,2025-10-19 12:00:00,laliga,Elche,Athletic Club,0,0,0.823916,0.240214,14.0,14.8,,
2025,29241,2025-10-19 14:15:00,laliga,Celta Vigo,Real Sociedad,1,1,0.717367,2.13562,13.8,13.9,,
2025,29243,2025-10-19 16:30:00,laliga,Levante,Rayo Vallecano,0,3,0.940509,2.53118,15.2,14.0,,
2025,29242,2025-10-19 19:00:00,laliga,Getafe,Real Madrid,0,1,0.530119,2.14595,16.0,15.0,,
2025,29238,2025-10-20 19:00:00,laliga,Alaves,Valencia,0,0,1.05624,0.318076,15.3,16.2,,
2025,29250,2025-10-24 19:00:00,laliga,Real Sociedad,Sevilla,2,1,1.64382,0.247146,5.2,6.3,,
2025,29249,2025-10-25 12:00:00,laliga,Girona,Real Oviedo,3,3,2.24132,2.22406,6.9,7.7,,
2025,29256,2025-10-25 14:15:00,laliga,Espanyol,Elche,1,0,1.70342,1.11414,7.8,6.1,,
2025,29248,2025-10-25 16:30:00,laliga,Athletic Club,Getafe,0,1,0.358524,1.00378,6.2,5.9,,
2025,29251,2025-10-25 19:00:00,laliga,Valencia,Villarreal,0,2,0.641435,2.62387,5.0,7.1,,
2025,29257,2025-10-26 13:00:00,laliga,Mallorca,Levante,1,1,1.86979,2.3579,8.0,6.9,,
2025,29254,2025-10-26 15:15:00,laliga,Real Madrid,Barcelona,2,1,3.41322,1.12434,6.8,8.0,,
2025,29255,2025-10-26 17:30:00,laliga,Osasuna,Celta Vigo,2,3,2.318,1.54054,7.9,7.1,,
2025,29252,2025-10-26 20:00:00,laliga,Rayo Vallecano,Alaves,1,0,1.54971,1.41466,7.1,6.0,,
2025,29253,2025-10-27 20:00:00,laliga,Real Betis,Atletico Madrid,0,2,1.33792,0.876554,9.1,9.0,,
2025,29262,2025-10-31 20:00:00,laliga,Getafe,Girona,2,1,1.40213,1.54366,6.1,6.3,,
2025,29267,2025-11-01 13:00:00,laliga,Villarreal,Rayo Vallecano,4,0,2.7136,1.08632,6.8,5.7,,
2025,29259,2025-11-01 15:15:00,laliga,Atletico Madrid,Sevilla,3,0,2.98632,0.376887,4.8,7.8,,
2025,29264,2025-11-01 17:30:00,laliga,Real Sociedad,Athletic Club,3,2,1.8412,1.13112,7.9,7.0,,
2025,29263,2025-11-01 20:00:00,laliga,Real Madrid,Valencia,4,0,2.89965,0.292177,6.2,7.0,,
2025,29265,2025-11-02 13:00:00,laliga,Levante,Celta Vigo,1,2,1.23651,1.92474,7.0,6.8,,
2025,29258,2025-11-02 15:15:00,laliga,Alaves,Espanyol,2,1,2.18038,1.04283,6.8,8.0,,
2025,29260,2025-11-02 17:30:00,laliga,Barcelona,Elche,3,1,2.8073,0.549079,7.1,8.1,,
2025,29261,2025-11-02 20:00:00,laliga,Real Betis,Mallorca,3,0,2.82134,0.749852,6.0,7.3,,
2025,29266,2025-11-03 20:00:00,laliga,Real Oviedo,Osasuna,0,0,0.717473,0.626317,9.3,8.1,,
2025,29270,2025-11-07 20:00:00,laliga,Elche,Real Sociedad,1,1,0.808307,1.47221,5.1,6.1,,
2025,29273,2025-11-08 13:00:00,laliga,Girona,Alaves,1,0,1.26365,2.00772,7.7,5.9,,
2025,29277,2025-11-08 15:15:00,laliga,Sevilla,Osasuna,1,0,1.22271,0.967352,7.0,4.8,,
2025,29269,2025-11-08 17:30:00,laliga,Atletico Madrid,Levante,3,1,3.03599,1.29112,7.1,6.2,,
2025,29271,2025-11-08 20:00:00,laliga,Espanyol,Villarreal,0,2,0.476157,1.47118,6.2,7.3,,
2025,29268,2025-11-09 13:00:00,laliga,Athletic Club,Real Oviedo,1,0,2.65219,0.182696,7.8,5.7,,
2025,29272,2025-11-09 15:15:00,laliga,Rayo Vallecano,Real Madrid,0,0,1.60641,0.841463,8.1,7.8,,
2025,29275,2025-11-09 17:30:00,laliga,Valencia,Real Betis,1,1,1.95148,1.58932,7.9,6.9,,
2025,29276,2025-11-09 17:30:00,laliga,Mallorca,Getafe,1,0,1.30353,0.539674,6.9,8.9,,
2025,29274,2025-11-09 20:00:00,laliga,Celta Vigo,Barcelona,2,4,0.512253,3.42936,7.3,7.1,,
2025,29286,2025-11-21 20:00:00,laliga,Valencia,Levante,1,0,1.65038,0.67426,12.1,13.1,,
2025,29278,2025-11-22 13:00:00,laliga,Alaves,Celta Vigo,0,1,0.3056,1.32351,14.0,12.7,,
2025,29284,2025-11-22 15:15:00,laliga,Barcelona,Athletic Club,4,0,2.32922,1.04615,12.8,13.1,,
2025,29282,2025-11-22 17:30:00,laliga,Osasuna,Real Sociedad,1,3,1.27964,1.76546,14.1,14.9,,
2025,29287,2025-11-22 20:00:00,laliga,Villarreal,Mallorca,2,1,2.6371,1.38464,14.0,13.1,,
2025,29283,2025-11-23 13:00:00,laliga,Real Oviedo,Rayo Vallecano,0,0,0.499406,0.922998,14.0,13.9,,
2025,29279,2025-11-23 15:15:00,laliga,Real Betis,Girona,1,1,1.5784,1.48903,13.9,15.1,,
2025,29285,2025-11-23 17:30:00,laliga,Getafe,Atletico Madrid,0,1,0.578828,1.47677,14.0,15.0,,
2025,29280,2025-11-23 20:00:00,laliga,Elche,Real Madrid,2,2,1.59518,3.88258,16.0,14.2,,
2025,29281,2025-11-24 20:00:00,laliga,Espanyol,Sevilla,2,1,1.16625,1.80002,16.0,16.2,,
2025,29297,2025-11-28 20:00:00,laliga,Getafe,Elche,1,0,1.34046,0.448894,5.1,5.0,,
2025,29291,2025-11-29 13:00:00,laliga,Mallorca,Osasuna,2,2,1.10581,1.11108,6.7,6.8,,
2025,29294,2025-11-29 15:15:00,laliga,Barcelona,Alaves,3,1,2.51096,2.09256,7.0,7.1,,
2025,29295,2025-11-29 17:30:00,laliga,Levante,Athletic Club,0,2,1.20253,2.80864,7.9,7.1,,
2025,29288,2025-11-29 20:00:00,laliga,Atletico Madrid,Real Oviedo,2,0,2.40693,0.921985,6.1,6.3,,
2025,29293,2025-11-30 13:00:00,laliga,Real Sociedad,Villarreal,2,3,1.3715,1.63038,7.8,7.7,,
2025,29296,2025-11-30 15:15:00,laliga,Sevilla,Real Betis,0,2,0.735196,1.17861,5.8,7.0,,
2025,29289,2025-11-30 17:30:00,laliga,Celta Vigo,Espanyol,0,1,0.635572,0.599243,8.2,5.9,,
2025,29290,2025-11-30 20:00:00,laliga,Girona,Real Madrid,1,1,1.05171,2.21359,7.2,7.0,,
2025,29292,2025-12-01 20:00:00,laliga,Rayo Vallecano,Valencia,1,1,2.13298,0.897663,8.3,10.0,,
2025,29342,2025-12-02 20:00:00,laliga,Barcelona,Atletico Madrid,3,1,3.46121,1.35018,3.2,3.0,,
2025,29338,2025-12-03 18:00:00,laliga,Athletic Club,Real Madrid,0,3,0.917315,2.36743,4.0,2.9,,
2025,29306,2025-12-05 20:00:00,laliga,Real Oviedo,Mallorca,0,0,1.60009,0.617185,6.0,6.3,,
2025,29304,2025-12-06 13:00:00,laliga,Villarreal,Getafe,2,0,0.816941,0.282254,6.0,7.7,,
2025,29298,2025-12-06 15:15:00,laliga,Alaves,Real Sociedad,1,0,1.88765,1.09935,7.0,6.1,,
2025,29302,2025-12-06 17:30:00,laliga,Real Betis,Barcelona,3,5,2.74214,3.30288,6.1,3.9,,
2025,29299,2025-12-06 20:00:00,laliga,Athletic Club,Atletico Madrid,1,0,1.18636,0.771885,3.1,4.0,,
2025,29300,2025-12-07 13:00:00,laliga,Elche,Girona,3,0,1.59513,0.781043,8.7,6.7,,
2025,29307,2025-12-07 15:15:00,laliga,Valencia,Sevilla,1,1,1.23901,0.635478,5.8,7.0,,
2025,29301,2025-12-07 17:30:00,laliga,Espanyol,Rayo Vallecano,1,0,1.57985,0.285545,7.0,5.9,,
2025,29303,2025-12-07 20:00:00,laliga,Real Madrid,Celta Vigo,0,2,2.41681,1.60908,4.1,7.1,,
2025,29305,2025-12-08 20:00:00,laliga,Osasuna,Levante,2,0,1.74988,0.544977,9.3,9.1,,
2025,29316,2025-12-12 20:00:00,laliga,Real Sociedad,Girona,1,2,1.02349,1.16894,6.2,5.3,,
2025,29309,2025-12-13 13:00:00,laliga,Atletico Madrid,Valencia,2,1,2.07076,1.26068,6.7,5.9,,
2025,29314,2025-12-13 15:15:00,laliga,Mallorca,Elche,3,1,2.581,0.311674,7.8,6.1,,
2025,29310,2025-12-13 17:30:00,laliga,Barcelona,Osasuna,2,0,2.14468,0.228217,7.0,4.9,,
2025,29315,2025-12-13 20:00:00,laliga,Getafe,Espanyol,0,1,0.305925,0.75472,7.3,6.1,,
2025,29317,2025-12-14 13:00:00,laliga,Sevilla,Real Oviedo,4,0,2.31899,0.416975,6.9,8.7,,
2025,29312,2025-12-14 15:15:00,laliga,Celta Vigo,Athletic Club,2,0,1.97074,1.66561,6.8,7.8,,
2025,29308,2025-12-14 20:00:00,laliga,Alaves,Real Madrid,1,2,1.313,1.90656,8.2,7.0,,
2025,29313,2025-12-15 20:00:00,laliga,Rayo Vallecano,Real Betis,0,0,2.1848,0.788766,8.1,9.1,,
2025,29327,2025-12-19 20:00:00,laliga,Valencia,Mallorca,1,1,2.16012,0.199412,6.3,6.2,,
2025,29326,2025-12-20 13:00:00,laliga,Real Oviedo,Celta Vigo,0,0,0.517531,0.600009,6.0,5.9,,
2025,29321,2025-12-20 15:15:00,laliga,Levante,Real Sociedad,1,1,1.22005,1.62986,11.8,7.8,,
2025,29323,2025-12-20 17:30:00,laliga,Osasuna,Alaves,3,0,2.39145,0.718671,7.0,5.9,,
2025,29322,2025-12-20 20:00:00,laliga,Real Madrid,Sevilla,2,0,4.00139,1.51418,6.0,6.3,,
2025,29324,2025-12-21 13:00:00,laliga,Girona,Atletico Madrid,0,3,1.11565,1.26201,8.7,8.0,,
2025,29325,2025-12-21 15:15:00,laliga,Villarreal,Barcelona,0,2,2.16466,3.27381,15.1,7.9,,
2025,29320,2025-12-21 17:30:00,laliga,Elche,Rayo Vallecano,4,0,3.66996,1.14923,8.1,5.9,,
2025,29319,2025-12-21 20:00:00,laliga,Real Betis,Getafe,4,0,3.46022,1.24726,6.0,8.0,,
2025,29318,2025-12-22 20:00:00,laliga,Athletic Club,Espanyol,1,2,1.72282,0.908988,8.2,9.0,,
2025,29335,2026-01-02 20:00:00,laliga,Rayo Vallecano,Getafe,1,1,0.662324,0.663898,12.1,12.0,,
2025,29329,2026-01-03 13:00:00,laliga,Celta Vigo,Valencia,4,1,2.59029,1.79296,14.0,14.7,,
2025,29331,2026-01-03 15:15:00,laliga,Osasuna,Athletic Club,1,1,0.868051,1.554,13.9,11.8,,
2025,29330,2026-01-03 17:30:00,laliga,Elche,Villarreal,1,3,1.52119,2.635,13.0,13.1,,
2025,29333,2026-01-03 20:00:00,laliga,Espanyol,Barcelona,0,2,1.79661,2.94252,12.0,13.2,,
2025,29337,2026-01-04 13:00:00,laliga,Sevilla,Levante,0,3,1.66562,1.65102,14.7,14.9,,
2025,29334,2026-01-04 15:15:00,laliga,Real Madrid,Real Betis,5,1,3.0073,0.974623,14.8,13.8,,
2025,29328,2026-01-04 17:30:00,laliga,Alaves,Real Oviedo,1,1,1.56756,3.21906,15.0,15.2,,
2025,29336,2026-01-04 17:30:00,laliga,Mallorca,Girona,1,2,1.48338,1.45714,15.9,14.2,,
2025,29332,2026-01-04 20:00:00,laliga,Real Sociedad,Atletico Madrid,1,1,1.70649,1.37325,15.2,14.3,,
2025,29339,2026-01-09 20:00:00,laliga,Getafe,Real Sociedad,1,2,0.240168,1.25801,7.0,5.0,,
2025,29343,2026-01-10 13:00:00,laliga,Real Oviedo,Real Betis,1,1,1.01026,2.70809,5.8,5.9,,
2025,29341,2026-01-10 15:15:00,laliga,Villarreal,Alaves,3,1,1.38322,0.844572,6.9,5.9,,
2025,29340,2026-01-10 17:30:00,laliga,Girona,Osasuna,1,0,0.984024,1.22674,6.0,7.1,,
2025,29345,2026-01-10 20:00:00,laliga,Valencia,Elche,1,1,2.04147,0.244413,7.3,7.1,,
2025,29347,2026-01-11 13:00:00,laliga,Rayo Vallecano,Mallorca,2,1,2.05105,1.05743,8.7,6.8,,
2025,29346,2026-01-11 15:15:00,laliga,Levante,Espanyol,1,1,1.18232,1.58922,7.1,7.8,,
2025,29344,2026-01-12 20:00:00,laliga,Sevilla,Celta Vigo,0,1,0.262521,2.07629,8.3,9.3,,
2025,29355,2026-01-16 20:00:00,laliga,Espanyol,Girona,0,2,1.26738,1.82377,5.2,6.1,,
2025,29351,2026-01-17 13:00:00,laliga,Real Madrid,Levante,2,0,2.54865,0.787501,12.9,5.9,,
2025,29349,2026-01-17 15:15:00,laliga,Mallorca,Athletic Club,3,2,3.11432,2.28242,6.1,14.0,,
2025,29357,2026-01-17 17:30:00,laliga,Osasuna,Real Oviedo,3,2,2.03551,1.36173,7.0,7.2,,
2025,29352,2026-01-17 20:00:00,laliga,Real Betis,Villarreal,2,0,1.34951,1.17907,7.3,7.2,,
2025,29356,2026-01-18 13:00:00,laliga,Getafe,Valencia,0,1,0.584591,0.746856,8.7,7.7,,
2025,29348,2026-01-18 15:15:00,laliga,Atletico Madrid,Alaves,1,0,1.7743,1.21004,13.8,8.0,,
2025,29353,2026-01-18 17:30:00,laliga,Celta Vigo,Rayo Vallecano,3,0,1.90274,1.31932,5.9,7.2,,
2025,29350,2026-01-18 20:00:00,laliga,Real Sociedad,Barcelona,2,1,1.55875,3.92031,9.0,15.0,,
2025,29354,2026-01-19 20:00:00,laliga,Elche,Sevilla,2,2,1.48075,2.4961,9.0,7.0,,
2025,29363,2026-01-23 20:00:00,laliga,Levante,Elche,3,2,3.24455,0.632971,6.3,4.0,,
2025,29366,2026-01-24 13:00:00,laliga,Rayo Vallecano,Osasuna,1,3,0.669564,1.36861,5.8,6.8,,
2025,29364,2026-01-24 15:15:00,laliga,Valencia,Espanyol,3,2,2.76956,1.75941,6.1,7.8,,
2025,29358,2026-01-24 17:30:00,laliga,Sevilla,Athletic Club,2,1,1.43055,1.91259,4.9,7.1,,
2025,29367,2026-01-24 20:00:00,laliga,Villarreal,Real Madrid,0,2,0.952831,1.62206,7.0,7.3,,
2025,29360,2026-01-25 13:00:00,laliga,Atletico Madrid,Mallorca,3,0,1.42501,0.367893,6.9,7.9,,
2025,29361,2026-01-25 15:15:00,laliga,Barcelona,Real Oviedo,3,0,2.59917,0.486404,6.8,7.9,,
2025,29362,2026-01-25 17:30:00,laliga,Real Sociedad,Celta Vigo,3,1,2.15496,1.63115,6.9,7.0,,
2025,29359,2026-01-25 20:00:00,laliga,Alaves,Real Betis,2,1,1.67102,1.78662,7.2,8.0,,
2025,29365,2026-01-26 20:00:00,laliga,Girona,Getafe,1,1,1.01571,1.1089,10.0,8.3,,
2025,29371,2026-01-30 20:00:00,laliga,Espanyol,Alaves,1,2,1.20096,1.32248,6.2,5.0,,
2025,29375,2026-01-31 13:00:00,laliga,Real Oviedo,Girona,1,0,1.26601,0.664225,5.9,4.7,,
2025,29370,2026-01-31 15:15:00,laliga,Osasuna,Villarreal,2,2,2.13467,0.911128,7.1,6.8,,
2025,29372,2026-01-31 17:30:00,laliga,Levante,Atletico Madrid,0,0,0.41109,0.615283,7.9,6.2,,
2025,29373,2026-01-31 20:00:00,laliga,Elche,Barcelona,1,3,0.839,7.11049,8.0,6.2,,
2025,29377,2026-02-01 13:00:00,laliga,Real Madrid,Rayo Vallecano,2,1,2.30208,1.06935,7.7,8.0,,
2025,29368,2026-02-01 15:15:00,laliga,Real Betis,Valencia,2,1,2.16883,1.88674,6.8,8.0,,
2025,29374,2026-02-01 17:30:00,laliga,Getafe,Celta Vigo,0,0,0.499866,0.256881,5.9,7.0,,
2025,29376,2026-02-01 20:00:00,laliga,Athletic Club,Real Sociedad,1,1,0.893754,1.58578,8.1,7.1,,
2025,29369,2026-02-02 20:00:00,laliga,Mallorca,Sevilla,4,1,3.04346,1.24318,8.3,9.1,,
2025,29382,2026-02-06 20:00:00,laliga,Celta Vigo,Osasuna,1,2,2.0351,1.00253,5.1,6.2,,
2025,29381,2026-02-07 15:15:00,laliga,Barcelona,Mallorca,3,0,2.48168,1.01087,6.8,4.8,,
2025,29383,2026-02-07 20:00:00,laliga,Real Sociedad,Elche,3,1,1.7719,1.08664,6.0,7.0,,
2025,29378,2026-02-08 13:00:00,laliga,Alaves,Getafe,0,2,3.01162,1.7859,8.7,6.8,,
2025,29379,2026-02-08 15:15:00,laliga,Athletic Club,Levante,4,2,2.77377,0.615311,6.8,7.9,,
2025,29386,2026-02-08 15:15:00,laliga,Sevilla,Girona,1,1,0.958247,2.60199,5.8,8.1,,
2025,29380,2026-02-08 17:30:00,laliga,Atletico Madrid,Real Betis,0,1,0.625525,0.839838,8.0,7.1,,
2025,29387,2026-02-08 20:00:00,laliga,Valencia,Real Madrid,0,2,0.571838,1.04576,7.2,7.3,,
2025,29384,2026-02-09 20:00:00,laliga,Villarreal,Espanyol,4,1,1.53925,0.744747,9.2,10.0,,
2025,29388,2026-02-13 20:00:00,laliga,Elche,Osasuna,0,0,2.33332,0.81264,6.0,7.0,,
2025,29397,2026-02-14 13:00:00,laliga,Espanyol,Celta Vigo,2,2,1.16112,2.81494,4.7,7.7,,
2025,29389,2026-02-14 15:15:00,laliga,Getafe,Villarreal,2,1,1.61761,0.969388,6.1,4.8,,
2025,29392,2026-02-14 17:30:00,laliga,Sevilla,Alaves,1,1,0.354256,1.38983,6.1,6.2,,
2025,29391,2026-02-14 20:00:00,laliga,Real Madrid,Real Sociedad,4,1,3.05918,1.66018,6.0,7.0,,
2025,29393,2026-02-15 13:00:00,laliga,Real Oviedo,Athletic Club,1,2,0.861013,1.20566,15.0,6.9,,
2025,29394,2026-02-15 15:15:00,laliga,Rayo Vallecano,Atletico Madrid,3,0,2.75329,0.752854,14.1,6.9,,
2025,29390,2026-02-15 17:30:00,laliga,Levante,Valencia,0,2,1.45737,0.743814,7.1,6.9,,
2025,29396,2026-02-15 20:00:00,laliga,Mallorca,Real Betis,1,2,0.731317,2.04841,8.2,7.1,,
2025,29395,2026-02-16 20:00:00,laliga,Girona,Barcelona,2,1,2.8897,2.69655,8.2,9.2,,
2025,29311,2026-02-18 19:00:00,laliga,Levante,Villarreal,0,1,0.774339,2.40024,3.1,4.2,,
2025,29399,2026-02-20 20:00:00,laliga,Athletic Club,Elche,2,1,3.38352,0.783583,5.3,7.0,,
2025,29407,2026-02-21 13:00:00,laliga,Real Sociedad,Real Oviedo,3,3,2.77486,1.75088,6.7,6.0,,
2025,29402,2026-02-21 15:15:00,laliga,Real Betis,Rayo Vallecano,1,1,2.13548,1.30345,5.8,6.0,,
2025,29405,2026-02-21 17:30:00,laliga,Osasuna,Real Madrid,2,1,2.31248,2.02307,7.9,6.9,,
2025,29400,2026-02-21 20:00:00,laliga,Atletico Madrid,Espanyol,4,2,3.28587,1.04114,6.2,7.3,,
2025,29404,2026-02-22 13:00:00,laliga,Getafe,Sevilla,0,1,0.250539,0.283172,7.9,7.8,,
2025,29401,2026-02-22 15:15:00,laliga,Barcelona,Levante,3,0,4.24402,0.602552,5.8,3.8,,
2025,29403,2026-02-22 17:30:00,laliga,Celta Vigo,Mallorca,2,0,2.93904,0.0207331,8.2,6.9,,
2025,29406,2026-02-22 20:00:00,laliga,Villarreal,Valencia,2,1,2.38144,1.91256,4.0,7.1,,
2025,29398,2026-02-23 20:00:00,laliga,Alaves,Girona,2,2,2.1366,2.05717,9.1,7.0,,
2025,29412,2026-02-27 20:00:00,laliga,Levante,Alaves,2,0,2.77253,1.29855,5.2,4.0,,
2025,29413,2026-02-28 13:00:00,laliga,Rayo Vallecano,Athletic Club,1,1,1.35951,0.428457,6.9,7.7,,
2025,29408,2026-02-28 15:15:00,laliga,Barcelona,Villarreal,4,1,3.54743,1.36182,6.0,5.8,,
2025,29411,2026-02-28 17:30:00,laliga,Mallorca,Real Sociedad,0,1,0.754182,0.929702,6.0,7.2,,
2025,29414,2026-02-28 20:00:00,laliga,Real Oviedo,Atletico Madrid,0,1,1.50089,0.853142,7.3,7.0,,
2025,29410,2026-03-01 13:00:00,laliga,Elche,Espanyol,2,2,1.82376,0.834858,8.7,7.7,,
2025,29417,2026-03-01 15:15:00,laliga,Valencia,Osasuna,1,0,1.31076,0.259132,6.8,7.9,,
2025,29409,2026-03-01 17:30:00,laliga,Real Betis,Sevilla,2,2,1.48441,0.656164,8.1,7.2,,
2025,29415,2026-03-01 20:00:00,laliga,Girona,Celta Vigo,1,2,1.57036,0.697106,6.0,7.1,,
2025,29416,2026-03-02 20:00:00,laliga,Real Madrid,Getafe,0,1,2.02274,0.476324,9.1,8.3,,
2025,29385,2026-03-04 18:00:00,laliga,Rayo Vallecano,Real Oviedo,3,0,2.55086,1.01052,4.2,3.9,,
2025,29420,2026-03-06 20:00:00,laliga,Celta Vigo,Real Madrid,1,2,0.910298,0.637644,5.0,4.0,,
2025,29426,2026-03-07 13:00:00,laliga,Osasuna,Mallorca,2,2,3.09031,1.03165,5.9,6.8,,
2025,29425,2026-03-07 15:15:00,laliga,Levante,Girona,1,1,0.819009,1.917,7.8,5.8,,
2025,29419,2026-03-07 17:30:00,laliga,Atletico Madrid,Real Sociedad,3,2,3.57972,0.313932,6.9,7.0,,
2025,29418,2026-03-07 20:00:00,laliga,Athletic Club,Barcelona,0,1,1.04698,0.560009,7.3,7.2,,
2025,29424,2026-03-08 13:00:00,laliga,Villarreal,Elche,2,1,2.30632,1.62051,7.9,7.0,,
2025,29423,2026-03-08 15:15:00,laliga,Getafe,Real Betis,2,0,0.821088,1.24912,5.8,6.9,,
2025,29427,2026-03-08 17:30:00,laliga,Sevilla,Rayo Vallecano,1,1,1.14573,0.211673,7.0,4.0,,
2025,29422,2026-03-08 20:00:00,laliga,Valencia,Alaves,3,2,2.51657,1.60795,7.2,9.0,,
2025,29421,2026-03-09 20:00:00,laliga,Espanyol,Real Oviedo,1,1,1.55092,0.886689,8.3,5.1,,
2025,29428,2026-03-13 20:00:00,laliga,Alaves,Villarreal,1,1,0.287232,0.873846,5.0,5.3,,
2025,29433,2026-03-14 13:00:00,laliga,Girona,Athletic Club,3,0,2.19442,1.97271,6.9,6.7,,
2025,29429,2026-03-14 15:15:00,laliga,Atletico Madrid,Getafe,1,0,2.14469,1.58248,6.9,6.0,,
2025,29432,2026-03-14 17:30:00,laliga,Real Oviedo,Valencia,1,0,1.8648,0.486871,4.9,5.9,,
2025,29434,2026-03-14 20:00:00,laliga,Real Madrid,Elche,4,1,1.72531,1.3711,8.0,6.3,,
2025,29435,2026-03-15 13:00:00,laliga,Mallorca,Espanyol,2,1,2.1497,1.35243,8.0,5.7,,
2025,29430,2026-03-15 15:15:00,laliga,Barcelona,Sevilla,5,2,3.8639,1.04304,7.8,6.9,,
2025,29431,2026-03-15 17:30:00,laliga,Real Betis,Celta Vigo,1,1,1.87752,0.646702,7.1,8.9,,
2025,29437,2026-03-15 20:00:00,laliga,Real Sociedad,Osasuna,3,1,2.91429,0.615126,8.1,8.3,,
2025,29436,2026-03-16 20:00:00,laliga,Rayo Vallecano,Levante,1,1,1.68134,1.45599,8.1,9.2,,
2025,29438,2026-03-20 20:00:00,laliga,Villarreal,Real Sociedad,3,1,3.35586,0.894953,7.0,5.0,,
2025,29440,2026-03-21 13:00:00,laliga,Elche,Mallorca,2,1,1.51605,1.51939,6.7,6.0,,
2025,29442,2026-03-21 15:15:00,laliga,Espanyol,Getafe,1,2,1.51208,2.06384,6.1,7.0,,
2025,29443,2026-03-21 17:30:00,laliga,Levante,Real Oviedo,4,2,2.92669,1.33569,4.9,7.0,,
2025,29447,2026-03-21 17:30:00,laliga,Osasuna,Girona,1,0,2.26232,0.232115,5.9,7.2,,
2025,29444,2026-03-21 20:00:00,laliga,Sevilla,Valencia,0,2,0.505411,1.7133,6.2,7.1,,
2025,29441,2026-03-22 13:00:00,laliga,Barcelona,Rayo Vallecano,1,0,1.92205,2.19631,6.9,5.7,,
2025,29445,2026-03-22 15:15:00,laliga,Celta Vigo,Alaves,3,4,1.70969,1.67221,6.9,8.8,,
2025,29439,2026-03-22 17:30:00,laliga,Athletic Club,Real Betis,2,1,1.92715,0.591202,8.2,7.0,,
2025,29446,2026-03-22 20:00:00,laliga,Real Madrid,Atletico Madrid,3,2,2.96605,1.40234,8.0,8.2,,
2025,29456,2026-04-03 19:00:00,laliga,Rayo Vallecano,Elche,1,0,1.51493,0.601974,12.2,13.2,,
2025,29457,2026-04-04 12:00:00,laliga,Real Sociedad,Levante,2,0,2.96404,0.320219,14.7,13.8,,
2025,29452,2026-04-04 14:15:00,laliga,Mallorca,Real Madrid,2,1,1.03875,1.51454,14.1,12.8,,
2025,29450,2026-04-04 16:30:00,laliga,Real Betis,Espanyol,0,0,2.00215,0.144091,13.0,14.1,,
2025,29449,2026-04-04 19:00:00,laliga,Atletico Madrid,Barcelona,1,2,0.919286,2.68584,13.0,13.2,,
2025,29455,2026-04-05 12:00:00,laliga,Getafe,Athletic Club,2,0,1.96345,0.524379,14.9,13.8,,
2025,29454,2026-04-05 14:15:00,laliga,Valencia,Celta Vigo,2,3,0.720964,1.457,14.8,14.0,,
2025,29453,2026-04-05 16:30:00,laliga,Real Oviedo,Sevilla,1,0,0.785105,0.840736,15.0,14.9,,
2025,29448,2026-04-05 19:00:00,laliga,Alaves,Osasuna,2,2,1.65967,1.61149,14.2,15.1,,
2025,29451,2026-04-06 19:00:00,laliga,Girona,Villarreal,1,0,0.653493,0.443518,16.1,17.0,,
2025,29462,2026-04-10 19:00:00,laliga,Real Madrid,Girona,1,1,1.98086,0.46667,6.2,4.0,,
2025,29464,2026-04-11 12:00:00,laliga,Real Sociedad,Alaves,3,3,1.295,1.206,7.0,5.7,,
2025,29465,2026-04-11 14:15:00,laliga,Elche,Valencia,1,0,1.03489,2.76889,7.8,6.0,,
2025,29459,2026-04-11 16:30:00,laliga,Barcelona,Espanyol,4,1,3.30789,1.13134,6.9,7.0,,
2025,29463,2026-04-11 19:00:00,laliga,Sevilla,Atletico Madrid,2,1,1.6578,0.855474,6.1,7.0,,
2025,29460,2026-04-12 12:00:00,laliga,Osasuna,Real Betis,1,1,1.52928,0.411183,6.7,7.8,,
2025,29466,2026-04-12 14:15:00,laliga,Mallorca,Rayo Vallecano,3,0,2.54659,1.97051,8.0,8.8,,
2025,29467,2026-04-12 16:30:00,laliga,Celta Vigo,Real Oviedo,0,3,1.15878,2.12846,7.1,7.0,,
2025,29458,2026-04-12 19:00:00,laliga,Athletic Club,Villarreal,1,2,1.31935,1.55144,7.3,6.0,,
2025,29461,2026-04-13 19:00:00,laliga,Levante,Getafe,1,0,3.32797,0.290983,9.3,8.3,,
2014,4749,2014-08-16 12:45:00,premier,Manchester United,Swansea,1,2,1.16635,0.278076,14.0,14.0,,
2014,4750,2014-08-16 15:00:00,premier,Leicester,Everton,2,2,1.2783,0.613273,14.0,14.0,,
2014,4751,2014-08-16 15:00:00,premier,Queens Park Rangers,Hull,0,1,1.90067,1.11757,14.0,14.0,,
2014,4752,2014-08-16 15:00:00,premier,Stoke,Aston Villa,0,1,0.423368,0.909774,14.0,14.0,,
2014,4753,2014-08-16 15:00:00,premier,West Bromwich Albion,Sunderland,2,2,1.68343,0.991901,14.0,14.0,,
2014,4754,2014-08-16 15:00:00,premier,West Ham,Tottenham,0,1,1.8531,1.01706,14.0,14.0,,
2014,4755,2014-08-16 17:30:00,premier,Arsenal,Crystal Palace,2,1,1.55411,0.158151,14.0,14.0,,
2014,4756,2014-08-17 13:30:00,premier,Liverpool,Southampton,2,1,1.33192,1.55248,14.0,14.0,,
2014,4757,2014-08-17 16:00:00,premier,Newcastle United,Manchester City,0,2,0.965583,1.48053,14.0,14.0,,
2014,4758,2014-08-18 20:00:00,premier,Burnley,Chelsea,1,3,0.371141,2.12996,14.0,14.0,,
2014,4759,2014-08-23 12:45:00,premier,Aston Villa,Newcastle United,0,0,0.507525,0.699295,6.9,5.9,,
2014,4760,2014-08-23 15:00:00,premier,Chelsea,Leicester,2,0,2.02939,0.550894,4.8,7.0,,
2014,4761,2014-08-23 15:00:00,premier,Crystal Palace,West Ham,1,3,0.617283,1.33957,6.9,7.0,,
2014,4762,2014-08-23 15:00:00,premier,Southampton,West Bromwich Albion,0,0,0.665853,0.665791,6.1,7.0,,
2014,4763,2014-08-23 15:00:00,premier,Swansea,Burnley,1,0,0.914215,0.843331,7.1,4.8,,
2014,4764,2014-08-23 17:30:00,premier,Everton,Arsenal,2,2,1.33429,1.43355,7.1,7.0,,
2014,4765,2014-08-24 13:30:00,premier,Hull,Stoke,1,1,0.870175,1.60916,7.9,7.9,,
2014,4766,2014-08-24 13:30:00,premier,Tottenham,Queens Park Rangers,4,0,2.38894,1.07617,7.9,7.9,,
2014,4767,2014-08-24 16:00:00,premier,Sunderland,Manchester United,1,1,0.666489,0.941557,8.0,8.1,,
2014,4768,2014-08-25 20:00:00,premier,Manchester City,Liverpool,3,1,1.31375,0.901889,8.2,8.3,,
2014,4769,2014-08-30 12:45:00,premier,Burnley,Manchester United,0,0,0.513746,0.467281,6.9,5.9,,
2014,4770,2014-08-30 15:00:00,premier,Manchester City,Stoke,0,1,0.891768,0.299792,4.8,6.1,,
2014,4771,2014-08-30 15:00:00,premier,Newcastle United,Crystal Palace,3,3,1.69776,1.66056,7.1,7.0,,
2014,4772,2014-08-30 15:00:00,premier,Queens Park Rangers,Sunderland,1,0,1.27277,0.964343,6.1,6.0,,
2014,4773,2014-08-30 15:00:00,premier,Swansea,West Bromwich Albion,3,0,2.02641,0.696665,7.0,7.0,,
2014,4774,2014-08-30 15:00:00,premier,West Ham,Southampton,1,3,0.635223,1.57513,7.0,7.0,,
2014,4775,2014-08-30 17:30:00,premier,Everton,Chelsea,3,6,1.4491,2.02665,7.0,7.1,,
2014,4776,2014-08-31 13:30:00,premier,Aston Villa,Hull,2,1,0.639316,0.28888,8.0,7.0,,
2014,4777,2014-08-31 13:30:00,premier,Tottenham,Liverpool,0,3,0.48592,2.74317,7.0,5.7,,
2014,4778,2014-08-31 16:00:00,premier,Leicester,Arsenal,1,1,0.809743,2.29649,8.0,7.9,,
2014,4719,2014-09-13 12:45:00,premier,Arsenal,Manchester City,2,2,2.07804,2.30834,12.9,13.9,,
2014,4720,2014-09-13 15:00:00,premier,Chelsea,Swansea,4,2,3.56581,1.02153,13.9,14.0,,
2014,4721,2014-09-13 15:00:00,premier,Crystal Palace,Burnley,0,0,0.780534,1.2493,14.0,14.1,,
2014,4722,2014-09-13 15:00:00,premier,Southampton,Newcastle United,4,0,2.11739,1.15026,14.0,14.0,,
2014,4723,2014-09-13 15:00:00,premier,Stoke,Leicester,0,1,1.64782,0.598313,14.0,13.0,,
2014,4724,2014-09-13 15:00:00,premier,Sunderland,Tottenham,2,2,0.338966,2.03694,14.0,13.1,,
2014,4725,2014-09-13 15:00:00,premier,West Bromwich Albion,Everton,0,2,0.602059,0.807492,14.0,13.9,,
2014,4726,2014-09-13 17:30:00,premier,Liverpool,Aston Villa,0,1,0.728097,0.701676,13.2,13.2,,
2014,4727,2014-09-14 16:00:00,premier,Manchester United,Queens Park Rangers,4,0,2.20911,0.563524,15.1,15.0,,
2014,4728,2014-09-15 20:00:00,premier,Hull,West Ham,2,2,0.439084,0.661678,15.3,16.2,,
2014,4729,2014-09-20 12:45:00,premier,Queens Park Rangers,Stoke,2,2,1.05642,1.45847,5.9,6.9,,
2014,4730,2014-09-20 15:00:00,premier,Swansea,Southampton,0,1,0.520262,0.750244,7.0,7.0,,
2014,4731,2014-09-20 15:00:00,premier,Aston Villa,Arsenal,0,3,0.649013,1.36224,6.9,7.1,,
2014,4732,2014-09-20 15:00:00,premier,Burnley,Sunderland,0,0,0.710673,0.643512,7.0,7.0,,
2014,4733,2014-09-20 15:00:00,premier,Newcastle United,Hull,2,2,1.91632,0.854291,7.0,4.8,,
2014,4734,2014-09-20 17:30:00,premier,West Ham,Liverpool,3,1,1.26032,0.37835,4.9,7.0,,
2014,4735,2014-09-21 13:30:00,premier,Tottenham,West Bromwich Albion,0,1,0.438596,1.08401,7.9,7.9,,
2014,4736,2014-09-21 13:30:00,premier,Leicester,Manchester United,5,3,2.5422,1.71191,7.9,6.9,,
2014,4737,2014-09-21 16:00:00,premier,Manchester City,Chelsea,1,1,1.05592,1.02093,8.1,8.0,,
2014,4738,2014-09-21 16:00:00,premier,Everton,Crystal Palace,2,3,2.56122,1.62886,8.0,8.0,,
2014,4739,2014-09-27 12:45:00,premier,Liverpool,Everton,1,1,1.5286,0.475885,6.8,5.9,,
2014,4740,2014-09-27 15:00:00,premier,Manchester United,West Ham,2,1,0.520246,1.27452,6.1,6.9,,
2014,4741,2014-09-27 15:00:00,premier,Southampton,Queens Park Rangers,2,1,2.34463,0.456323,7.0,7.1,,
2014,4742,2014-09-27 15:00:00,premier,Chelsea,Aston Villa,3,0,3.14218,0.228896,6.0,7.0,,
2014,4743,2014-09-27 15:00:00,premier,Crystal Palace,Leicester,2,0,2.1144,0.453547,6.0,6.1,,
2014,4744,2014-09-27 15:00:00,premier,Hull,Manchester City,2,4,1.12374,1.78953,7.0,6.0,,
2014,4745,2014-09-27 15:00:00,premier,Sunderland,Swansea,0,0,1.39649,0.156398,7.0,7.0,,
2014,4746,2014-09-27 17:30:00,premier,Arsenal,Tottenham,1,1,1.2647,0.673535,7.1,6.2,,
2014,4747,2014-09-28 16:00:00,premier,West Bromwich Albion,Burnley,4,0,1.81127,0.473814,7.1,8.0,,
2014,4748,2014-09-29 20:00:00,premier,Stoke,Newcastle United,1,0,1.56203,1.13994,9.3,9.2,,
2014,4689,2014-10-04 15:00:00,premier,Hull,Crystal Palace,2,0,1.07209,0.616109,7.0,7.0,,
2014,4690,2014-10-04 15:00:00,premier,Leicester,Burnley,2,2,1.57773,0.957718,7.0,6.0,,
2014,4691,2014-10-04 15:00:00,premier,Liverpool,West Bromwich Albion,2,1,1.56163,1.4384,7.1,6.0,,
2014,4692,2014-10-04 15:00:00,premier,Sunderland,Stoke,3,1,1.40551,0.478187,7.0,4.8,,
2014,4693,2014-10-04 15:00:00,premier,Swansea,Newcastle United,2,2,1.55242,1.18603,7.0,4.8,,
2014,4694,2014-10-04 17:30:00,premier,Aston Villa,Manchester City,0,2,0.690283,2.30634,7.1,7.1,,
2014,4695,2014-10-05 12:00:00,premier,Manchester United,Everton,2,1,1.6239,2.13558,7.9,8.0,,
2014,4696,2014-10-05 14:05:00,premier,Tottenham,Southampton,1,0,0.898735,1.14587,7.9,8.0,,
2014,4697,2014-10-05 14:05:00,premier,Chelsea,Arsenal,2,0,1.40263,0.330699,8.0,7.9,,
2014,4698,2014-10-05 16:15:00,premier,West Ham,Queens Park Rangers,2,0,1.64038,0.697342,8.1,8.1,,
2014,4699,2014-10-18 12:45:00,premier,Manchester City,Tottenham,4,1,3.75041,2.32314,13.8,12.9,,
2014,4700,2014-10-18 15:00:00,premier,Everton,Aston Villa,3,0,1.67016,0.37205,13.1,13.9,,
2014,4701,2014-10-18 15:00:00,premier,Burnley,West Ham,1,3,1.74404,2.84138,14.0,12.9,,
2014,4702,2014-10-18 15:00:00,premier,Crystal Palace,Chelsea,1,2,1.16779,1.01515,14.0,13.0,,
2014,4703,2014-10-18 15:00:00,premier,Southampton,Sunderland,8,0,3.71097,0.92175,13.0,14.0,,
2014,4704,2014-10-18 15:00:00,premier,Newcastle United,Leicester,1,0,2.1929,0.650379,14.0,14.0,,
2014,4705,2014-10-18 15:00:00,premier,Arsenal,Hull,2,2,2.14845,0.552062,13.0,14.0,,
2014,4706,2014-10-19 13:30:00,premier,Queens Park Rangers,Liverpool,2,3,2.60852,1.51813,13.9,14.9,,
2014,4707,2014-10-19 16:00:00,premier,Stoke,Swansea,2,1,1.75841,2.26827,15.0,15.0,,
2014,4708,2014-10-20 20:00:00,premier,West Bromwich Albion,Manchester United,2,2,0.61662,0.934042,16.2,15.3,,
2014,4709,2014-10-25 12:45:00,premier,West Ham,Manchester City,2,1,2.62631,1.8643,6.9,7.0,,
2014,4710,2014-10-25 15:00:00,premier,Southampton,Stoke,1,0,1.3758,0.867568,7.0,6.0,,
2014,4711,2014-10-25 15:00:00,premier,Sunderland,Arsenal,0,2,0.441491,1.47081,7.0,7.0,,
2014,4712,2014-10-25 15:00:00,premier,West Bromwich Albion,Crystal Palace,2,2,1.45724,1.77354,4.8,7.0,,
2014,4713,2014-10-25 15:00:00,premier,Liverpool,Hull,0,0,0.678924,0.222999,6.1,7.0,,
2014,4714,2014-10-25 17:30:00,premier,Swansea,Leicester,2,0,1.05601,0.773436,6.1,7.1,,
2014,4715,2014-10-26 13:30:00,premier,Tottenham,Newcastle United,1,2,2.03729,0.73967,8.0,7.9,,
2014,4716,2014-10-26 13:30:00,premier,Burnley,Everton,1,3,1.55564,1.32187,7.9,7.9,,
2014,4717,2014-10-26 16:00:00,premier,Manchester United,Chelsea,1,1,1.84074,0.989916,5.8,8.0,,
2014,4718,2014-10-27 20:00:00,premier,Queens Park Rangers,Aston Villa,2,0,0.81667,1.18709,8.3,9.2,,
2014,4649,2014-11-01 12:45:00,premier,Newcastle United,Liverpool,1,0,1.56863,0.258953,6.0,6.9,,
2014,4650,2014-11-01 15:00:00,premier,Stoke,West Ham,2,2,3.06954,0.528668,7.0,7.1,,
2014,4651,2014-11-01 15:00:00,premier,Leicester,West Bromwich Albion,0,1,1.41001,0.562442,6.9,7.0,,
2014,4652,2014-11-01 15:00:00,premier,Arsenal,Burnley,3,0,4.3298,0.684259,7.0,6.1,,
2014,4653,2014-11-01 15:00:00,premier,Chelsea,Queens Park Rangers,2,1,2.23703,0.510067,6.0,4.8,,
2014,4654,2014-11-01 15:00:00,premier,Everton,Swansea,0,0,1.14779,0.694419,6.1,6.9,,
2014,4655,2014-11-01 15:00:00,premier,Hull,Southampton,0,1,0.256678,1.90484,7.0,7.0,,
2014,4656,2014-11-02 13:30:00,premier,Manchester City,Manchester United,1,0,2.56723,0.727924,8.0,6.9,,
2014,4657,2014-11-02 16:00:00,premier,Aston Villa,Tottenham,1,2,0.872267,2.54173,5.8,7.1,,
2014,4658,2014-11-03 20:00:00,premier,Crystal Palace,Sunderland,1,3,0.766023,0.727981,9.2,9.2,,
2014,4659,2014-11-08 12:45:00,premier,Liverpool,Chelsea,1,2,0.531905,1.97201,7.0,6.9,,
2014,4660,2014-11-08 15:00:00,premier,Burnley,Hull,1,0,1.10315,0.526656,7.0,7.0,,
2014,4661,2014-11-08 15:00:00,premier,Manchester United,Crystal Palace,1,0,0.956776,0.400837,6.1,4.8,,
2014,4662,2014-11-08 15:00:00,premier,West Ham,Aston Villa,0,0,1.47873,0.560875,7.0,6.0,,
2014,4663,2014-11-08 15:00:00,premier,Southampton,Leicester,2,0,1.00528,0.540434,7.0,7.0,,
2014,4664,2014-11-08 17:30:00,premier,Queens Park Rangers,Manchester City,2,2,1.86489,1.70189,7.1,6.2,,
2014,4665,2014-11-09 13:30:00,premier,Sunderland,Everton,1,1,0.508326,1.31898,5.7,7.9,,
2014,4666,2014-11-09 13:30:00,premier,Tottenham,Stoke,1,2,1.28384,1.24867,6.9,7.9,,
2014,4667,2014-11-09 13:30:00,premier,West Bromwich Albion,Newcastle United,0,2,0.765208,0.694441,7.9,8.0,,
2014,4668,2014-11-09 16:00:00,premier,Swansea,Arsenal,2,1,0.520487,1.77699,8.0,8.0,,
2014,4669,2014-11-22 15:00:00,premier,Stoke,Burnley,1,2,1.94307,1.27532,13.1,14.0,,
2014,4670,2014-11-22 15:00:00,premier,Newcastle United,Queens Park Rangers,1,0,1.47871,0.402285,13.1,13.9,,
2014,4671,2014-11-22 15:00:00,premier,Manchester City,Swansea,2,1,2.26312,0.957011,13.9,13.0,,
2014,4672,2014-11-22 15:00:00,premier,Leicester,Sunderland,0,0,0.685893,0.889971,14.0,13.1,,
2014,4673,2014-11-22 15:00:00,premier,Everton,West Ham,2,1,1.82651,1.11958,13.1,14.0,,
2014,4674,2014-11-22 15:00:00,premier,Chelsea,West Bromwich Albion,2,0,4.36607,0.0930471,14.1,13.1,,
2014,4675,2014-11-22 17:30:00,premier,Arsenal,Manchester United,1,2,2.00193,1.2791,13.1,14.1,,
2014,4676,2014-11-23 13:30:00,premier,Crystal Palace,Liverpool,3,1,1.47309,0.952958,14.9,15.0,,
2014,4677,2014-11-23 16:00:00,premier,Hull,Tottenham,1,2,0.94244,2.16438,15.0,14.1,,
2014,4678,2014-11-24 20:00:00,premier,Aston Villa,Southampton,1,1,1.13228,0.863156,16.2,16.2,,
2014,4679,2014-11-29 12:45:00,premier,West Bromwich Albion,Arsenal,0,1,0.31526,1.05603,6.9,6.8,,
2014,4680,2014-11-29 15:00:00,premier,West Ham,Newcastle United,1,0,1.09981,0.246562,7.0,7.0,,
2014,4681,2014-11-29 15:00:00,premier,Swansea,Crystal Palace,1,1,1.4626,1.50956,7.0,6.1,,
2014,4682,2014-11-29 15:00:00,premier,Liverpool,Stoke,1,0,1.71025,0.875424,6.1,7.0,,
2014,4683,2014-11-29 15:00:00,premier,Manchester United,Hull,3,0,1.76885,0.230407,6.9,6.0,,
2014,4684,2014-11-29 15:00:00,premier,Queens Park Rangers,Leicester,3,2,2.98194,2.10013,7.0,7.0,,
2014,4685,2014-11-29 15:00:00,premier,Burnley,Aston Villa,1,1,2.3058,1.0873,7.0,4.8,,
2014,4686,2014-11-29 17:30:00,premier,Sunderland,Chelsea,0,0,1.03133,0.761171,7.1,7.1,,
2014,4687,2014-11-30 13:30:00,premier,Southampton,Manchester City,0,3,0.804381,2.13214,5.7,7.9,,
2014,4688,2014-11-30 16:00:00,premier,Tottenham,Everton,2,1,1.13109,0.934335,7.0,8.0,,
2014,4589,2014-12-02 19:45:00,premier,Burnley,Newcastle United,1,1,0.678486,1.0006,3.2,3.2,,
2014,4590,2014-12-02 19:45:00,premier,Leicester,Liverpool,1,3,1.23928,1.3012,3.2,3.2,,
2014,4591,2014-12-02 19:45:00,premier,Manchester United,Stoke,2,1,1.91104,1.29092,3.2,3.2,,
2014,4592,2014-12-02 19:45:00,premier,Swansea,Queens Park Rangers,2,0,1.54207,0.789519,3.2,3.2,,
2014,4593,2014-12-02 20:00:00,premier,Crystal Palace,Aston Villa,0,1,0.801741,0.192439,3.2,3.2,,
2014,4594,2014-12-02 20:00:00,premier,West Bromwich Albion,West Ham,1,2,1.41302,1.24431,3.3,3.2,,
2014,4595,2014-12-03 19:45:00,premier,Chelsea,Tottenham,3,0,1.71947,0.289204,4.1,3.2,,
2014,4596,2014-12-03 19:45:00,premier,Everton,Hull,1,1,1.27965,0.29547,3.2,4.2,,
2014,4597,2014-12-03 19:45:00,premier,Sunderland,Manchester City,1,4,0.412004,1.0386,4.1,3.3,,
2014,4598,2014-12-03 19:45:00,premier,Arsenal,Southampton,1,0,2.37332,0.570955,4.3,3.3,,
2014,4599,2014-12-06 12:45:00,premier,Newcastle United,Chelsea,2,1,1.48574,2.16232,3.7,2.7,,
2014,4600,2014-12-06 15:00:00,premier,Queens Park Rangers,Burnley,2,0,1.63744,1.2646,3.8,3.8,,
2014,4601,2014-12-06 15:00:00,premier,Stoke,Arsenal,3,2,2.50357,2.02073,3.8,2.8,,
2014,4602,2014-12-06 15:00:00,premier,Tottenham,Crystal Palace,0,0,0.958788,1.17369,2.8,3.8,,
2014,4603,2014-12-06 15:00:00,premier,Hull,West Bromwich Albion,0,0,0.586305,1.06151,2.8,3.8,,
2014,4604,2014-12-06 15:00:00,premier,Liverpool,Sunderland,0,0,0.663875,0.268395,3.8,2.8,,
2014,4605,2014-12-06 17:30:00,premier,Manchester City,Everton,1,0,2.2487,0.385845,2.9,2.9,,
2014,4606,2014-12-07 13:30:00,premier,West Ham,Swansea,3,1,2.11509,0.998148,4.7,4.7,,
2014,4607,2014-12-07 16:00:00,premier,Aston Villa,Leicester,2,1,1.97697,1.0083,4.8,4.8,,
2014,4608,2014-12-08 20:00:00,premier,Southampton,Manchester United,1,2,1.8287,0.799261,5.0,6.0,,
2014,4609,2014-12-13 15:00:00,premier,Burnley,Southampton,1,0,0.396158,1.713,7.0,4.8,,
2014,4610,2014-12-13 15:00:00,premier,Chelsea,Hull,2,0,1.21862,0.435091,7.1,7.0,,
2014,4611,2014-12-13 15:00:00,premier,Crystal Palace,Stoke,1,1,0.498092,0.898532,7.0,7.0,,
2014,4612,2014-12-13 15:00:00,premier,West Bromwich Albion,Aston Villa,1,0,1.4373,0.266303,7.0,6.0,,
2014,4613,2014-12-13 15:00:00,premier,Sunderland,West Ham,1,1,1.33557,0.870324,7.0,6.1,,
2014,4614,2014-12-13 15:00:00,premier,Leicester,Manchester City,0,1,0.360608,1.13411,6.0,6.9,,
2014,4615,2014-12-13 17:30:00,premier,Arsenal,Newcastle United,4,1,2.38819,0.938764,7.1,7.2,,
2014,4616,2014-12-14 13:30:00,premier,Manchester United,Liverpool,3,0,1.79543,1.87114,5.7,7.9,,
2014,4617,2014-12-14 16:00:00,premier,Swansea,Tottenham,1,2,1.67826,0.731022,7.1,8.0,,
2014,4618,2014-12-15 20:00:00,premier,Everton,Queens Park Rangers,3,1,0.747708,0.972265,9.1,9.2,,
2014,4619,2014-12-20 12:45:00,premier,Manchester City,Crystal Palace,3,0,1.41484,0.760531,6.9,6.9,,
2014,4620,2014-12-20 15:00:00,premier,West Ham,Leicester,2,0,1.45134,0.659983,7.0,7.0,,
2014,4621,2014-12-20 15:00:00,premier,Tottenham,Burnley,2,1,1.77346,0.655135,6.0,7.0,,
2014,4622,2014-12-20 15:00:00,premier,Queens Park Rangers,West Bromwich Albion,3,2,2.92864,1.30117,4.8,7.0,,
2014,4623,2014-12-20 15:00:00,premier,Southampton,Everton,3,0,2.21266,0.597999,7.0,4.8,,
2014,4624,2014-12-20 15:00:00,premier,Aston Villa,Manchester United,1,1,0.575806,1.06851,7.0,6.1,,
2014,4625,2014-12-20 15:00:00,premier,Hull,Swansea,0,1,0.825885,1.45331,7.0,6.0,,
2014,4626,2014-12-21 13:30:00,premier,Newcastle United,Sunderland,0,1,0.900259,2.18418,7.8,7.9,,
2014,4627,2014-12-21 16:00:00,premier,Liverpool,Arsenal,2,2,1.31858,0.754219,7.1,7.9,,
2014,4628,2014-12-22 20:00:00,premier,Stoke,Chelsea,0,2,0.411669,1.45482,9.2,9.2,,
2014,4629,2014-12-26 12:45:00,premier,Chelsea,West Ham,2,0,3.56764,0.45944,3.7,5.9,,
2014,4630,2014-12-26 15:00:00,premier,Burnley,Liverpool,0,1,0.61207,1.06708,6.0,5.0,,
2014,4631,2014-12-26 15:00:00,premier,Swansea,Aston Villa,1,0,0.601468,1.41578,6.0,6.0,,
2014,4632,2014-12-26 15:00:00,premier,Sunderland,Hull,1,3,1.35551,0.85573,5.1,6.0,,
2014,4633,2014-12-26 15:00:00,premier,West Bromwich Albion,Manchester City,1,3,2.64442,2.10224,6.0,6.1,,
2014,4634,2014-12-26 15:00:00,premier,Everton,Stoke,0,1,1.00929,1.39552,6.0,3.8,,
2014,4635,2014-12-26 15:00:00,premier,Crystal Palace,Southampton,1,3,0.379447,1.30288,6.1,6.0,,
2014,4636,2014-12-26 15:00:00,premier,Manchester United,Newcastle United,3,1,1.86147,1.03151,6.0,5.1,,
2014,4637,2014-12-26 15:00:00,premier,Leicester,Tottenham,1,2,1.47301,1.35719,6.0,6.0,,
2014,4638,2014-12-26 17:30:00,premier,Arsenal,Queens Park Rangers,2,1,2.13888,1.21752,5.1,6.1,,
2014,4639,2014-12-28 12:00:00,premier,Tottenham,Manchester United,0,0,0.888,2.2613,1.9,1.9,,
2014,4640,2014-12-28 14:05:00,premier,Southampton,Chelsea,1,1,0.528455,0.521788,2.0,2.1,,
2014,4641,2014-12-28 15:00:00,premier,Queens Park Rangers,Crystal Palace,0,0,0.405679,0.328577,1.9,2.0,,
2014,4642,2014-12-28 15:00:00,premier,Hull,Leicester,0,1,1.72314,0.180127,2.0,2.0,,
2014,4643,2014-12-28 15:00:00,premier,Manchester City,Burnley,2,2,1.38586,0.962215,2.0,2.0,,
2014,4644,2014-12-28 15:00:00,premier,Aston Villa,Sunderland,0,0,0.650993,0.845626,2.0,2.0,,
2014,4645,2014-12-28 15:00:00,premier,West Ham,Arsenal,1,2,1.1084,3.35886,2.1,1.9,,
2014,4646,2014-12-28 15:00:00,premier,Stoke,West Bromwich Albion,2,0,1.25399,1.35813,2.0,2.0,,
2014,4647,2014-12-28 16:15:00,premier,Newcastle United,Everton,3,2,1.71345,1.07321,2.1,2.1,,
2014,4648,2014-12-29 20:00:00,premier,Liverpool,Swansea,4,1,3.27658,1.00374,3.2,3.2,,
2014,4551,2015-01-01 12:45:00,premier,Stoke,Manchester United,1,1,1.4082,0.932262,3.9,4.0,,
2014,4552,2015-01-01 15:00:00,premier,Manchester City,Sunderland,3,2,3.63333,0.979558,4.0,4.0,,
2014,4553,2015-01-01 15:00:00,premier,Newcastle United,Burnley,3,3,1.24639,1.65582,3.9,4.0,,
2014,4554,2015-01-01 15:00:00,premier,Queens Park Rangers,Swansea,1,1,3.16214,1.69725,4.0,2.8,,
2014,4555,2015-01-01 15:00:00,premier,Southampton,Arsenal,2,0,2.41442,0.849285,4.0,4.0,,
2014,4556,2015-01-01 15:00:00,premier,West Ham,West Bromwich Albion,1,1,1.13586,1.1226,4.0,4.0,,
2014,4557,2015-01-01 15:00:00,premier,Aston Villa,Crystal Palace,0,0,1.38709,0.575995,4.0,4.0,,
2014,4558,2015-01-01 15:00:00,premier,Hull,Everton,2,0,1.95682,0.957698,4.0,3.9,,
2014,4559,2015-01-01 15:00:00,premier,Liverpool,Leicester,2,2,2.38944,1.09438,2.8,4.0,,
2014,4560,2015-01-01 17:30:00,premier,Tottenham,Chelsea,5,3,1.82436,3.03274,4.2,4.1,,
2014,4561,2015-01-10 12:45:00,premier,Sunderland,Liverpool,0,1,0.250077,2.16251,8.9,8.9,,
2014,4562,2015-01-10 15:00:00,premier,Swansea,West Ham,1,1,1.54943,0.731228,9.0,9.0,,
2014,4563,2015-01-10 15:00:00,premier,West Bromwich Albion,Hull,1,0,0.784159,0.395844,9.0,9.0,,
2014,4564,2015-01-10 15:00:00,premier,Burnley,Queens Park Rangers,2,1,2.19126,1.69555,9.0,9.0,,
2014,4565,2015-01-10 15:00:00,premier,Chelsea,Newcastle United,2,0,1.08131,0.394837,8.9,9.0,,
2014,4566,2015-01-10 15:00:00,premier,Everton,Manchester City,1,1,0.95041,1.50724,9.0,9.0,,
2014,4567,2015-01-10 15:00:00,premier,Leicester,Aston Villa,1,0,2.36522,0.606149,9.0,9.0,,
2014,4568,2015-01-10 17:30:00,premier,Crystal Palace,Tottenham,2,1,2.85997,0.919178,9.1,9.0,,
2014,4569,2015-01-11 13:30:00,premier,Arsenal,Stoke,3,0,2.26889,0.39839,9.9,10.0,,
2014,4570,2015-01-11 16:00:00,premier,Manchester United,Southampton,0,1,1.19228,1.15706,10.1,10.0,,
2014,4571,2015-01-17 15:00:00,premier,Aston Villa,Liverpool,0,2,0.845309,1.54424,7.0,7.1,,
2014,4572,2015-01-17 15:00:00,premier,Burnley,Crystal Palace,2,3,1.08428,0.528431,7.0,6.9,,
2014,4573,2015-01-17 15:00:00,premier,Leicester,Stoke,0,1,0.382481,0.715634,7.0,6.1,,
2014,4574,2015-01-17 15:00:00,premier,Queens Park Rangers,Manchester United,0,2,0.929623,1.55645,7.0,6.0,,
2014,4575,2015-01-17 15:00:00,premier,Swansea,Chelsea,0,5,0.214209,3.19733,7.0,7.0,,
2014,4576,2015-01-17 15:00:00,premier,Tottenham,Sunderland,2,1,0.931537,1.19577,6.9,7.1,,
2014,4577,2015-01-17 17:30:00,premier,Newcastle United,Southampton,1,2,0.856732,0.432026,7.1,6.1,,
2014,4578,2015-01-18 13:30:00,premier,West Ham,Hull,3,0,2.68629,0.423719,7.9,7.9,,
2014,4579,2015-01-18 16:00:00,premier,Manchester City,Arsenal,0,2,0.561966,1.49476,8.0,7.1,,
2014,4580,2015-01-19 20:00:00,premier,Everton,West Bromwich Albion,0,0,1.4927,0.196316,9.2,9.2,,
2014,4581,2015-01-31 12:45:00,premier,Hull,Newcastle United,0,3,0.989377,0.50926,13.0,13.8,,
2014,4582,2015-01-31 15:00:00,premier,Liverpool,West Ham,2,0,2.28203,0.383092,14.0,13.1,,
2014,4583,2015-01-31 15:00:00,premier,Manchester United,Leicester,3,1,1.7369,0.380882,14.0,14.0,,
2014,4584,2015-01-31 15:00:00,premier,Stoke,Queens Park Rangers,3,1,0.782569,1.11577,14.0,14.0,,
2014,4585,2015-01-31 15:00:00,premier,Sunderland,Burnley,2,0,1.89994,1.34786,14.0,14.0,,
2014,4586,2015-01-31 15:00:00,premier,West Bromwich Albion,Tottenham,0,3,0.808495,1.34429,11.8,14.0,,
2014,4587,2015-01-31 15:00:00,premier,Crystal Palace,Everton,0,1,1.21034,1.35977,14.0,11.8,,
2014,4588,2015-01-31 17:30:00,premier,Chelsea,Manchester City,1,1,0.708923,0.907151,14.1,13.1,,
2014,4513,2015-02-01 13:30:00,premier,Arsenal,Aston Villa,5,0,2.35805,0.714521,13.9,14.9,,
2014,4514,2015-02-01 16:00:00,premier,Southampton,Swansea,0,1,1.62682,0.262557,14.9,15.0,,
2014,4515,2015-02-07 12:45:00,premier,Tottenham,Arsenal,2,1,1.2754,0.834136,6.9,6.0,,
2014,4516,2015-02-07 15:00:00,premier,Aston Villa,Chelsea,1,2,0.707847,1.11662,6.1,6.9,,
2014,4517,2015-02-07 15:00:00,premier,Swansea,Sunderland,1,1,1.86428,0.143279,6.0,7.0,,
2014,4518,2015-02-07 15:00:00,premier,Leicester,Crystal Palace,0,1,0.7797,1.00613,7.0,7.0,,
2014,4519,2015-02-07 15:00:00,premier,Manchester City,Hull,1,1,0.992526,1.13348,6.9,7.1,,
2014,4520,2015-02-07 15:00:00,premier,Queens Park Rangers,Southampton,0,1,1.03037,0.963892,7.0,6.0,,
2014,4521,2015-02-07 17:30:00,premier,Everton,Liverpool,0,0,0.227711,1.03601,7.1,7.1,,
2014,4522,2015-02-08 12:00:00,premier,Burnley,West Bromwich Albion,2,2,1.09795,2.55442,7.9,7.9,,
2014,4523,2015-02-08 14:05:00,premier,Newcastle United,Stoke,1,1,0.789943,0.220357,8.1,8.0,,
2014,4524,2015-02-08 16:15:00,premier,West Ham,Manchester United,1,1,0.86518,1.21344,8.1,8.1,,
2014,4525,2015-02-10 19:45:00,premier,Arsenal,Leicester,2,1,1.77095,0.799802,3.3,3.2,,
2014,4526,2015-02-10 19:45:00,premier,Sunderland,Queens Park Rangers,0,2,1.80831,1.26883,3.2,3.2,,
2014,4527,2015-02-10 19:45:00,premier,Hull,Aston Villa,2,0,0.985975,0.423817,3.2,3.2,,
2014,4528,2015-02-10 20:00:00,premier,Liverpool,Tottenham,3,2,2.76444,1.71247,3.1,3.3,,
2014,4529,2015-02-11 19:45:00,premier,Chelsea,Everton,1,0,0.89846,0.706994,4.2,4.1,,
2014,4530,2015-02-11 19:45:00,premier,Stoke,Manchester City,1,4,0.745602,2.13611,3.2,4.2,,
2014,4531,2015-02-11 19:45:00,premier,Manchester United,Burnley,3,1,1.62116,1.85067,3.1,3.3,,
2014,4532,2015-02-11 19:45:00,premier,Southampton,West Ham,0,0,1.68446,0.125464,4.2,3.1,,
2014,4533,2015-02-11 20:00:00,premier,Crystal Palace,Newcastle United,1,1,0.932684,0.444535,4.2,3.2,,
2014,4534,2015-02-11 20:00:00,premier,West Bromwich Albion,Swansea,2,0,0.685986,0.438959,3.3,4.2,,
2014,4535,2015-02-21 15:00:00,premier,Aston Villa,Stoke,1,2,0.234004,1.11955,10.8,9.8,,
2014,4536,2015-02-21 15:00:00,premier,Chelsea,Burnley,1,1,1.53973,0.513251,9.8,9.8,,
2014,4537,2015-02-21 15:00:00,premier,Crystal Palace,Arsenal,1,2,2.26395,2.08054,9.8,10.8,,
2014,4538,2015-02-21 15:00:00,premier,Sunderland,West Bromwich Albion,0,0,0.699828,0.107318,10.8,9.8,,
2014,4539,2015-02-21 15:00:00,premier,Swansea,Manchester United,2,1,1.04218,1.47171,9.8,9.8,,
2014,4540,2015-02-21 15:00:00,premier,Hull,Queens Park Rangers,2,1,1.09259,0.190631,10.8,10.8,,
2014,4541,2015-02-21 17:30:00,premier,Manchester City,Newcastle United,5,0,3.12533,0.166685,9.9,9.9,,
2014,4542,2015-02-22 12:00:00,premier,Tottenham,West Ham,2,2,2.17554,2.20831,11.7,10.7,,
2014,4543,2015-02-22 14:05:00,premier,Everton,Leicester,2,2,2.05032,1.99519,10.8,11.8,,
2014,4544,2015-02-22 16:15:00,premier,Southampton,Liverpool,0,2,0.869183,0.695778,10.9,11.8,,
2014,4545,2015-02-28 12:45:00,premier,West Ham,Crystal Palace,1,3,1.28506,0.851359,6.0,6.9,,
2014,4546,2015-02-28 15:00:00,premier,West Bromwich Albion,Southampton,1,0,1.08916,0.579867,7.0,5.9,,
2014,4547,2015-02-28 15:00:00,premier,Stoke,Hull,1,0,0.895577,0.344489,7.0,7.0,,
2014,4548,2015-02-28 15:00:00,premier,Newcastle United,Aston Villa,1,0,0.93198,0.773437,6.9,7.0,,
2014,4549,2015-02-28 15:00:00,premier,Burnley,Swansea,0,1,0.898885,1.41451,7.0,7.0,,
2014,4550,2015-02-28 15:00:00,premier,Manchester United,Sunderland,2,0,3.03534,0.272806,7.0,7.0,,
2014,4480,2015-03-01 12:00:00,premier,Liverpool,Manchester City,2,1,0.769022,1.12846,6.8,7.8,,
2014,4481,2015-03-01 14:05:00,premier,Arsenal,Everton,2,0,1.39298,0.367813,8.0,7.0,,
2014,4482,2015-03-03 19:45:00,premier,Aston Villa,West Bromwich Albion,2,1,1.9201,0.905628,3.2,3.2,,
2014,4483,2015-03-03 19:45:00,premier,Hull,Sunderland,1,1,1.3938,1.23136,3.2,3.2,,
2014,4484,2015-03-03 19:45:00,premier,Southampton,Crystal Palace,1,0,2.22869,0.392674,3.2,3.3,,
2014,4485,2015-03-04 19:45:00,premier,West Ham,Chelsea,0,1,1.46324,2.38358,4.3,11.2,,
2014,4486,2015-03-04 19:45:00,premier,Manchester City,Leicester,2,0,2.91599,0.217043,3.3,10.2,,
2014,4487,2015-03-04 19:45:00,premier,Newcastle United,Manchester United,0,1,1.19246,1.68865,4.2,4.2,,
2014,4488,2015-03-04 19:45:00,premier,Stoke,Everton,2,0,1.03921,0.418315,4.2,3.2,,
2014,4489,2015-03-04 19:45:00,premier,Tottenham,Swansea,3,2,2.13485,0.708217,10.3,4.2,,
2014,4490,2015-03-04 19:45:00,premier,Queens Park Rangers,Arsenal,1,2,0.318849,2.1651,11.2,3.2,,
2014,4491,2015-03-04 20:00:00,premier,Liverpool,Burnley,2,0,1.30453,0.319239,3.3,4.2,,
2014,4492,2015-03-07 15:00:00,premier,Queens Park Rangers,Tottenham,1,2,1.49775,2.62405,2.8,2.8,,
2014,4493,2015-03-14 12:45:00,premier,Crystal Palace,Queens Park Rangers,3,1,2.20095,0.266048,10.7,6.9,,
2014,4494,2015-03-14 15:00:00,premier,Arsenal,West Ham,3,0,3.19619,0.478172,9.8,9.8,,
2014,4495,2015-03-14 15:00:00,premier,Leicester,Hull,0,0,0.53913,1.0475,9.8,10.8,,
2014,4496,2015-03-14 15:00:00,premier,West Bromwich Albion,Stoke,1,0,0.958807,0.198751,10.8,9.8,,
2014,4497,2015-03-14 15:00:00,premier,Sunderland,Aston Villa,0,4,0.472898,1.50195,10.8,10.8,,
2014,4498,2015-03-14 17:30:00,premier,Burnley,Manchester City,1,0,0.242058,1.2576,9.9,9.9,,
2014,4499,2015-03-15 13:30:00,premier,Chelsea,Southampton,1,1,3.19317,1.82802,10.7,11.7,,
2014,4500,2015-03-15 16:00:00,premier,Everton,Newcastle United,3,0,2.25807,0.809194,10.8,10.8,,
2014,4501,2015-03-15 16:00:00,premier,Manchester United,Tottenham,3,0,1.02781,0.206431,10.8,8.0,,
2014,4502,2015-03-16 20:00:00,premier,Swansea,Liverpool,0,1,0.438751,1.69506,12.0,12.0,,
2014,4503,2015-03-21 12:45:00,premier,Manchester City,West Bromwich Albion,3,0,4.90913,0.775158,6.8,6.9,,
2014,4504,2015-03-21 15:00:00,premier,Aston Villa,Swansea,0,1,0.762371,1.90437,7.0,4.8,,
2014,4505,2015-03-21 15:00:00,premier,Tottenham,Leicester,4,3,2.82935,2.722,6.0,7.0,,
2014,4506,2015-03-21 15:00:00,premier,Southampton,Burnley,2,0,1.92097,1.05022,6.1,6.9,,
2014,4507,2015-03-21 15:00:00,premier,Stoke,Crystal Palace,1,2,2.07851,2.14974,7.0,7.1,,
2014,4508,2015-03-21 15:00:00,premier,Newcastle United,Arsenal,1,2,1.0068,0.754782,6.0,7.0,,
2014,4509,2015-03-21 17:30:00,premier,West Ham,Sunderland,1,0,0.99619,0.536562,7.1,7.1,,
2014,4510,2015-03-22 13:30:00,premier,Liverpool,Manchester United,1,2,0.557648,1.22632,5.7,6.9,,
2014,4511,2015-03-22 16:00:00,premier,Hull,Chelsea,2,3,1.32415,0.758601,8.0,7.1,,
2014,4512,2015-03-22 16:00:00,premier,Queens Park Rangers,Everton,1,2,1.39318,0.839996,8.1,7.0,,
2014,4440,2015-04-04 12:45:00,premier,Arsenal,Liverpool,4,1,1.45672,1.21414,13.9,13.0,,
2014,4441,2015-04-04 15:00:00,premier,Everton,Southampton,1,0,1.02048,0.533646,13.0,14.0,,
2014,4442,2015-04-04 15:00:00,premier,Leicester,West Ham,2,1,3.43561,1.93553,14.0,13.9,,
2014,4443,2015-04-04 15:00:00,premier,Manchester United,Aston Villa,3,1,1.9836,0.311787,13.1,14.0,,
2014,4444,2015-04-04 15:00:00,premier,Swansea,Hull,3,1,1.49943,0.919329,14.0,13.0,,
2014,4445,2015-04-04 15:00:00,premier,West Bromwich Albion,Queens Park Rangers,1,4,2.13361,1.20939,14.1,13.0,,
2014,4446,2015-04-04 17:30:00,premier,Chelsea,Stoke,2,1,3.28546,0.277288,13.1,14.1,,
2014,4447,2015-04-05 13:30:00,premier,Burnley,Tottenham,0,0,1.51355,0.377376,14.9,14.9,,
2014,4448,2015-04-05 16:00:00,premier,Sunderland,Newcastle United,1,0,0.829443,0.798234,14.9,15.0,,
2014,4449,2015-04-06 20:00:00,premier,Crystal Palace,Manchester City,2,1,1.32783,1.1129,16.2,16.3,,
2014,4450,2015-04-07 19:45:00,premier,Aston Villa,Queens Park Rangers,3,3,1.86698,1.43061,3.2,3.2,,
2014,4451,2015-04-11 12:45:00,premier,Swansea,Everton,1,1,1.09678,0.842056,6.9,6.9,,
2014,4452,2015-04-11 15:00:00,premier,Sunderland,Crystal Palace,1,4,0.617079,2.34787,6.0,4.8,,
2014,4453,2015-04-11 15:00:00,premier,Southampton,Hull,2,0,2.37369,0.737337,7.0,7.0,,
2014,4454,2015-04-11 15:00:00,premier,West Ham,Stoke,1,1,0.604708,0.587985,7.0,6.9,,
2014,4455,2015-04-11 15:00:00,premier,Tottenham,Aston Villa,0,1,0.621738,0.860976,6.1,3.8,,
2014,4456,2015-04-11 15:00:00,premier,West Bromwich Albion,Leicester,2,3,0.968439,1.6874,7.0,7.0,,
2014,4457,2015-04-11 17:30:00,premier,Burnley,Arsenal,0,1,0.65718,1.21096,6.2,7.2,,
2014,4458,2015-04-12 13:30:00,premier,Queens Park Rangers,Chelsea,0,1,0.780982,0.920984,4.7,7.8,,
2014,4459,2015-04-12 16:00:00,premier,Manchester United,Manchester City,4,2,2.66017,1.75844,8.0,5.8,,
2014,4460,2015-04-13 20:00:00,premier,Liverpool,Newcastle United,2,0,1.26534,0.363343,9.3,8.2,,
2014,4461,2015-04-18 15:00:00,premier,Everton,Burnley,1,0,2.36114,1.06159,7.1,6.9,,
2014,4462,2015-04-18 15:00:00,premier,Crystal Palace,West Bromwich Albion,0,2,2.0561,0.698022,7.0,7.0,,
2014,4463,2015-04-18 15:00:00,premier,Leicester,Swansea,2,0,2.57043,0.87346,7.0,7.1,,
2014,4464,2015-04-18 15:00:00,premier,Stoke,Southampton,2,1,2.26451,1.36108,7.0,7.0,,
2014,4465,2015-04-18 17:30:00,premier,Chelsea,Manchester United,1,0,1.1493,0.744613,6.2,6.1,,
2014,4466,2015-04-19 13:30:00,premier,Manchester City,West Ham,2,0,2.05138,0.738105,6.9,7.9,,
2014,4467,2015-04-19 16:00:00,premier,Newcastle United,Tottenham,1,3,0.938886,1.99862,5.8,8.0,,
2014,4468,2015-04-25 12:45:00,premier,Southampton,Tottenham,2,2,1.39327,0.531276,6.9,5.9,,
2014,4469,2015-04-25 15:00:00,premier,Queens Park Rangers,West Ham,0,0,2.28143,0.824309,13.1,6.1,,
2014,4470,2015-04-25 15:00:00,premier,Newcastle United,Swansea,2,3,1.54939,1.58825,6.0,7.0,,
2014,4471,2015-04-25 15:00:00,premier,West Bromwich Albion,Liverpool,0,0,0.507754,1.41235,7.0,11.8,,
2014,4472,2015-04-25 15:00:00,premier,Stoke,Sunderland,1,1,2.15079,2.17523,7.0,14.0,,
2014,4473,2015-04-25 15:00:00,premier,Burnley,Leicester,0,1,1.98975,1.21926,7.0,7.0,,
2014,4474,2015-04-25 15:00:00,premier,Crystal Palace,Hull,0,2,0.913865,2.37709,7.0,14.0,,
2014,4475,2015-04-25 17:30:00,premier,Manchester City,Aston Villa,3,2,1.1892,0.901376,6.2,14.1,,
2014,4476,2015-04-26 13:30:00,premier,Everton,Manchester United,3,0,1.07922,0.750462,7.9,7.8,,
2014,4477,2015-04-26 16:00:00,premier,Arsenal,Chelsea,0,0,1.07482,0.853305,14.9,7.9,,
2014,4478,2015-04-28 19:45:00,premier,Hull,Liverpool,1,0,0.730978,0.523697,3.2,3.2,,
2014,4479,2015-04-29 19:45:00,premier,Leicester,Chelsea,1,3,0.600074,1.51717,4.2,3.2,,
2014,4399,2015-05-02 12:45:00,premier,Leicester,Newcastle United,3,0,4.02694,0.485003,2.7,6.9,,
2014,4400,2015-05-02 15:00:00,premier,Liverpool,Queens Park Rangers,2,1,2.28745,0.386314,3.8,7.0,,
2014,4401,2015-05-02 15:00:00,premier,Aston Villa,Everton,3,2,1.56179,1.4049,6.9,6.1,,
2014,4402,2015-05-02 15:00:00,premier,Sunderland,Southampton,2,1,1.97694,0.906357,7.0,7.1,,
2014,4403,2015-05-02 15:00:00,premier,Swansea,Stoke,2,0,2.07645,0.324134,7.0,7.0,,
2014,4404,2015-05-02 15:00:00,premier,West Ham,Burnley,1,0,3.23925,0.758485,7.0,7.0,,
2014,4405,2015-05-02 17:30:00,premier,Manchester United,West Bromwich Albion,0,1,2.10841,0.317533,6.2,7.1,,
2014,4406,2015-05-03 13:30:00,premier,Chelsea,Crystal Palace,1,0,1.5619,0.41646,3.7,7.9,,
2014,4407,2015-05-03 16:00:00,premier,Tottenham,Manchester City,0,1,2.07027,1.80612,8.1,7.9,,
2014,4408,2015-05-04 20:00:00,premier,Hull,Arsenal,1,3,0.474706,2.94938,6.0,8.2,,
2014,4409,2015-05-09 12:45:00,premier,Everton,Sunderland,0,2,1.14341,1.19799,6.9,6.9,,
2014,4410,2015-05-09 15:00:00,premier,Hull,Burnley,0,1,1.12811,1.21303,4.8,7.0,,
2014,4411,2015-05-09 15:00:00,premier,Aston Villa,West Ham,1,0,1.26585,0.149381,7.0,7.0,,
2014,4412,2015-05-09 15:00:00,premier,Leicester,Southampton,2,0,1.64129,0.348109,7.1,7.0,,
2014,4413,2015-05-09 15:00:00,premier,Newcastle United,West Bromwich Albion,1,1,1.23706,1.21081,7.1,6.9,,
2014,4414,2015-05-09 15:00:00,premier,Stoke,Tottenham,3,0,2.138,0.298008,7.0,6.0,,
2014,4415,2015-05-09 17:30:00,premier,Crystal Palace,Manchester United,1,2,1.04344,2.29775,6.2,7.0,,
2014,4416,2015-05-10 13:30:00,premier,Manchester City,Queens Park Rangers,6,0,5.35103,0.872314,6.9,7.9,,
2014,4417,2015-05-10 16:00:00,premier,Chelsea,Liverpool,1,1,0.535272,1.33324,7.1,8.0,,
2014,4418,2015-05-11 20:00:00,premier,Arsenal,Swansea,0,1,1.88364,0.347185,7.0,9.2,,
2014,4419,2015-05-16 12:45:00,premier,Southampton,Aston Villa,6,1,3.59558,1.18593,6.9,6.9,,
2014,4420,2015-05-16 15:00:00,premier,Queens Park Rangers,Newcastle United,2,1,0.470106,2.11207,6.1,7.0,,
2014,4421,2015-05-16 15:00:00,premier,Sunderland,Leicester,0,0,0.935248,0.682972,7.1,7.0,,
2014,4422,2015-05-16 15:00:00,premier,Tottenham,Hull,2,0,1.70119,1.13285,7.0,7.0,,
2014,4423,2015-05-16 15:00:00,premier,West Ham,Everton,1,2,0.813296,2.07078,7.0,7.1,,
2014,4424,2015-05-16 15:00:00,premier,Burnley,Stoke,0,0,0.909845,1.76276,7.0,7.0,,
2014,4425,2015-05-16 17:30:00,premier,Liverpool,Crystal Palace,1,3,1.11415,1.99504,6.1,7.0,,
2014,4426,2015-05-17 13:30:00,premier,Swansea,Manchester City,2,4,1.06125,2.28119,5.7,7.0,,
2014,4427,2015-05-17 16:00:00,premier,Manchester United,Arsenal,1,1,0.715214,1.06814,7.9,5.8,,
2014,4428,2015-05-18 20:00:00,premier,West Bromwich Albion,Chelsea,3,0,1.22743,1.07679,9.2,8.2,,
2014,4429,2015-05-20 19:45:00,premier,Arsenal,Sunderland,0,0,1.68909,1.50177,3.2,4.2,,
2014,4430,2015-05-24 15:00:00,premier,Aston Villa,Burnley,0,1,0.654751,0.66113,8.1,8.0,,
2014,4431,2015-05-24 15:00:00,premier,Chelsea,Sunderland,3,1,2.52912,1.39272,5.8,3.8,,
2014,4432,2015-05-24 15:00:00,premier,Crystal Palace,Swansea,1,0,1.07504,0.118613,7.9,7.1,,
2014,4433,2015-05-24 15:00:00,premier,Arsenal,West Bromwich Albion,4,1,3.16614,0.569092,3.8,5.8,,
2014,4434,2015-05-24 15:00:00,premier,Everton,Tottenham,0,1,0.646215,1.39049,8.0,8.0,,
2014,4435,2015-05-24 15:00:00,premier,Hull,Manchester United,0,0,0.984196,0.399522,8.0,7.0,,
2014,4436,2015-05-24 15:00:00,premier,Leicester,Queens Park Rangers,5,1,2.17428,1.26755,8.0,8.0,,
2014,4437,2015-05-24 15:00:00,premier,Manchester City,Southampton,2,0,2.44073,0.775853,7.1,8.1,,
2014,4438,2015-05-24 15:00:00,premier,Newcastle United,West Ham,2,0,1.64216,0.416396,8.0,8.0,,
2014,4439,2015-05-24 15:00:00,premier,Stoke,Liverpool,6,1,2.15707,1.02292,8.0,7.9,,
2015,81,2015-08-08 15:45:00,premier,Manchester United,Tottenham,1,0,0.627539,0.6746,60.0,60.0,,
2015,82,2015-08-08 18:00:00,premier,Bournemouth,Aston Villa,0,1,0.876106,0.782253,14.0,60.0,,
2015,83,2015-08-08 18:00:00,premier,Everton,Watford,2,2,0.604226,0.557892,60.0,14.0,,
2015,84,2015-08-08 18:00:00,premier,Leicester,Sunderland,4,2,2.56803,1.45946,60.0,60.0,,
2015,85,2015-08-08 18:00:00,premier,Norwich,Crystal Palace,1,3,1.13076,2.10975,14.0,60.0,,
2015,86,2015-08-08 20:30:00,premier,Chelsea,Swansea,2,2,0.64396,2.59203,60.0,60.0,,
2015,87,2015-08-09 16:30:00,premier,Newcastle United,Southampton,2,2,1.54613,1.2529,60.0,60.0,,
2015,88,2015-08-09 16:30:00,premier,Arsenal,West Ham,0,2,1.33166,0.535961,60.0,60.0,,
2015,89,2015-08-09 19:00:00,premier,Stoke,Liverpool,0,1,0.381274,0.329873,60.0,60.0,,
2015,90,2015-08-10 23:00:00,premier,West Bromwich Albion,Manchester City,0,3,0.435238,1.9242,60.0,60.0,,
2015,91,2015-08-14 22:45:00,premier,Aston Villa,Manchester United,0,1,0.219118,0.660404,6.2,6.3,,
2015,92,2015-08-15 15:45:00,premier,Southampton,Everton,0,3,1.06214,1.39628,6.0,6.9,,
2015,93,2015-08-15 18:00:00,premier,Sunderland,Norwich,1,3,0.329128,1.71686,7.0,7.0,,
2015,94,2015-08-15 18:00:00,premier,Swansea,Newcastle United,2,0,1.97424,0.113109,6.9,6.1,,
2015,95,2015-08-15 18:00:00,premier,Tottenham,Stoke,2,2,1.70614,2.80956,7.1,6.0,,
2015,96,2015-08-15 18:00:00,premier,Watford,West Bromwich Albion,0,0,0.760848,0.684036,7.0,4.8,,
2015,97,2015-08-15 18:00:00,premier,West Ham,Leicester,1,2,0.513491,1.80939,6.1,7.0,,
2015,98,2015-08-16 16:30:00,premier,Crystal Palace,Arsenal,1,2,0.964134,2.05542,7.9,7.0,,
2015,99,2015-08-16 19:00:00,premier,Manchester City,Chelsea,3,0,2.18579,0.482423,5.8,7.9,,
2015,100,2015-08-17 23:00:00,premier,Liverpool,Bournemouth,1,0,2.15062,0.460805,8.2,9.2,,
2015,101,2015-08-22 15:45:00,premier,Manchester United,Newcastle United,0,0,1.2491,0.4384,7.7,6.9,,
2015,102,2015-08-22 18:00:00,premier,Norwich,Stoke,1,1,3.14888,0.698228,7.0,7.0,,
2015,103,2015-08-22 18:00:00,premier,Sunderland,Swansea,1,1,0.569426,1.56064,7.0,7.0,,
2015,104,2015-08-22 18:00:00,premier,Crystal Palace,Aston Villa,2,1,1.23807,0.765278,6.1,7.8,,
2015,105,2015-08-22 18:00:00,premier,Leicester,Tottenham,1,1,0.829012,1.89437,7.0,7.0,,
2015,106,2015-08-22 18:00:00,premier,West Ham,Bournemouth,3,4,1.50203,2.8554,7.0,4.8,,
2015,107,2015-08-23 16:30:00,premier,West Bromwich Albion,Chelsea,2,3,1.42622,2.02778,7.9,6.9,,
2015,108,2015-08-23 19:00:00,premier,Everton,Manchester City,0,2,0.579338,1.57983,8.1,7.0,,
2015,109,2015-08-23 19:00:00,premier,Watford,Southampton,0,0,1.17588,0.68359,8.0,8.1,,
2015,110,2015-08-24 23:00:00,premier,Arsenal,Liverpool,0,0,1.83755,1.29206,8.3,7.0,,
2015,111,2015-08-29 15:45:00,premier,Newcastle United,Arsenal,0,1,0.0319694,2.33948,7.0,4.7,,
2015,112,2015-08-29 18:00:00,premier,Stoke,West Bromwich Albion,0,1,1.21771,0.881194,7.0,6.1,,
2015,113,2015-08-29 18:00:00,premier,Aston Villa,Sunderland,2,2,2.27406,0.368848,7.0,7.0,,
2015,114,2015-08-29 18:00:00,premier,Bournemouth,Leicester,1,1,0.321432,0.919097,7.0,7.0,,
2015,115,2015-08-29 18:00:00,premier,Chelsea,Crystal Palace,1,2,1.27906,2.19283,6.1,7.0,,
2015,116,2015-08-29 18:00:00,premier,Liverpool,West Ham,0,3,0.561737,0.97217,4.8,7.0,,
2015,117,2015-08-29 18:00:00,premier,Manchester City,Watford,2,0,1.52895,0.363603,6.0,6.0,,
2015,118,2015-08-29 20:30:00,premier,Tottenham,Everton,0,0,1.99917,0.694692,7.1,6.1,,
2015,119,2015-08-30 16:30:00,premier,Southampton,Norwich,3,0,2.85501,0.639434,6.9,7.9,,
2015,120,2015-08-30 19:00:00,premier,Swansea,Manchester United,2,1,0.971183,1.28089,8.0,8.1,,
2015,121,2015-09-12 15:45:00,premier,Everton,Chelsea,3,1,1.18026,0.656048,13.8,13.9,,
2015,122,2015-09-12 18:00:00,premier,Arsenal,Stoke,2,0,4.42684,0.191277,14.1,14.0,,
2015,123,2015-09-12 18:00:00,premier,Crystal Palace,Manchester City,0,1,0.743193,3.08883,14.0,14.0,,
2015,124,2015-09-12 18:00:00,premier,Watford,Swansea,1,0,1.57333,0.503008,14.0,13.0,,
2015,125,2015-09-12 18:00:00,premier,West Bromwich Albion,Southampton,0,0,0.409143,1.00731,14.0,13.1,,
2015,126,2015-09-12 18:00:00,premier,Norwich,Bournemouth,3,1,1.33151,0.389495,13.1,14.0,,
2015,127,2015-09-12 20:30:00,premier,Manchester United,Liverpool,3,1,1.46206,1.02572,13.1,14.1,,
2015,128,2015-09-13 16:30:00,premier,Sunderland,Tottenham,0,1,1.0407,1.45615,14.9,14.8,,
2015,129,2015-09-13 19:00:00,premier,Leicester,Aston Villa,3,2,1.34987,0.953181,15.0,15.0,,
2015,130,2015-09-14 23:00:00,premier,West Ham,Newcastle United,2,0,1.71282,0.716599,16.2,16.3,,
2015,131,2015-09-19 15:45:00,premier,Chelsea,Arsenal,2,0,2.0687,0.775312,7.0,6.9,,
2015,132,2015-09-19 18:00:00,premier,Newcastle United,Watford,1,2,1.15114,1.33961,4.8,7.0,,
2015,133,2015-09-19 18:00:00,premier,Aston Villa,West Bromwich Albion,0,1,0.876719,0.632761,6.0,7.0,,
2015,134,2015-09-19 18:00:00,premier,Bournemouth,Sunderland,2,0,0.644335,0.854867,7.0,6.1,,
2015,135,2015-09-19 18:00:00,premier,Stoke,Leicester,2,2,1.14717,1.22582,7.0,6.0,,
2015,136,2015-09-19 18:00:00,premier,Swansea,Everton,0,0,0.864868,1.77458,7.0,7.1,,
2015,137,2015-09-19 20:30:00,premier,Manchester City,West Ham,1,2,2.98465,0.995273,7.1,4.9,,
2015,138,2015-09-20 16:30:00,premier,Tottenham,Crystal Palace,1,0,1.01573,0.538439,7.0,7.9,,
2015,139,2015-09-20 19:00:00,premier,Southampton,Manchester United,2,3,1.83663,1.65119,8.0,7.9,,
2015,140,2015-09-20 19:00:00,premier,Liverpool,Norwich,1,1,1.90447,0.556271,7.9,8.0,,
2015,141,2015-09-26 15:45:00,premier,Tottenham,Manchester City,4,1,2.30799,1.57842,6.0,6.8,,
2015,142,2015-09-26 18:00:00,premier,Southampton,Swansea,3,1,1.55418,1.41962,6.0,7.0,,
2015,143,2015-09-26 18:00:00,premier,Stoke,Bournemouth,2,1,1.94483,0.871678,7.0,7.0,,
2015,144,2015-09-26 18:00:00,premier,Leicester,Arsenal,2,5,1.38516,3.89623,7.0,7.1,,
2015,145,2015-09-26 18:00:00,premier,Liverpool,Aston Villa,3,2,1.78331,0.892054,6.0,7.0,,
2015,146,2015-09-26 18:00:00,premier,Manchester United,Sunderland,3,0,2.8971,0.832139,6.0,7.0,,
2015,147,2015-09-26 18:00:00,premier,West Ham,Norwich,2,2,2.60407,1.38603,6.9,6.0,,
2015,148,2015-09-26 20:30:00,premier,Newcastle United,Chelsea,2,2,0.702109,1.30593,7.1,7.2,,
2015,149,2015-09-27 19:00:00,premier,Watford,Crystal Palace,0,1,0.685939,2.33566,8.0,7.1,,
2015,150,2015-09-28 23:00:00,premier,West Bromwich Albion,Everton,2,3,1.27511,2.30159,9.2,9.2,,
2015,151,2015-10-03 15:45:00,premier,Crystal Palace,West Bromwich Albion,2,0,1.99083,0.255528,5.9,4.7,,
2015,152,2015-10-03 18:00:00,premier,Aston Villa,Stoke,0,1,0.839028,1.03499,7.0,7.0,,
2015,153,2015-10-03 18:00:00,premier,Bournemouth,Watford,1,1,1.50268,0.913291,7.0,6.0,,
2015,154,2015-10-03 18:00:00,premier,Manchester City,Newcastle United,6,1,3.3346,0.980279,7.1,6.9,,
2015,155,2015-10-03 18:00:00,premier,Norwich,Leicester,1,2,1.18074,3.00282,7.0,7.0,,
2015,156,2015-10-03 18:00:00,premier,Sunderland,West Ham,2,2,1.08401,1.93656,7.0,7.0,,
2015,157,2015-10-03 20:30:00,premier,Chelsea,Southampton,1,3,0.520175,1.58246,7.0,7.1,,
2015,158,2015-10-04 16:30:00,premier,Everton,Liverpool,1,1,1.20063,1.30844,5.7,7.9,,
2015,159,2015-10-04 19:00:00,premier,Swansea,Tottenham,2,2,0.774806,1.18142,8.0,8.1,,
2015,160,2015-10-04 19:00:00,premier,Arsenal,Manchester United,3,0,2.16952,1.03953,8.0,8.0,,
2015,161,2015-10-17 15:45:00,premier,Tottenham,Liverpool,0,0,0.586228,0.715892,12.9,13.0,,
2015,162,2015-10-17 18:00:00,premier,Southampton,Leicester,2,2,1.46668,2.78648,13.9,14.0,,
2015,163,2015-10-17 18:00:00,premier,West Bromwich Albion,Sunderland,1,0,2.07781,0.658473,14.1,14.0,,
2015,164,2015-10-17 18:00:00,premier,Chelsea,Aston Villa,2,0,1.22875,0.795846,13.9,14.0,,
2015,165,2015-10-17 18:00:00,premier,Crystal Palace,West Ham,1,3,1.08391,2.76356,14.1,14.0,,
2015,166,2015-10-17 18:00:00,premier,Everton,Manchester United,0,3,0.653457,1.47853,13.1,13.0,,
2015,167,2015-10-17 18:00:00,premier,Manchester City,Bournemouth,5,1,4.71274,0.173025,14.0,14.0,,
2015,168,2015-10-17 20:30:00,premier,Watford,Arsenal,0,3,0.254791,2.69046,14.1,13.1,,
2015,169,2015-10-18 19:00:00,premier,Newcastle United,Norwich,6,2,2.24896,1.34395,15.0,15.0,,
2015,170,2015-10-19 23:00:00,premier,Swansea,Stoke,0,1,0.485489,1.64894,15.2,16.2,,
2015,171,2015-10-24 18:00:00,premier,Aston Villa,Swansea,1,2,1.09516,1.74353,7.0,4.8,,
2015,172,2015-10-24 18:00:00,premier,Leicester,Crystal Palace,1,0,1.33502,0.240008,7.0,7.0,,
2015,173,2015-10-24 18:00:00,premier,West Ham,Chelsea,2,1,0.77284,1.1356,7.0,7.0,,
2015,174,2015-10-24 18:00:00,premier,Norwich,West Bromwich Albion,0,1,1.03228,1.45436,6.0,7.0,,
2015,175,2015-10-24 18:00:00,premier,Stoke,Watford,0,2,0.848432,1.0403,4.8,6.9,,
2015,176,2015-10-24 20:30:00,premier,Arsenal,Everton,2,1,2.55754,0.373025,7.0,7.1,,
2015,177,2015-10-25 16:00:00,premier,Sunderland,Newcastle United,3,0,2.37969,1.41744,7.9,6.9,,
2015,178,2015-10-25 18:05:00,premier,Bournemouth,Tottenham,1,5,0.490581,3.43313,8.0,8.1,,
2015,179,2015-10-25 18:05:00,premier,Manchester United,Manchester City,0,0,0.391754,0.310718,8.0,8.0,,
2015,180,2015-10-25 20:15:00,premier,Liverpool,Southampton,1,1,0.682823,1.56383,8.2,8.1,,
2015,181,2015-10-31 16:45:00,premier,Chelsea,Liverpool,1,3,0.735762,0.839342,6.9,5.9,,
2015,182,2015-10-31 19:00:00,premier,Crystal Palace,Manchester United,0,0,0.939118,0.394404,7.0,6.0,,
2015,183,2015-10-31 19:00:00,premier,Manchester City,Norwich,2,1,2.83557,1.17497,6.0,7.0,,
2015,184,2015-10-31 19:00:00,premier,Newcastle United,Stoke,0,0,1.26075,1.38017,6.1,7.0,,
2015,185,2015-10-31 19:00:00,premier,Swansea,Arsenal,0,3,0.264441,2.17657,7.0,6.9,,
2015,186,2015-10-31 19:00:00,premier,Watford,West Ham,2,0,1.61544,0.605625,7.0,7.0,,
2015,187,2015-10-31 19:00:00,premier,West Bromwich Albion,Leicester,2,3,1.50447,2.22545,7.0,7.0,,
2015,188,2015-11-01 17:30:00,premier,Everton,Sunderland,6,2,2.34852,1.21834,7.9,7.1,,
2015,189,2015-11-01 20:00:00,premier,Southampton,Bournemouth,2,0,1.15966,0.712132,7.0,7.1,,
2015,190,2015-11-03 00:00:00,premier,Tottenham,Aston Villa,3,1,1.14374,0.325711,8.2,9.2,,
2015,191,2015-11-07 16:45:00,premier,Bournemouth,Newcastle United,0,1,1.00427,0.504409,5.9,6.9,,
2015,192,2015-11-07 19:00:00,premier,Leicester,Watford,2,1,1.56389,1.00531,7.0,7.0,,
2015,193,2015-11-07 19:00:00,premier,Manchester United,West Bromwich Albion,2,0,1.2779,0.594031,7.0,7.0,,
2015,194,2015-11-07 19:00:00,premier,Norwich,Swansea,1,0,1.19517,0.402284,7.0,7.0,,
2015,195,2015-11-07 19:00:00,premier,West Ham,Everton,1,1,0.589567,1.08814,7.0,6.1,,
2015,196,2015-11-07 19:00:00,premier,Sunderland,Southampton,0,1,0.299104,1.79578,6.1,6.0,,
2015,197,2015-11-07 21:30:00,premier,Stoke,Chelsea,1,0,0.825418,1.02642,7.1,7.2,,
2015,198,2015-11-08 17:30:00,premier,Aston Villa,Manchester City,0,0,0.182741,1.53281,5.7,7.9,,
2015,199,2015-11-08 20:00:00,premier,Arsenal,Tottenham,1,1,2.01767,0.90585,8.0,5.8,,
2015,200,2015-11-08 20:00:00,premier,Liverpool,Crystal Palace,1,2,2.15673,0.849281,8.1,8.0,,
2015,201,2015-11-21 16:45:00,premier,Watford,Manchester United,1,2,1.47077,1.30264,13.9,13.9,,
2015,202,2015-11-21 19:00:00,premier,Swansea,Bournemouth,2,2,1.88526,1.58509,14.0,14.1,,
2015,203,2015-11-21 19:00:00,premier,Southampton,Stoke,0,1,0.709485,1.19495,14.0,13.9,,
2015,204,2015-11-21 19:00:00,premier,West Bromwich Albion,Arsenal,2,1,0.332888,2.08956,14.0,13.0,,
2015,205,2015-11-21 19:00:00,premier,Newcastle United,Leicester,0,3,0.372387,3.27478,14.1,14.0,,
2015,206,2015-11-21 19:00:00,premier,Everton,Aston Villa,4,0,2.83068,0.322061,14.0,13.1,,
2015,207,2015-11-21 19:00:00,premier,Chelsea,Norwich,1,0,2.16487,0.202798,13.9,14.0,,
2015,208,2015-11-21 21:30:00,premier,Manchester City,Liverpool,1,4,1.08612,2.61697,13.2,13.1,,
2015,209,2015-11-22 20:00:00,premier,Tottenham,West Ham,4,1,3.22353,0.818937,14.0,15.0,,
2015,210,2015-11-24 00:00:00,premier,Crystal Palace,Sunderland,0,1,0.696183,1.30739,15.2,16.2,,
2015,211,2015-11-28 19:00:00,premier,Sunderland,Stoke,2,0,0.863466,0.79464,4.8,7.0,,
2015,212,2015-11-28 19:00:00,premier,Aston Villa,Watford,2,3,1.48969,1.45176,7.0,7.1,,
2015,213,2015-11-28 19:00:00,premier,Bournemouth,Everton,3,3,1.69105,0.729005,7.0,7.0,,
2015,214,2015-11-28 19:00:00,premier,Crystal Palace,Newcastle United,5,1,1.67836,0.791299,4.8,7.0,,
2015,215,2015-11-28 19:00:00,premier,Manchester City,Southampton,3,1,2.12331,1.24478,6.9,7.0,,
2015,216,2015-11-28 21:30:00,premier,Leicester,Manchester United,1,1,0.876256,1.05613,7.1,7.2,,
2015,217,2015-11-29 16:00:00,premier,Tottenham,Chelsea,0,0,0.333494,0.283375,6.8,7.9,,
2015,218,2015-11-29 18:05:00,premier,West Ham,West Bromwich Albion,1,1,1.41404,0.866305,6.9,8.0,,
2015,219,2015-11-29 20:15:00,premier,Liverpool,Swansea,1,0,1.19358,0.367517,7.9,8.1,,
2015,220,2015-11-29 20:15:00,premier,Norwich,Arsenal,1,1,1.01025,1.65699,8.1,8.1,,
2015,221,2015-12-05 16:45:00,premier,Stoke,Manchester City,2,0,2.01436,0.483752,6.9,6.9,,
2015,222,2015-12-05 19:00:00,premier,Swansea,Leicester,0,3,0.780602,2.20962,5.9,6.9,,
2015,223,2015-12-05 19:00:00,premier,Watford,Norwich,2,0,2.07199,0.310524,7.0,5.9,,
2015,224,2015-12-05 19:00:00,premier,West Bromwich Albion,Tottenham,1,1,1.48695,1.12876,6.0,6.1,,
2015,225,2015-12-05 19:00:00,premier,Arsenal,Sunderland,3,1,2.29559,1.5228,5.9,7.0,,
2015,226,2015-12-05 19:00:00,premier,Manchester United,West Ham,0,0,1.76061,1.10206,6.9,6.0,,
2015,227,2015-12-05 19:00:00,premier,Southampton,Aston Villa,1,1,2.86051,1.058,7.0,7.0,,
2015,228,2015-12-05 21:30:00,premier,Chelsea,Bournemouth,0,1,1.66952,1.25911,6.2,7.1,,
2015,229,2015-12-06 20:00:00,premier,Newcastle United,Liverpool,2,0,0.646346,0.999043,8.0,7.0,,
2015,230,2015-12-08 00:00:00,premier,Everton,Crystal Palace,1,1,1.69774,1.1905,9.2,9.2,,
2015,231,2015-12-12 16:45:00,premier,Norwich,Everton,1,1,1.49283,2.43558,6.9,4.7,,
2015,232,2015-12-12 19:00:00,premier,Manchester City,Swansea,2,1,1.34338,0.962789,7.1,7.0,,
2015,233,2015-12-12 19:00:00,premier,Sunderland,Watford,0,1,0.879474,2.0562,7.0,7.0,,
2015,234,2015-12-12 19:00:00,premier,Crystal Palace,Southampton,1,0,1.31177,0.890411,4.8,7.0,,
2015,235,2015-12-12 19:00:00,premier,West Ham,Stoke,0,0,1.13181,1.87239,7.0,7.1,,
2015,236,2015-12-12 21:30:00,premier,Bournemouth,Manchester United,2,1,1.05032,1.96768,7.0,7.1,,
2015,237,2015-12-13 17:30:00,premier,Aston Villa,Arsenal,0,2,1.00876,1.68498,7.9,7.9,,
2015,238,2015-12-13 20:00:00,premier,Liverpool,West Bromwich Albion,2,2,2.12583,0.835885,7.0,8.0,,
2015,239,2015-12-13 20:00:00,premier,Tottenham,Newcastle United,1,2,1.03317,1.55252,8.0,7.0,,
2015,240,2015-12-15 00:00:00,premier,Leicester,Chelsea,2,1,0.708846,2.26887,9.2,9.1,,
2015,241,2015-12-19 19:00:00,premier,West Bromwich Albion,Bournemouth,1,2,0.698255,1.89177,6.0,6.9,,
2015,242,2015-12-19 19:00:00,premier,Southampton,Tottenham,0,2,0.83385,1.47453,7.0,6.0,,
2015,243,2015-12-19 19:00:00,premier,Stoke,Crystal Palace,1,2,2.41499,1.95347,7.0,7.0,,
2015,244,2015-12-19 19:00:00,premier,Chelsea,Sunderland,3,1,3.02023,1.23573,4.8,7.0,,
2015,245,2015-12-19 19:00:00,premier,Everton,Leicester,2,3,1.48982,2.02911,7.1,4.8,,
2015,246,2015-12-19 19:00:00,premier,Manchester United,Norwich,1,2,1.01394,0.556897,6.9,7.1,,
2015,247,2015-12-19 21:30:00,premier,Newcastle United,Aston Villa,1,1,1.28189,0.404373,6.1,6.2,,
2015,248,2015-12-20 17:30:00,premier,Watford,Liverpool,3,0,1.99336,0.376313,7.9,6.9,,
2015,249,2015-12-20 20:00:00,premier,Swansea,West Ham,0,0,0.973378,0.401988,8.0,8.0,,
2015,250,2015-12-22 00:00:00,premier,Arsenal,Manchester City,2,1,1.50109,0.769378,8.3,9.2,,
2015,251,2015-12-26 16:45:00,premier,Stoke,Manchester United,2,0,1.18211,1.28961,6.9,6.9,,
2015,252,2015-12-26 19:00:00,premier,Swansea,West Bromwich Albion,1,0,1.21243,0.554583,6.0,7.0,,
2015,253,2015-12-26 19:00:00,premier,Tottenham,Norwich,3,0,2.40666,0.452019,7.0,7.0,,
2015,254,2015-12-26 19:00:00,premier,Aston Villa,West Ham,1,1,1.61235,0.836027,6.9,6.0,,
2015,255,2015-12-26 19:00:00,premier,Bournemouth,Crystal Palace,0,0,0.871395,0.405181,7.0,7.0,,
2015,256,2015-12-26 19:00:00,premier,Chelsea,Watford,2,2,2.09356,1.667,7.0,6.1,,
2015,257,2015-12-26 19:00:00,premier,Liverpool,Leicester,1,0,1.37933,0.505167,6.1,7.0,,
2015,258,2015-12-26 19:00:00,premier,Manchester City,Sunderland,4,1,3.51848,1.08103,4.8,7.0,,
2015,259,2015-12-26 21:30:00,premier,Newcastle United,Everton,0,1,1.35711,1.69923,7.0,7.1,,
2015,260,2015-12-26 23:45:00,premier,Southampton,Arsenal,4,0,2.4303,0.83106,7.2,5.0,,
2015,261,2015-12-28 19:00:00,premier,West Bromwich Albion,Newcastle United,1,0,2.1039,0.456189,2.0,1.9,,
2015,262,2015-12-28 19:00:00,premier,Watford,Tottenham,1,2,1.13011,0.527248,2.0,2.0,,
2015,263,2015-12-28 19:00:00,premier,Norwich,Aston Villa,2,0,1.10319,0.235874,2.0,2.0,,
2015,264,2015-12-28 19:00:00,premier,Crystal Palace,Swansea,0,0,0.735185,0.169425,2.0,2.0,,
2015,265,2015-12-28 19:00:00,premier,Everton,Stoke,3,4,2.2472,1.58159,1.9,2.1,,
2015,266,2015-12-28 21:30:00,premier,Arsenal,Bournemouth,2,0,3.12958,0.343752,1.9,2.1,,
2015,267,2015-12-28 21:30:00,premier,Manchester United,Chelsea,0,0,1.35213,0.900029,2.2,2.1,,
2015,268,2015-12-28 21:30:00,premier,West Ham,Southampton,2,1,1.79562,1.3709,2.1,1.9,,
2015,269,2015-12-29 23:45:00,premier,Leicester,Manchester City,0,0,0.810377,1.66777,3.2,3.2,,
2015,270,2015-12-30 23:45:00,premier,Sunderland,Liverpool,0,1,0.481551,1.80743,4.2,4.2,,
2015,271,2016-01-02 16:45:00,premier,West Ham,Liverpool,2,0,2.06737,1.86591,4.8,2.7,,
2015,272,2016-01-02 19:00:00,premier,West Bromwich Albion,Stoke,2,1,1.72318,0.917526,5.0,5.0,,
2015,273,2016-01-02 19:00:00,premier,Arsenal,Newcastle United,1,0,1.93025,1.15339,4.9,5.0,,
2015,274,2016-01-02 19:00:00,premier,Leicester,Bournemouth,0,0,2.28506,1.2593,3.8,4.9,,
2015,275,2016-01-02 19:00:00,premier,Manchester United,Swansea,2,1,1.74266,0.542907,4.9,5.0,,
2015,276,2016-01-02 19:00:00,premier,Norwich,Southampton,1,0,1.50509,0.932294,5.0,4.9,,
2015,277,2016-01-02 19:00:00,premier,Sunderland,Aston Villa,3,1,0.761225,0.27956,2.8,5.0,,
2015,278,2016-01-02 21:30:00,premier,Watford,Manchester City,1,2,0.985368,0.692054,5.1,3.9,,
2015,279,2016-01-03 17:30:00,premier,Crystal Palace,Chelsea,0,3,0.546499,2.3747,5.9,5.8,,
2015,280,2016-01-03 20:00:00,premier,Everton,Tottenham,1,1,0.721603,0.75907,6.0,6.0,,
2015,281,2016-01-12 23:45:00,premier,Newcastle United,Manchester United,3,3,1.81304,2.36216,10.2,10.2,,
2015,282,2016-01-12 23:45:00,premier,Aston Villa,Crystal Palace,1,0,0.551973,0.547913,10.2,9.3,,
2015,283,2016-01-12 23:45:00,premier,Bournemouth,West Ham,1,3,0.729546,1.18455,10.2,10.3,,
2015,284,2016-01-13 23:45:00,premier,Southampton,Watford,2,0,1.7224,0.11543,11.2,11.1,,
2015,285,2016-01-13 23:45:00,premier,Stoke,Norwich,3,1,1.24456,0.193728,11.2,11.2,,
2015,286,2016-01-13 23:45:00,premier,Swansea,Sunderland,2,4,1.06526,2.49057,11.2,11.2,,
2015,287,2016-01-13 23:45:00,premier,Chelsea,West Bromwich Albion,2,2,1.38532,0.704263,10.3,11.2,,
2015,288,2016-01-13 23:45:00,premier,Manchester City,Everton,0,0,1.44957,0.369548,11.1,10.2,,
2015,289,2016-01-14 00:00:00,premier,Liverpool,Arsenal,3,3,1.16222,2.22912,11.3,11.2,,
2015,290,2016-01-14 00:00:00,premier,Tottenham,Leicester,0,1,1.2301,0.588708,10.2,11.2,,
2015,291,2016-01-16 16:45:00,premier,Tottenham,Sunderland,4,1,2.02579,0.617306,2.7,2.7,,
2015,292,2016-01-16 19:00:00,premier,Manchester City,Crystal Palace,4,0,1.74025,0.613339,2.8,3.8,,
2015,293,2016-01-16 19:00:00,premier,Newcastle United,West Ham,2,1,1.84261,1.08248,3.8,3.8,,
2015,294,2016-01-16 19:00:00,premier,Southampton,West Bromwich Albion,3,0,1.42623,0.410757,2.8,2.8,,
2015,295,2016-01-16 19:00:00,premier,Chelsea,Everton,3,3,2.44864,1.5891,2.8,2.8,,
2015,296,2016-01-16 19:00:00,premier,Bournemouth,Norwich,3,0,2.53086,0.595472,3.8,2.8,,
2015,297,2016-01-16 21:30:00,premier,Aston Villa,Leicester,1,1,0.665386,2.21525,3.9,2.9,,
2015,298,2016-01-17 18:05:00,premier,Liverpool,Manchester United,0,1,0.952974,0.715703,3.8,4.8,,
2015,299,2016-01-17 20:15:00,premier,Stoke,Arsenal,0,0,0.546879,0.585841,3.9,3.8,,
2015,300,2016-01-19 00:00:00,premier,Swansea,Watford,1,0,0.474035,0.525478,5.0,5.0,,
2015,301,2016-01-23 16:45:00,premier,Norwich,Liverpool,4,5,1.03432,1.44943,6.9,5.9,,
2015,302,2016-01-23 19:00:00,premier,Crystal Palace,Tottenham,1,3,0.930792,1.74368,7.0,7.1,,
2015,303,2016-01-23 19:00:00,premier,Manchester United,Southampton,0,1,0.187217,0.83591,6.0,7.0,,
2015,304,2016-01-23 19:00:00,premier,Leicester,Stoke,3,0,2.25906,0.340483,6.9,5.9,,
2015,305,2016-01-23 19:00:00,premier,West Bromwich Albion,Aston Villa,0,0,0.23184,0.562461,7.0,6.9,,
2015,306,2016-01-23 19:00:00,premier,Sunderland,Bournemouth,1,1,0.612134,1.26851,7.1,7.0,,
2015,307,2016-01-23 19:00:00,premier,Watford,Newcastle United,2,1,2.58707,1.29267,4.8,7.0,,
2015,308,2016-01-23 21:30:00,premier,West Ham,Manchester City,2,2,1.01267,1.73182,7.1,7.1,,
2015,309,2016-01-24 17:30:00,premier,Everton,Swansea,1,2,1.94094,1.08055,7.9,5.7,,
2015,310,2016-01-24 20:00:00,premier,Arsenal,Chelsea,0,1,1.10907,1.48778,7.0,8.0,,
2015,311,2016-02-02 23:45:00,premier,Arsenal,Southampton,0,0,3.38487,0.93405,9.2,10.2,,
2015,312,2016-02-02 23:45:00,premier,Leicester,Liverpool,2,0,1.34566,0.580791,10.2,10.3,,
2015,313,2016-02-02 23:45:00,premier,Norwich,Tottenham,0,3,0.929319,2.75469,10.3,10.2,,
2015,314,2016-02-02 23:45:00,premier,Sunderland,Manchester City,0,1,0.888437,0.638461,10.2,10.1,,
2015,315,2016-02-02 23:45:00,premier,West Ham,Aston Villa,2,0,2.34619,0.107888,10.1,10.2,,
2015,316,2016-02-03 00:00:00,premier,Crystal Palace,Bournemouth,1,2,1.62395,1.17427,10.2,10.2,,
2015,317,2016-02-03 00:00:00,premier,Manchester United,Stoke,3,0,2.45272,0.350909,10.2,10.2,,
2015,318,2016-02-03 00:00:00,premier,West Bromwich Albion,Swansea,1,1,2.30645,1.17928,10.2,9.3,,
2015,319,2016-02-03 23:45:00,premier,Everton,Newcastle United,3,0,2.48447,0.626239,10.3,11.2,,
2015,320,2016-02-03 23:45:00,premier,Watford,Chelsea,0,0,0.531415,1.13694,11.2,10.2,,
2015,321,2016-02-06 16:45:00,premier,Manchester City,Leicester,1,3,1.70719,2.50168,3.7,3.7,,
2015,322,2016-02-06 19:00:00,premier,Newcastle United,West Bromwich Albion,1,0,2.41057,0.472556,2.8,3.8,,
2015,323,2016-02-06 19:00:00,premier,Stoke,Everton,0,3,0.693548,3.05913,3.8,2.8,,
2015,324,2016-02-06 19:00:00,premier,Tottenham,Watford,1,0,2.00475,0.149839,3.8,2.8,,
2015,325,2016-02-06 19:00:00,premier,Swansea,Crystal Palace,1,1,1.32136,1.01465,3.8,3.8,,
2015,326,2016-02-06 19:00:00,premier,Aston Villa,Norwich,2,0,0.918291,1.1413,3.8,3.8,,
2015,327,2016-02-06 19:00:00,premier,Liverpool,Sunderland,2,2,1.57712,0.491843,3.8,3.8,,
2015,328,2016-02-06 21:30:00,premier,Southampton,West Ham,1,0,1.06493,0.970583,3.9,3.9,,
2015,329,2016-02-07 17:30:00,premier,Bournemouth,Arsenal,0,2,0.584316,1.13957,4.7,4.7,,
2015,330,2016-02-07 20:00:00,premier,Chelsea,Manchester United,1,1,1.61554,0.780475,3.8,4.8,,
2015,331,2016-02-13 16:45:00,premier,Sunderland,Manchester United,2,1,1.48186,0.908296,6.9,5.9,,
2015,332,2016-02-13 19:00:00,premier,Swansea,Southampton,0,1,0.699012,1.19353,7.0,6.9,,
2015,333,2016-02-13 19:00:00,premier,Norwich,West Ham,2,2,1.03362,0.741428,7.0,6.9,,
2015,334,2016-02-13 19:00:00,premier,Everton,West Bromwich Albion,0,1,1.82912,1.1974,7.0,7.0,,
2015,335,2016-02-13 19:00:00,premier,Crystal Palace,Watford,1,2,0.983946,1.99728,7.0,7.0,,
2015,336,2016-02-13 19:00:00,premier,Bournemouth,Stoke,1,3,1.19427,0.927348,6.1,7.0,,
2015,337,2016-02-13 21:30:00,premier,Chelsea,Newcastle United,5,1,2.0858,0.430664,6.1,7.1,,
2015,338,2016-02-14 16:00:00,premier,Arsenal,Leicester,2,1,2.36319,1.31246,6.9,8.0,,
2015,339,2016-02-14 18:05:00,premier,Aston Villa,Liverpool,0,6,0.174868,2.00756,8.0,8.0,,
2015,340,2016-02-14 20:15:00,premier,Manchester City,Tottenham,1,2,1.97876,1.23517,8.1,8.1,,
2015,341,2016-02-27 16:45:00,premier,West Ham,Sunderland,1,0,0.52387,1.07887,13.9,14.0,,
2015,342,2016-02-27 19:00:00,premier,Watford,Bournemouth,0,0,1.00481,0.955252,14.0,14.0,,
2015,343,2016-02-27 19:00:00,premier,Leicester,Norwich,1,0,1.7645,0.814784,13.1,14.0,,
2015,344,2016-02-27 19:00:00,premier,Southampton,Chelsea,1,2,1.01074,0.631036,14.0,13.9,,
2015,345,2016-02-27 19:00:00,premier,Stoke,Aston Villa,2,1,2.04047,0.414343,14.0,13.0,,
2015,346,2016-02-27 21:30:00,premier,West Bromwich Albion,Crystal Palace,3,2,2.07488,1.21638,14.1,14.1,,
2015,347,2016-02-28 18:05:00,premier,Tottenham,Swansea,2,1,3.57325,1.24938,13.9,15.0,,
2015,348,2016-02-28 18:05:00,premier,Manchester United,Arsenal,3,2,1.09522,1.5435,15.1,14.1,,
2015,349,2016-03-01 23:45:00,premier,Aston Villa,Everton,1,3,0.60177,2.63668,3.2,17.2,,
2015,350,2016-03-01 23:45:00,premier,Bournemouth,Southampton,2,0,1.41228,0.954161,3.2,3.2,,
2015,351,2016-03-01 23:45:00,premier,Leicester,West Bromwich Albion,2,2,3.04626,1.29485,3.2,3.1,,
2015,352,2016-03-01 23:45:00,premier,Sunderland,Crystal Palace,2,2,0.93375,0.887448,3.3,3.1,,
2015,353,2016-03-01 23:45:00,premier,Norwich,Chelsea,1,2,1.24159,0.980988,3.2,3.2,,
2015,354,2016-03-02 23:45:00,premier,West Ham,Tottenham,1,0,0.784319,1.22673,4.3,3.2,,
2015,355,2016-03-02 23:45:00,premier,Arsenal,Swansea,1,2,1.4928,1.69788,3.2,3.2,,
2015,356,2016-03-02 23:45:00,premier,Stoke,Newcastle United,1,0,0.298318,0.270782,4.2,18.1,,
2015,357,2016-03-03 00:00:00,premier,Liverpool,Manchester City,3,0,1.16781,0.180318,17.2,17.2,,
2015,358,2016-03-03 00:00:00,premier,Manchester United,Watford,1,0,0.786278,2.16484,3.2,4.2,,
2015,359,2016-03-05 16:45:00,premier,Tottenham,Arsenal,2,2,1.88378,0.543157,2.7,2.7,,
2015,360,2016-03-05 19:00:00,premier,Southampton,Sunderland,1,1,1.54587,1.31562,3.8,3.8,,
2015,361,2016-03-05 19:00:00,premier,Swansea,Norwich,1,0,0.545937,0.580126,2.8,3.8,,
2015,362,2016-03-05 19:00:00,premier,Chelsea,Stoke,1,1,1.0615,1.60285,3.8,2.8,,
2015,363,2016-03-05 19:00:00,premier,Everton,West Ham,2,3,2.09025,2.72091,3.8,2.8,,
2015,364,2016-03-05 19:00:00,premier,Manchester City,Aston Villa,4,0,2.83271,0.121136,2.8,3.8,,
2015,365,2016-03-05 19:00:00,premier,Newcastle United,Bournemouth,1,3,0.833931,1.26853,2.8,3.8,,
2015,366,2016-03-05 21:30:00,premier,Watford,Leicester,0,1,0.829318,1.47042,2.9,3.9,,
2015,367,2016-03-06 17:30:00,premier,Crystal Palace,Liverpool,1,2,1.43901,2.27087,4.7,3.7,,
2015,368,2016-03-06 20:00:00,premier,West Bromwich Albion,Manchester United,1,0,0.565787,0.417622,4.8,3.8,,
2015,369,2016-03-12 16:45:00,premier,Norwich,Manchester City,0,0,0.139743,0.557373,6.9,6.9,,
2015,370,2016-03-12 19:00:00,premier,Stoke,Southampton,1,2,1.06676,0.874966,7.0,7.0,,
2015,371,2016-03-12 19:00:00,premier,Bournemouth,Swansea,3,2,0.70756,1.09562,7.0,7.0,,
2015,372,2016-03-13 20:00:00,premier,Aston Villa,Tottenham,0,2,1.84022,2.00141,8.0,8.1,,
2015,373,2016-03-14 00:00:00,premier,Leicester,Newcastle United,1,0,0.846771,0.518715,8.1,8.2,,
2015,374,2016-03-19 16:45:00,premier,Everton,Arsenal,0,2,0.58617,1.92384,13.9,14.0,,
2015,375,2016-03-19 19:00:00,premier,Crystal Palace,Leicester,0,1,0.784339,1.20315,13.1,5.8,,
2015,376,2016-03-19 19:00:00,premier,Chelsea,West Ham,2,2,2.1406,0.862828,14.0,14.0,,
2015,377,2016-03-19 19:00:00,premier,Watford,Stoke,1,2,0.879462,1.58145,13.9,7.0,,
2015,378,2016-03-19 19:00:00,premier,West Bromwich Albion,Norwich,0,1,0.332789,0.799255,13.0,7.1,,
2015,379,2016-03-19 21:30:00,premier,Swansea,Aston Villa,1,0,0.490469,0.730828,7.1,6.1,,
2015,380,2016-03-20 17:30:00,premier,Southampton,Liverpool,3,2,1.56873,1.29046,7.9,14.0,,
2015,381,2016-03-20 17:30:00,premier,Newcastle United,Sunderland,1,1,0.940593,0.785017,6.7,14.9,,
2015,382,2016-03-20 20:00:00,premier,Manchester City,Manchester United,0,1,1.86249,0.900312,8.1,14.0,,
2015,383,2016-03-20 20:00:00,premier,Tottenham,Bournemouth,3,0,2.02694,0.120366,7.0,8.0,,
2015,384,2016-04-02 15:45:00,premier,Aston Villa,Chelsea,0,4,0.72512,2.49358,13.8,13.9,,
2015,385,2016-04-02 18:00:00,premier,Arsenal,Watford,4,0,3.00742,0.290619,14.1,14.0,,
2015,386,2016-04-02 18:00:00,premier,Bournemouth,Manchester City,0,4,1.3239,0.868303,12.9,12.9,,
2015,387,2016-04-02 18:00:00,premier,Norwich,Newcastle United,3,2,1.65216,1.46835,14.0,13.0,,
2015,388,2016-04-02 18:00:00,premier,Stoke,Swansea,2,2,1.17598,0.4319,14.0,13.9,,
2015,389,2016-04-02 18:00:00,premier,Sunderland,West Bromwich Albion,0,0,1.54544,0.0635563,13.0,14.0,,
2015,390,2016-04-02 18:00:00,premier,West Ham,Crystal Palace,2,2,1.71369,1.65593,14.0,14.0,,
2015,391,2016-04-02 20:30:00,premier,Liverpool,Tottenham,1,1,1.37954,1.23579,13.1,13.0,,
2015,392,2016-04-03 16:30:00,premier,Leicester,Southampton,1,0,1.38701,0.670068,14.9,14.0,,
2015,393,2016-04-03 19:00:00,premier,Manchester United,Everton,1,0,0.998692,0.755625,14.0,15.1,,
2015,394,2016-04-09 15:45:00,premier,West Ham,Arsenal,3,3,1.10973,1.46966,6.9,6.9,,
2015,395,2016-04-09 18:00:00,premier,Watford,Everton,1,1,0.408379,1.59979,7.0,6.0,,
2015,396,2016-04-09 18:00:00,premier,Southampton,Newcastle United,3,1,1.78477,0.165982,6.1,7.0,,
2015,397,2016-04-09 18:00:00,premier,Swansea,Chelsea,1,0,1.9071,1.3003,7.0,7.1,,
2015,398,2016-04-09 18:00:00,premier,Aston Villa,Bournemouth,1,2,0.220872,1.0038,7.1,7.0,,
2015,399,2016-04-09 18:00:00,premier,Crystal Palace,Norwich,1,0,1.45029,0.675663,7.0,7.0,,
2015,400,2016-04-09 20:30:00,premier,Manchester City,West Bromwich Albion,2,1,2.07325,1.09413,7.1,7.1,,
2015,401,2016-04-10 16:30:00,premier,Sunderland,Leicester,0,2,0.872232,2.60072,7.9,7.0,,
2015,402,2016-04-10 19:00:00,premier,Tottenham,Manchester United,3,0,1.79647,0.341238,7.9,7.0,,
2015,403,2016-04-10 19:00:00,premier,Liverpool,Stoke,4,1,2.21484,0.85508,7.9,8.0,,
2015,404,2016-04-13 23:00:00,premier,Crystal Palace,Everton,0,0,1.59025,0.759269,4.2,4.2,,
2015,405,2016-04-16 15:45:00,premier,Norwich,Sunderland,0,3,1.09006,1.99748,6.9,6.0,,
2015,406,2016-04-16 18:00:00,premier,Manchester United,Aston Villa,1,0,1.09127,0.262427,6.0,7.0,,
2015,407,2016-04-16 18:00:00,premier,Everton,Southampton,1,1,0.318721,1.38323,2.8,7.0,,
2015,408,2016-04-16 18:00:00,premier,Newcastle United,Swansea,3,0,1.5024,0.787081,7.0,7.0,,
2015,409,2016-04-16 18:00:00,premier,West Bromwich Albion,Watford,0,1,2.2915,0.364852,6.9,7.0,,
2015,410,2016-04-16 20:30:00,premier,Chelsea,Manchester City,0,3,0.487715,2.62768,7.1,7.0,,
2015,411,2016-04-17 16:30:00,premier,Leicester,West Ham,2,2,1.95296,1.56819,7.0,8.0,,
2015,412,2016-04-17 16:30:00,premier,Bournemouth,Liverpool,1,2,0.85914,1.81443,7.9,6.9,,
2015,413,2016-04-17 19:00:00,premier,Arsenal,Crystal Palace,1,1,1.73461,0.275806,8.1,3.8,,
2015,414,2016-04-18 23:00:00,premier,Stoke,Tottenham,0,4,0.458376,2.89775,8.2,8.2,,
2015,415,2016-04-19 22:45:00,premier,Newcastle United,Manchester City,1,1,0.455246,0.522043,3.2,3.1,,
2015,416,2016-04-20 22:45:00,premier,West Ham,Watford,3,1,3.96294,1.22333,3.3,4.2,,
2015,417,2016-04-20 23:00:00,premier,Manchester United,Crystal Palace,2,0,1.46607,0.137416,4.2,3.2,,
2015,418,2016-04-20 23:00:00,premier,Liverpool,Everton,4,0,3.24472,0.0886329,3.3,4.2,,
2015,419,2016-04-21 22:45:00,premier,Arsenal,West Bromwich Albion,2,0,1.37348,0.839742,4.2,5.2,,
2015,420,2016-04-23 15:45:00,premier,Manchester City,Stoke,4,0,2.22482,1.09174,3.7,4.7,,
2015,421,2016-04-23 18:00:00,premier,Aston Villa,Southampton,2,4,1.47192,3.6648,7.0,7.0,,
2015,422,2016-04-23 18:00:00,premier,Bournemouth,Chelsea,1,4,0.575087,2.07192,6.1,6.9,,
2015,423,2016-04-23 18:00:00,premier,Liverpool,Newcastle United,2,2,0.712881,0.253033,2.8,3.8,,
2015,424,2016-04-24 17:05:00,premier,Sunderland,Arsenal,0,0,0.617149,0.97303,8.1,2.8,,
2015,425,2016-04-24 19:15:00,premier,Leicester,Swansea,4,0,3.31579,0.576457,7.1,8.1,,
2015,426,2016-04-25 23:00:00,premier,Tottenham,West Bromwich Albion,1,1,1.26346,0.894413,7.0,4.0,,
2015,427,2016-04-30 18:00:00,premier,Stoke,Sunderland,1,1,0.68487,1.43105,7.1,6.0,,
2015,428,2016-04-30 18:00:00,premier,Newcastle United,Crystal Palace,1,0,0.53407,1.05079,7.0,9.8,,
2015,429,2016-04-30 18:00:00,premier,Everton,Bournemouth,2,1,0.95281,1.42599,9.8,7.0,,
2015,430,2016-04-30 18:00:00,premier,Watford,Aston Villa,3,2,1.36255,0.491793,9.8,7.0,,
2015,431,2016-04-30 18:00:00,premier,West Bromwich Albion,West Ham,0,3,1.5346,1.27183,4.8,9.8,,
2015,432,2016-04-30 20:30:00,premier,Arsenal,Norwich,1,0,0.781508,0.578781,6.1,14.2,,
2015,433,2016-05-01 15:00:00,premier,Swansea,Liverpool,3,1,2.31862,0.776186,6.8,7.9,,
2015,434,2016-05-01 17:05:00,premier,Manchester United,Leicester,1,1,1.18462,1.16622,10.8,6.9,,
2015,435,2016-05-01 19:30:00,premier,Southampton,Manchester City,4,2,2.84362,1.12719,8.1,8.2,,
2015,436,2016-05-02 23:00:00,premier,Chelsea,Tottenham,2,2,0.81661,1.90407,9.2,7.0,,
2015,437,2016-05-07 15:45:00,premier,Norwich,Manchester United,0,1,1.36825,1.48344,6.8,5.9,,
2015,438,2016-05-07 18:00:00,premier,Crystal Palace,Stoke,2,1,1.31448,1.27766,7.0,7.0,,
2015,439,2016-05-07 18:00:00,premier,West Ham,Swansea,1,4,2.39454,2.47265,7.0,6.1,,
2015,440,2016-05-07 18:00:00,premier,Aston Villa,Newcastle United,0,0,0.0312154,1.09626,7.0,7.0,,
2015,441,2016-05-07 18:00:00,premier,Bournemouth,West Bromwich Albion,1,1,0.814964,1.34282,7.0,7.0,,
2015,442,2016-05-07 18:00:00,premier,Sunderland,Chelsea,3,2,0.773876,1.77677,7.0,4.8,,
2015,443,2016-05-07 20:30:00,premier,Leicester,Everton,3,1,4.50525,1.30184,6.1,7.1,,
2015,444,2016-05-08 16:30:00,premier,Tottenham,Southampton,1,2,2.55547,1.30812,5.7,6.9,,
2015,445,2016-05-08 19:00:00,premier,Liverpool,Watford,2,0,2.38919,0.930803,7.2,8.0,,
2015,446,2016-05-08 19:00:00,premier,Manchester City,Arsenal,2,2,0.75375,1.08084,7.0,7.9,,
2015,447,2016-05-10 23:30:00,premier,West Ham,Manchester United,3,2,2.13311,0.635987,3.2,3.3,,
2015,448,2016-05-11 22:45:00,premier,Norwich,Watford,4,2,2.41871,1.7686,4.3,3.2,,
2015,449,2016-05-11 22:45:00,premier,Sunderland,Everton,3,0,2.44887,1.16563,4.2,4.1,,
2015,450,2016-05-11 23:00:00,premier,Liverpool,Chelsea,1,1,1.83934,0.812268,3.2,4.2,,
2015,451,2016-05-15 18:00:00,premier,Arsenal,Aston Villa,4,0,3.40207,0.222731,7.0,8.0,,
2015,452,2016-05-15 18:00:00,premier,Chelsea,Leicester,1,1,1.86065,1.23491,3.8,7.9,,
2015,453,2016-05-15 18:00:00,premier,Everton,Norwich,3,0,2.40775,0.43016,3.8,3.8,,
2015,454,2016-05-15 18:00:00,premier,Newcastle United,Tottenham,5,1,2.42808,0.869082,8.0,7.1,,
2015,455,2016-05-15 18:00:00,premier,Southampton,Crystal Palace,4,1,2.32278,1.24857,7.1,8.0,,
2015,456,2016-05-15 18:00:00,premier,Stoke,West Ham,2,1,0.288737,2.94489,8.0,4.8,,
2015,457,2016-05-15 18:00:00,premier,Swansea,Manchester City,1,1,0.115604,2.04003,8.0,7.0,,
2015,458,2016-05-15 18:00:00,premier,Watford,Sunderland,2,2,1.95277,0.908817,3.8,3.8,,
2015,459,2016-05-15 18:00:00,premier,West Bromwich Albion,Liverpool,1,1,1.86869,0.419877,8.0,3.8,,
2015,460,2016-05-17 23:00:00,premier,Manchester United,Bournemouth,3,1,1.72109,0.503471,7.0,10.2,,
2016,461,2016-08-13 15:30:00,premier,Hull,Leicester,2,1,0.740018,2.45631,60.0,60.0,,
2016,462,2016-08-13 18:00:00,premier,Crystal Palace,West Bromwich Albion,0,1,0.990062,0.684593,60.0,60.0,,
2016,463,2016-08-13 18:00:00,premier,Everton,Tottenham,1,1,0.790063,1.12348,60.0,60.0,,
2016,464,2016-08-13 18:00:00,premier,Burnley,Swansea,0,1,1.04903,1.72089,60.0,60.0,,
2016,465,2016-08-13 18:00:00,premier,Middlesbrough,Stoke,1,1,1.80523,0.485626,14.0,60.0,,
2016,466,2016-08-13 18:00:00,premier,Southampton,Watford,1,1,0.937328,0.180046,60.0,60.0,,
2016,467,2016-08-13 20:30:00,premier,Manchester City,Sunderland,2,1,1.95479,1.09877,60.0,60.0,,
2016,468,2016-08-14 16:30:00,premier,Bournemouth,Manchester United,1,3,0.522847,1.91105,60.0,60.0,,
2016,469,2016-08-14 19:00:00,premier,Arsenal,Liverpool,3,4,1.18197,1.6591,60.0,60.0,,
2016,470,2016-08-15 23:00:00,premier,Chelsea,West Ham,2,1,1.4603,0.445604,60.0,60.0,,
2016,471,2016-08-19 23:00:00,premier,Manchester United,Southampton,2,0,1.36553,0.613233,5.3,6.2,,
2016,472,2016-08-20 15:30:00,premier,Stoke,Manchester City,1,4,1.31066,2.17198,6.9,6.8,,
2016,473,2016-08-20 18:00:00,premier,Burnley,Liverpool,2,0,0.197536,0.939025,7.0,6.0,,
2016,474,2016-08-20 18:00:00,premier,Swansea,Hull,0,2,1.14134,2.18655,7.0,7.1,,
2016,475,2016-08-20 18:00:00,premier,Tottenham,Crystal Palace,1,0,2.25623,0.357943,7.0,7.0,,
2016,476,2016-08-20 18:00:00,premier,Watford,Chelsea,1,2,0.804549,1.75595,7.0,4.8,,
2016,477,2016-08-20 18:00:00,premier,West Bromwich Albion,Everton,1,2,2.01885,1.83897,7.0,7.0,,
2016,478,2016-08-20 20:30:00,premier,Leicester,Arsenal,0,0,0.553693,0.521509,7.2,6.1,,
2016,479,2016-08-21 16:30:00,premier,Sunderland,Middlesbrough,1,2,1.4645,0.854908,7.8,7.9,,
2016,480,2016-08-21 19:00:00,premier,West Ham,Bournemouth,1,0,1.69288,0.39341,5.8,7.1,,
2016,481,2016-08-27 15:30:00,premier,Tottenham,Liverpool,1,1,0.590511,1.92569,6.9,6.9,,
2016,482,2016-08-27 18:00:00,premier,Watford,Arsenal,1,3,1.07775,2.03271,7.0,6.9,,
2016,483,2016-08-27 18:00:00,premier,Leicester,Swansea,2,1,2.47977,0.32818,6.9,7.0,,
2016,484,2016-08-27 18:00:00,premier,Southampton,Sunderland,1,1,0.613743,1.39142,7.8,6.1,,
2016,485,2016-08-27 18:00:00,premier,Chelsea,Burnley,3,0,2.65838,0.18449,7.0,7.0,,
2016,486,2016-08-27 18:00:00,premier,Crystal Palace,Bournemouth,1,1,2.659,0.974014,7.0,6.0,,
2016,487,2016-08-27 18:00:00,premier,Everton,Stoke,1,0,2.31835,0.187415,7.0,7.1,,
2016,488,2016-08-27 20:30:00,premier,Hull,Manchester United,0,1,0.268815,2.47208,7.1,7.9,,
2016,489,2016-08-28 16:30:00,premier,West Bromwich Albion,Middlesbrough,0,0,0.696845,0.396816,7.9,7.0,,
2016,490,2016-08-28 19:00:00,premier,Manchester City,West Ham,3,1,3.21624,1.08385,8.1,7.0,,
2016,491,2016-09-10 15:30:00,premier,Manchester United,Manchester City,1,2,1.01013,1.88688,13.8,12.9,,
2016,492,2016-09-10 18:00:00,premier,Middlesbrough,Crystal Palace,1,2,0.611959,1.12437,13.1,14.0,,
2016,493,2016-09-10 18:00:00,premier,Stoke,Tottenham,0,4,1.01771,2.77025,14.0,14.1,,
2016,494,2016-09-10 18:00:00,premier,Arsenal,Southampton,2,1,1.89219,1.17522,14.0,14.0,,
2016,495,2016-09-10 18:00:00,premier,Bournemouth,West Bromwich Albion,1,0,0.986511,1.48347,14.0,13.1,,
2016,496,2016-09-10 18:00:00,premier,Burnley,Hull,1,1,0.453149,0.907116,14.0,13.9,,
2016,497,2016-09-10 18:00:00,premier,West Ham,Watford,2,4,1.32216,1.85479,13.0,14.0,,
2016,498,2016-09-10 20:30:00,premier,Liverpool,Leicester,4,1,2.76916,1.22508,14.2,14.1,,
2016,499,2016-09-11 19:00:00,premier,Swansea,Chelsea,2,2,1.2304,2.19035,15.0,15.0,,
2016,500,2016-09-12 23:00:00,premier,Sunderland,Everton,0,3,1.0404,2.84526,16.2,16.2,,
2016,501,2016-09-16 23:00:00,premier,Chelsea,Liverpool,1,2,1.16415,1.41642,5.2,6.1,,
2016,502,2016-09-17 18:00:00,premier,Hull,Arsenal,1,4,0.969693,3.63453,7.0,7.0,,
2016,503,2016-09-17 18:00:00,premier,Leicester,Burnley,3,0,1.98503,0.464523,6.9,7.0,,
2016,504,2016-09-17 18:00:00,premier,Manchester City,Bournemouth,4,0,3.38733,0.389672,7.1,7.0,,
2016,505,2016-09-17 18:00:00,premier,West Bromwich Albion,West Ham,4,2,1.94229,2.37422,7.0,7.0,,
2016,506,2016-09-17 20:30:00,premier,Everton,Middlesbrough,3,1,1.17467,0.178081,4.9,7.1,,
2016,507,2016-09-18 15:00:00,premier,Watford,Manchester United,3,1,1.74506,1.41359,7.9,8.0,,
2016,508,2016-09-18 17:15:00,premier,Crystal Palace,Stoke,4,1,1.31366,1.20308,8.0,8.0,,
2016,509,2016-09-18 17:15:00,premier,Southampton,Swansea,1,0,2.15218,0.490661,8.0,6.9,,
2016,510,2016-09-18 19:30:00,premier,Tottenham,Sunderland,1,0,2.52591,0.960821,8.1,5.9,,
2016,515,2016-09-24 15:00:00,premier,Swansea,Manchester City,1,3,1.11096,2.57704,5.9,6.9,,
2016,511,2016-09-24 15:30:00,premier,Manchester United,Leicester,4,1,2.45604,0.286966,6.0,6.9,,
2016,512,2016-09-24 18:00:00,premier,Middlesbrough,Tottenham,1,2,0.361508,1.4158,6.9,5.9,,
2016,513,2016-09-24 18:00:00,premier,Stoke,West Bromwich Albion,1,1,0.979673,0.270862,6.0,7.0,,
2016,514,2016-09-24 18:00:00,premier,Sunderland,Crystal Palace,2,3,1.51457,1.7887,5.9,6.0,,
2016,516,2016-09-24 18:00:00,premier,Liverpool,Hull,5,1,4.64913,0.157549,7.8,7.0,,
2016,517,2016-09-24 18:00:00,premier,Bournemouth,Everton,1,0,0.693594,1.15724,7.0,6.9,,
2016,518,2016-09-24 20:30:00,premier,Arsenal,Chelsea,3,0,1.66224,0.613553,7.1,7.9,,
2016,519,2016-09-25 19:00:00,premier,West Ham,Southampton,0,3,0.693818,2.97877,8.0,7.1,,
2016,520,2016-09-26 23:00:00,premier,Burnley,Watford,2,0,0.569734,0.776105,9.2,8.3,,
2016,521,2016-09-30 23:00:00,premier,Everton,Crystal Palace,1,1,1.1542,0.47692,6.2,6.2,,
2016,522,2016-10-01 15:30:00,premier,Swansea,Liverpool,1,2,2.65842,2.02239,7.0,6.9,,
2016,523,2016-10-01 18:00:00,premier,Sunderland,West Bromwich Albion,1,1,1.19268,0.88211,7.0,7.0,,
2016,524,2016-10-01 18:00:00,premier,Hull,Chelsea,0,2,0.27266,1.99155,7.0,6.9,,
2016,525,2016-10-01 18:00:00,premier,Watford,Bournemouth,2,2,1.23419,1.35487,4.8,7.0,,
2016,526,2016-10-01 18:00:00,premier,West Ham,Middlesbrough,1,1,0.883385,0.852603,6.0,7.0,,
2016,527,2016-10-02 15:00:00,premier,Manchester United,Stoke,1,1,2.80988,1.20043,8.0,7.9,,
2016,528,2016-10-02 17:15:00,premier,Leicester,Southampton,0,0,0.446309,0.920963,8.1,6.9,,
2016,529,2016-10-02 17:15:00,premier,Tottenham,Manchester City,2,0,1.69975,0.909513,8.0,8.1,,
2016,530,2016-10-02 19:30:00,premier,Burnley,Arsenal,0,1,0.608783,1.85433,5.9,8.0,,
2016,531,2016-10-15 15:30:00,premier,Chelsea,Leicester,3,0,3.11573,0.182549,13.9,12.9,,
2016,532,2016-10-15 18:00:00,premier,Arsenal,Swansea,3,2,3.50519,1.74979,12.9,14.1,,
2016,533,2016-10-15 18:00:00,premier,Bournemouth,Hull,6,1,2.92532,0.388589,14.0,14.0,,
2016,534,2016-10-15 18:00:00,premier,Manchester City,Everton,1,1,2.69208,0.144498,13.0,14.8,,
2016,535,2016-10-15 18:00:00,premier,Stoke,Sunderland,2,0,2.29543,0.587572,13.1,14.0,,
2016,536,2016-10-15 18:00:00,premier,West Bromwich Albion,Tottenham,1,1,1.30365,1.32318,14.0,13.0,,
2016,537,2016-10-15 20:30:00,premier,Crystal Palace,West Ham,0,1,1.94599,0.874219,14.9,14.1,,
2016,538,2016-10-16 16:30:00,premier,Middlesbrough,Watford,0,1,0.528576,0.0893749,14.9,14.9,,
2016,539,2016-10-16 19:00:00,premier,Southampton,Burnley,3,1,4.21181,1.03126,14.1,14.0,,
2016,540,2016-10-17 23:00:00,premier,Liverpool,Manchester United,0,0,0.270441,0.537762,16.3,15.3,,
2016,541,2016-10-22 15:30:00,premier,Bournemouth,Tottenham,0,0,0.523371,0.74529,6.9,6.9,,
2016,542,2016-10-22 18:00:00,premier,West Ham,Sunderland,1,0,1.19585,0.808339,6.9,7.0,,
2016,543,2016-10-22 18:00:00,premier,Swansea,Watford,0,0,1.33215,0.478578,7.0,6.1,,
2016,544,2016-10-22 18:00:00,premier,Leicester,Crystal Palace,3,1,1.7041,1.656,7.1,6.9,,
2016,545,2016-10-22 18:00:00,premier,Hull,Stoke,0,2,0.701606,1.04273,7.0,7.0,,
2016,546,2016-10-22 18:00:00,premier,Burnley,Everton,2,1,0.905579,0.752795,6.0,7.0,,
2016,547,2016-10-22 18:00:00,premier,Arsenal,Middlesbrough,0,0,0.711811,1.55581,7.0,6.1,,
2016,548,2016-10-22 20:30:00,premier,Liverpool,West Bromwich Albion,2,1,2.2952,0.685982,4.9,7.1,,
2016,549,2016-10-23 16:30:00,premier,Manchester City,Southampton,1,1,1.15321,0.563752,7.9,6.9,,
2016,550,2016-10-23 19:00:00,premier,Chelsea,Manchester United,4,0,2.25192,0.742805,8.1,5.8,,
2016,2677,2016-10-29 15:30:00,premier,Sunderland,Arsenal,1,4,0.853434,2.48348,6.9,6.9,,
2016,2678,2016-10-29 18:00:00,premier,Tottenham,Leicester,1,1,1.69833,0.740987,7.1,7.0,,
2016,2679,2016-10-29 18:00:00,premier,Watford,Hull,1,0,1.14991,0.251367,7.0,7.0,,
2016,2680,2016-10-29 18:00:00,premier,West Bromwich Albion,Manchester City,0,4,0.596605,2.48018,6.9,6.1,,
2016,2681,2016-10-29 18:00:00,premier,Middlesbrough,Bournemouth,2,0,1.44317,1.54599,7.0,7.1,,
2016,2682,2016-10-29 18:00:00,premier,Manchester United,Burnley,0,0,2.72391,0.327957,6.0,7.0,,
2016,2683,2016-10-29 20:30:00,premier,Crystal Palace,Liverpool,2,4,0.496044,2.26056,7.1,7.0,,
2016,2684,2016-10-30 17:30:00,premier,Everton,West Ham,2,0,2.0087,0.944816,8.0,8.0,,
2016,2685,2016-10-30 20:00:00,premier,Southampton,Chelsea,0,2,0.422364,1.14759,7.1,7.0,,
2016,2686,2016-11-01 00:00:00,premier,Stoke,Swansea,3,1,2.16407,1.10058,9.2,9.2,,
2016,2687,2016-11-05 19:00:00,premier,Bournemouth,Sunderland,1,2,2.6457,1.13672,7.0,7.1,,
2016,2688,2016-11-05 19:00:00,premier,Burnley,Crystal Palace,3,2,2.25738,2.05902,7.0,6.9,,
2016,2689,2016-11-05 19:00:00,premier,Manchester City,Middlesbrough,1,1,2.49606,0.208762,7.0,7.0,,
2016,2690,2016-11-05 19:00:00,premier,West Ham,Stoke,1,1,0.404528,0.81046,6.1,4.8,,
2016,2691,2016-11-05 21:30:00,premier,Chelsea,Everton,5,0,1.94078,0.0131321,6.1,6.2,,
2016,2692,2016-11-06 16:00:00,premier,Arsenal,Tottenham,1,1,0.675745,1.19585,8.0,7.9,,
2016,2693,2016-11-06 18:15:00,premier,Liverpool,Watford,6,1,4.18366,0.771133,7.9,8.0,,
2016,2694,2016-11-06 18:15:00,premier,Hull,Southampton,2,1,0.561215,2.03046,8.0,6.9,,
2016,2695,2016-11-06 19:00:00,premier,Swansea,Manchester United,1,3,0.51266,1.00006,5.8,8.0,,
2016,2696,2016-11-06 20:30:00,premier,Leicester,West Bromwich Albion,1,2,0.629678,0.78196,8.1,8.1,,
2016,2697,2016-11-19 16:30:00,premier,Manchester United,Arsenal,1,1,0.511462,0.575813,12.9,13.0,,
2016,2698,2016-11-19 19:00:00,premier,Southampton,Liverpool,0,0,0.0942055,1.68802,13.0,13.0,,
2016,2699,2016-11-19 19:00:00,premier,Stoke,Bournemouth,0,1,1.60429,1.24012,14.0,14.0,,
2016,2700,2016-11-19 19:00:00,premier,Sunderland,Hull,3,0,0.951511,1.25065,14.0,13.0,,
2016,2701,2016-11-19 19:00:00,premier,Watford,Leicester,2,1,0.7197,1.19686,13.0,12.9,,
2016,2702,2016-11-19 19:00:00,premier,Everton,Swansea,1,1,1.54877,1.07471,13.9,13.0,,
2016,2703,2016-11-19 19:00:00,premier,Crystal Palace,Manchester City,1,2,0.431559,1.39421,14.0,14.0,,
2016,2704,2016-11-19 21:30:00,premier,Tottenham,West Ham,3,2,2.53396,1.76706,13.2,14.1,,
2016,2705,2016-11-20 20:00:00,premier,Middlesbrough,Chelsea,0,1,0.55976,1.68738,15.0,14.9,,
2016,2706,2016-11-22 00:00:00,premier,West Bromwich Albion,Burnley,4,0,1.40512,0.571005,15.1,16.2,,
2016,2707,2016-11-26 16:30:00,premier,Burnley,Manchester City,1,2,0.475642,2.25698,4.7,6.9,,
2016,2708,2016-11-26 19:00:00,premier,Hull,West Bromwich Albion,1,1,0.424457,1.40213,7.0,4.8,,
2016,2709,2016-11-26 19:00:00,premier,Swansea,Crystal Palace,5,4,3.3955,2.28156,7.0,7.0,,
2016,2710,2016-11-26 19:00:00,premier,Liverpool,Sunderland,2,0,2.02461,0.291073,7.0,7.0,,
2016,2711,2016-11-26 19:00:00,premier,Leicester,Middlesbrough,2,2,2.0478,0.425252,7.0,6.0,,
2016,2712,2016-11-26 21:30:00,premier,Chelsea,Tottenham,2,1,1.24948,0.422568,6.1,7.0,,
2016,2713,2016-11-27 16:00:00,premier,Watford,Stoke,0,1,0.541915,0.704736,7.9,7.9,,
2016,2714,2016-11-27 18:15:00,premier,Arsenal,Bournemouth,3,1,2.8697,2.0491,8.1,8.0,,
2016,2715,2016-11-27 20:30:00,premier,Southampton,Everton,1,0,2.80562,0.615174,8.1,8.1,,
2016,2716,2016-11-27 20:30:00,premier,Manchester United,West Ham,1,1,1.44452,0.749388,8.2,8.0,,
2016,3108,2016-12-03 15:00:00,premier,Sunderland,Leicester,2,1,1.4282,1.13791,6.8,6.8,,
2016,3105,2016-12-03 16:30:00,premier,Manchester City,Chelsea,1,3,2.24061,1.2848,7.0,6.8,,
2016,3106,2016-12-03 19:00:00,premier,Crystal Palace,Southampton,3,0,2.20073,0.764357,7.0,5.9,,
2016,3107,2016-12-03 19:00:00,premier,Stoke,Burnley,2,0,1.12929,0.773995,6.1,7.1,,
2016,3109,2016-12-03 19:00:00,premier,Tottenham,Swansea,5,0,3.9767,0.0342109,6.9,7.0,,
2016,3110,2016-12-03 19:00:00,premier,West Bromwich Albion,Watford,3,1,1.17737,1.476,7.0,6.1,,
2016,3111,2016-12-03 21:30:00,premier,West Ham,Arsenal,1,5,0.882486,2.96923,6.0,6.1,,
2016,3112,2016-12-04 17:30:00,premier,Bournemouth,Liverpool,4,3,2.54396,1.26532,7.0,7.9,,
2016,3113,2016-12-04 20:00:00,premier,Everton,Manchester United,1,1,1.64985,0.541299,7.0,7.0,,
2016,3114,2016-12-06 00:00:00,premier,Middlesbrough,Hull,1,0,1.94961,0.221339,9.2,9.2,,
2016,3115,2016-12-10 16:30:00,premier,Watford,Everton,3,2,1.49271,1.09675,6.9,5.9,,
2016,3116,2016-12-10 19:00:00,premier,Hull,Crystal Palace,3,3,2.16649,1.50059,4.8,7.0,,
2016,3117,2016-12-10 19:00:00,premier,Swansea,Sunderland,3,0,2.18185,0.672058,7.0,7.2,,
2016,3118,2016-12-10 19:00:00,premier,Arsenal,Stoke,3,1,1.58027,1.29401,6.9,7.0,,
2016,3119,2016-12-10 19:00:00,premier,Burnley,Bournemouth,3,2,2.15178,1.00194,7.0,6.1,,
2016,3120,2016-12-10 21:30:00,premier,Leicester,Manchester City,4,2,2.60583,0.970372,7.3,7.2,,
2016,3121,2016-12-11 16:00:00,premier,Chelsea,West Bromwich Albion,1,0,0.551109,0.212574,8.0,7.9,,
2016,3122,2016-12-11 18:15:00,premier,Manchester United,Tottenham,1,0,1.04894,0.720341,6.9,8.0,,
2016,3123,2016-12-11 18:15:00,premier,Southampton,Middlesbrough,1,0,1.72919,0.493941,8.0,5.8,,
2016,3124,2016-12-11 20:30:00,premier,Liverpool,West Ham,2,2,1.79134,0.64998,7.1,8.0,,
2016,3125,2016-12-13 23:45:00,premier,Bournemouth,Leicester,1,0,0.64118,1.6751,3.2,3.1,,
2016,3126,2016-12-13 23:45:00,premier,Everton,Arsenal,2,1,1.46034,1.3508,3.3,3.2,,
2016,3127,2016-12-14 23:45:00,premier,Middlesbrough,Liverpool,0,3,0.161583,2.13526,3.2,3.1,,
2016,3128,2016-12-14 23:45:00,premier,Sunderland,Chelsea,0,1,0.473979,1.22459,4.2,3.3,,
2016,3129,2016-12-14 23:45:00,premier,West Ham,Burnley,1,0,1.67016,0.923353,3.1,4.2,,
2016,3130,2016-12-15 00:00:00,premier,Crystal Palace,Manchester United,1,2,0.710324,1.27306,4.2,3.2,,
2016,3131,2016-12-15 00:00:00,premier,West Bromwich Albion,Swansea,3,1,1.78268,1.07221,3.3,4.2,,
2016,3132,2016-12-15 00:00:00,premier,Manchester City,Watford,2,0,1.62359,0.497462,4.1,4.3,,
2016,3133,2016-12-15 00:00:00,premier,Stoke,Southampton,0,0,0.333754,0.723114,4.2,3.2,,
2016,3134,2016-12-15 00:00:00,premier,Tottenham,Hull,3,0,2.83077,0.570636,3.2,4.2,,
2016,3135,2016-12-17 16:30:00,premier,Crystal Palace,Chelsea,0,1,0.356331,0.81444,2.7,2.7,,
2016,3136,2016-12-17 19:00:00,premier,Middlesbrough,Swansea,3,0,1.71549,0.602249,2.8,2.8,,
2016,3137,2016-12-17 19:00:00,premier,West Ham,Hull,1,0,1.92151,1.13479,2.8,2.8,,
2016,3138,2016-12-17 19:00:00,premier,Stoke,Leicester,2,2,2.518,1.25572,2.8,3.8,,
2016,3139,2016-12-17 19:00:00,premier,Sunderland,Watford,1,0,1.13526,1.07552,2.8,2.8,,
2016,3140,2016-12-17 21:30:00,premier,West Bromwich Albion,Manchester United,0,2,0.600426,0.983306,2.9,2.9,,
2016,3141,2016-12-18 17:30:00,premier,Bournemouth,Southampton,1,3,0.492912,1.69451,4.7,3.7,,
2016,3142,2016-12-18 20:00:00,premier,Manchester City,Arsenal,2,1,1.5186,0.609893,3.8,4.8,,
2016,3143,2016-12-18 20:00:00,premier,Tottenham,Burnley,2,1,1.50755,1.17031,3.8,3.8,,
2016,3144,2016-12-20 00:00:00,premier,Everton,Liverpool,0,1,0.456788,1.87823,6.0,5.0,,
2016,3148,2016-12-26 15:00:00,premier,Leicester,Everton,0,2,0.377464,1.25512,8.8,6.6,,
2016,3145,2016-12-26 16:30:00,premier,Watford,Crystal Palace,1,1,0.959496,1.53834,8.9,9.0,,
2016,3146,2016-12-26 19:00:00,premier,Swansea,West Ham,1,4,0.954864,3.40585,9.0,9.0,,
2016,3147,2016-12-26 19:00:00,premier,Manchester United,Sunderland,3,1,2.32117,0.488541,8.9,9.0,,
2016,3149,2016-12-26 19:00:00,premier,Arsenal,West Bromwich Albion,1,0,1.97881,0.687502,8.0,8.9,,
2016,3150,2016-12-26 19:00:00,premier,Burnley,Middlesbrough,1,0,0.275704,0.698814,8.0,9.0,,
2016,3151,2016-12-26 19:00:00,premier,Chelsea,Bournemouth,3,0,1.71303,0.650942,9.1,8.1,,
2016,3152,2016-12-26 21:15:00,premier,Hull,Manchester City,0,3,0.350069,2.22237,9.1,8.1,,
2016,3153,2016-12-27 21:15:00,premier,Liverpool,Stoke,4,1,1.66669,0.389104,7.9,10.1,,
2016,3154,2016-12-28 23:45:00,premier,Southampton,Tottenham,1,4,0.403743,1.61035,10.3,10.2,,
2016,3155,2016-12-31 00:00:00,premier,Hull,Everton,2,2,0.852585,1.27757,4.1,4.4,,
2016,3156,2016-12-31 15:00:00,premier,Leicester,West Ham,1,0,1.10842,1.58333,5.0,4.8,,
2016,3159,2016-12-31 15:00:00,premier,Manchester United,Middlesbrough,2,1,2.53996,0.64492,4.8,4.8,,
2016,3157,2016-12-31 19:00:00,premier,Burnley,Sunderland,4,1,2.72471,0.465701,5.0,5.0,,
2016,3158,2016-12-31 19:00:00,premier,Chelsea,Stoke,4,2,1.94737,0.858417,5.0,3.9,,
2016,3160,2016-12-31 19:00:00,premier,Southampton,West Bromwich Albion,1,2,0.371668,0.6675,2.8,5.0,,
2016,3161,2016-12-31 19:00:00,premier,Swansea,Bournemouth,0,3,0.515218,2.43608,5.0,5.0,,
2016,3162,2016-12-31 21:30:00,premier,Liverpool,Manchester City,1,0,0.256825,0.352445,4.0,5.0,,
2016,3328,2017-01-01 13:30:00,premier,Watford,Tottenham,1,4,1.26331,3.06509,5.9,3.6,,
2016,3329,2017-01-01 20:00:00,premier,Arsenal,Crystal Palace,2,0,1.67138,0.221469,6.0,6.1,,
2016,3331,2017-01-02 15:00:00,premier,Everton,Southampton,3,0,2.34997,1.01083,2.6,1.8,,
2016,3332,2017-01-02 15:00:00,premier,Manchester City,Burnley,2,1,0.617412,0.642111,1.7,1.8,,
2016,3330,2017-01-02 16:30:00,premier,Middlesbrough,Leicester,0,0,0.697108,0.477078,2.1,2.1,,
2016,3333,2017-01-02 19:00:00,premier,West Bromwich Albion,Hull,3,1,0.883566,0.992341,2.0,2.8,,
2016,3334,2017-01-02 19:00:00,premier,Sunderland,Liverpool,2,2,1.91057,2.332,2.0,1.9,,
2016,3335,2017-01-02 21:15:00,premier,West Ham,Manchester United,0,2,0.799911,1.64905,2.3,2.3,,
2016,3336,2017-01-03 23:45:00,premier,Bournemouth,Arsenal,3,3,1.55859,1.12629,3.2,2.2,,
2016,3337,2017-01-04 00:00:00,premier,Crystal Palace,Swansea,1,2,0.331276,1.18905,2.2,3.2,,
2016,3338,2017-01-04 00:00:00,premier,Stoke,Watford,2,0,1.85359,0.510395,3.2,2.4,,
2016,3339,2017-01-05 00:00:00,premier,Tottenham,Chelsea,2,0,1.00945,0.912754,3.4,4.2,,
2016,3340,2017-01-14 16:30:00,premier,Tottenham,West Bromwich Albion,4,0,2.65474,0.165019,9.7,11.9,,
2016,3341,2017-01-14 19:00:00,premier,Watford,Middlesbrough,0,0,0.835827,0.325347,10.8,12.1,,
2016,3342,2017-01-14 19:00:00,premier,Sunderland,Stoke,1,3,1.1365,1.22897,12.0,10.8,,
2016,3343,2017-01-14 19:00:00,premier,Swansea,Arsenal,0,4,0.488485,2.31811,10.8,10.8,,
2016,3344,2017-01-14 19:00:00,premier,Hull,Bournemouth,3,1,1.18904,1.43455,12.0,10.8,,
2016,3345,2017-01-14 19:00:00,premier,Burnley,Southampton,1,0,0.464555,0.962065,12.2,12.2,,
2016,3346,2017-01-14 19:00:00,premier,West Ham,Crystal Palace,3,0,1.72338,1.06181,11.9,10.8,,
2016,3347,2017-01-14 21:30:00,premier,Leicester,Chelsea,0,3,0.179144,0.738826,12.2,9.9,,
2016,3349,2017-01-15 16:00:00,premier,Manchester United,Liverpool,1,1,1.03178,1.46058,12.8,12.9,,
2016,3348,2017-01-15 17:30:00,premier,Everton,Manchester City,4,0,0.572528,0.569286,13.1,13.1,,
2016,3350,2017-01-21 15:30:00,premier,Liverpool,Swansea,2,3,1.24037,1.60482,6.0,6.9,,
2016,3351,2017-01-21 18:00:00,premier,Middlesbrough,West Ham,1,3,0.958825,2.6558,7.0,7.0,,
2016,3352,2017-01-21 18:00:00,premier,Bournemouth,Watford,2,2,1.14791,1.08731,7.0,7.0,,
2016,3353,2017-01-21 18:00:00,premier,Crystal Palace,Everton,0,1,0.463733,0.949561,7.0,6.0,,
2016,3354,2017-01-21 18:00:00,premier,Stoke,Manchester United,1,1,0.353777,1.74295,7.0,6.1,,
2016,3355,2017-01-21 18:00:00,premier,West Bromwich Albion,Sunderland,2,0,1.3279,0.440887,7.1,7.0,,
2016,3356,2017-01-21 20:30:00,premier,Manchester City,Tottenham,2,2,2.52702,1.12391,6.1,7.2,,
2016,3357,2017-01-22 15:00:00,premier,Southampton,Leicester,3,0,2.49923,0.935866,7.8,7.7,,
2016,3358,2017-01-22 17:15:00,premier,Arsenal,Burnley,2,1,1.86443,1.29948,7.9,7.9,,
2016,3359,2017-01-22 19:30:00,premier,Chelsea,Hull,2,0,1.47165,0.314532,7.9,8.0,,
2016,3360,2017-01-31 22:45:00,premier,Arsenal,Watford,1,2,1.07765,0.918309,9.2,10.2,,
2016,3361,2017-01-31 22:45:00,premier,Bournemouth,Crystal Palace,0,2,0.32099,1.60667,10.2,10.2,,
2016,3362,2017-01-31 22:45:00,premier,Burnley,Leicester,1,0,1.82995,0.775645,9.2,9.3,,
2016,3363,2017-01-31 22:45:00,premier,Middlesbrough,West Bromwich Albion,1,1,1.18135,1.25288,10.2,10.2,,
2016,3364,2017-01-31 22:45:00,premier,Sunderland,Tottenham,0,0,0.228009,0.682758,10.2,10.1,,
2016,3365,2017-01-31 22:45:00,premier,Swansea,Southampton,2,1,0.760046,0.907103,10.3,9.3,,
2016,3366,2017-01-31 23:00:00,premier,Liverpool,Chelsea,1,1,1.20485,1.0666,10.3,9.1,,
2016,3367,2017-02-01 22:45:00,premier,West Ham,Manchester City,0,4,0.49472,2.66472,11.2,11.1,,
2016,3368,2017-02-01 23:00:00,premier,Manchester United,Hull,0,0,1.48151,0.395896,11.2,10.1,,
2016,3369,2017-02-01 23:00:00,premier,Stoke,Everton,1,1,1.7362,0.870158,11.2,11.2,,
2016,3370,2017-02-04 12:30:00,premier,Chelsea,Arsenal,3,1,1.95451,0.950035,3.6,3.6,,
2016,3371,2017-02-04 15:00:00,premier,Crystal Palace,Sunderland,0,4,2.45994,0.837361,3.7,3.7,,
2016,3372,2017-02-04 15:00:00,premier,Everton,Bournemouth,6,3,2.75981,2.1501,2.7,3.7,,
2016,3373,2017-02-04 15:00:00,premier,Hull,Liverpool,2,0,1.88587,1.12538,2.7,3.7,,
2016,3374,2017-02-04 15:00:00,premier,Watford,Burnley,2,1,1.66308,1.4777,3.7,3.7,,
2016,3375,2017-02-04 15:00:00,premier,West Bromwich Albion,Stoke,1,0,1.84983,1.10818,3.7,2.7,,
2016,3376,2017-02-04 15:00:00,premier,Southampton,West Ham,1,3,1.06276,0.91785,3.7,2.7,,
2016,3377,2017-02-04 17:30:00,premier,Tottenham,Middlesbrough,1,0,2.10053,0.50484,3.8,3.8,,
2016,3378,2017-02-05 13:30:00,premier,Manchester City,Swansea,2,1,2.87972,0.11445,3.6,4.6,,
2016,3379,2017-02-05 16:00:00,premier,Leicester,Manchester United,0,3,0.492009,1.98688,4.7,3.7,,
2016,3380,2017-02-11 12:30:00,premier,Arsenal,Hull,2,0,3.1235,0.466403,7.0,6.9,,
2016,3381,2017-02-11 15:00:00,premier,Manchester United,Watford,2,0,2.627,0.641058,6.0,7.0,,
2016,3382,2017-02-11 15:00:00,premier,Middlesbrough,Everton,0,0,0.651056,0.831644,6.9,7.0,,
2016,3383,2017-02-11 15:00:00,premier,Stoke,Crystal Palace,1,0,0.720883,0.202159,7.0,7.0,,
2016,3384,2017-02-11 15:00:00,premier,Sunderland,Southampton,0,4,0.197925,1.72717,7.0,7.0,,
2016,3385,2017-02-11 15:00:00,premier,West Ham,West Bromwich Albion,2,2,1.17553,0.769974,7.0,7.0,,
2016,3386,2017-02-11 17:30:00,premier,Liverpool,Tottenham,2,0,2.38009,0.622104,7.1,7.0,,
2016,3387,2017-02-12 13:30:00,premier,Burnley,Chelsea,1,1,0.906366,0.800222,7.9,8.0,,
2016,3388,2017-02-12 16:00:00,premier,Swansea,Leicester,2,0,0.693376,0.672883,7.1,7.0,,
2016,3389,2017-02-13 20:00:00,premier,Bournemouth,Manchester City,0,2,0.152385,2.953,9.2,8.3,,
2016,3391,2017-02-25 15:00:00,premier,Chelsea,Swansea,3,1,1.22573,0.280172,13.1,13.0,,
2016,3392,2017-02-25 15:00:00,premier,Crystal Palace,Middlesbrough,1,0,0.808522,0.82885,14.0,14.0,,
2016,3393,2017-02-25 15:00:00,premier,Everton,Sunderland,2,0,1.70366,0.505952,14.0,14.0,,
2016,3394,2017-02-25 15:00:00,premier,Hull,Burnley,1,1,1.59037,0.473058,14.1,13.1,,
2016,3395,2017-02-25 15:00:00,premier,West Bromwich Albion,Bournemouth,2,1,1.6124,1.22747,14.0,11.8,,
2016,3396,2017-02-25 17:30:00,premier,Watford,West Ham,1,1,1.21279,1.48144,14.1,14.1,,
2016,3397,2017-02-26 13:30:00,premier,Tottenham,Stoke,4,0,1.89002,0.743596,14.8,14.9,,
2016,3399,2017-02-27 20:00:00,premier,Leicester,Liverpool,3,1,1.54732,0.789939,15.2,16.1,,
2016,3402,2017-03-04 12:30:00,premier,Manchester United,Bournemouth,1,1,2.5377,0.816172,20.9,6.9,,
2016,3400,2017-03-04 15:00:00,premier,Leicester,Hull,3,1,1.81255,1.1216,4.8,7.0,,
2016,3403,2017-03-04 15:00:00,premier,Stoke,Middlesbrough,2,0,2.97584,0.274611,6.1,7.0,,
2016,3405,2017-03-04 15:00:00,premier,Swansea,Burnley,3,2,1.44545,0.933851,7.0,7.0,,
2016,3407,2017-03-04 15:00:00,premier,Watford,Southampton,3,4,1.40104,1.33681,6.9,21.0,,
2016,3408,2017-03-04 15:00:00,premier,West Bromwich Albion,Crystal Palace,0,2,0.3746,1.39171,7.0,7.0,,
2016,3401,2017-03-04 17:30:00,premier,Liverpool,Arsenal,3,1,2.70435,0.729203,4.9,21.2,,
2016,3406,2017-03-05 13:30:00,premier,Tottenham,Everton,3,2,1.70225,0.808013,7.0,7.9,,
2016,3404,2017-03-05 16:00:00,premier,Sunderland,Manchester City,0,2,0.737758,2.48022,8.0,19.8,,
2016,3409,2017-03-06 20:00:00,premier,West Ham,Chelsea,1,2,0.450583,2.01134,9.1,9.2,,
2016,3418,2017-03-08 20:00:00,premier,Manchester City,Stoke,0,0,1.3049,0.337194,3.2,4.2,,
2016,3411,2017-03-11 15:00:00,premier,Bournemouth,West Ham,3,2,3.68186,1.25315,7.1,4.8,,
2016,3416,2017-03-11 15:00:00,premier,Everton,West Bromwich Albion,3,0,2.17521,0.127321,6.1,7.0,,
2016,3417,2017-03-11 15:00:00,premier,Hull,Swansea,2,1,1.98818,1.44148,7.0,7.0,,
2016,3419,2017-03-12 16:00:00,premier,Liverpool,Burnley,2,1,0.966335,0.83474,7.9,8.0,,
2016,3420,2017-03-18 12:30:00,premier,West Bromwich Albion,Arsenal,3,1,2.11737,0.995221,6.9,13.8,,
2016,3421,2017-03-18 15:00:00,premier,West Ham,Leicester,2,3,2.32174,2.17004,7.0,14.0,,
2016,3423,2017-03-18 15:00:00,premier,Sunderland,Burnley,0,0,1.03287,1.18742,13.0,6.0,,
2016,3424,2017-03-18 15:00:00,premier,Stoke,Chelsea,1,2,0.952053,1.95538,9.8,11.8,,
2016,3427,2017-03-18 15:00:00,premier,Everton,Hull,4,0,2.63141,0.528692,7.0,7.0,,
2016,3428,2017-03-18 15:00:00,premier,Crystal Palace,Watford,1,0,0.376326,0.190648,14.0,14.0,,
2016,3429,2017-03-18 17:30:00,premier,Bournemouth,Swansea,2,0,1.00816,0.37687,7.1,7.1,,
2016,3425,2017-03-19 12:00:00,premier,Middlesbrough,Manchester United,1,3,1.09037,2.47484,14.9,15.0,,
2016,3422,2017-03-19 14:15:00,premier,Tottenham,Southampton,2,1,1.64328,0.839989,14.0,15.0,,
2016,3426,2017-03-19 16:30:00,premier,Manchester City,Liverpool,1,1,2.55464,1.94116,10.9,7.0,,
2016,3435,2017-04-01 12:30:00,premier,Liverpool,Everton,3,1,0.625343,1.44152,12.8,13.9,,
2016,3431,2017-04-01 15:00:00,premier,Burnley,Tottenham,0,2,0.44677,2.36346,14.0,13.0,,
2016,3432,2017-04-01 15:00:00,premier,Chelsea,Crystal Palace,1,2,3.16805,1.57423,14.0,14.0,,
2016,3433,2017-04-01 15:00:00,premier,Hull,West Ham,2,1,0.778704,1.24571,14.0,14.0,,
2016,3434,2017-04-01 15:00:00,premier,Leicester,Stoke,2,0,1.97444,1.36671,14.0,14.0,,
2016,3436,2017-04-01 15:00:00,premier,Manchester United,West Bromwich Albion,0,0,0.986683,0.200297,13.1,14.1,,
2016,3439,2017-04-01 15:00:00,premier,Watford,Sunderland,1,0,1.95828,0.349699,14.0,14.0,,
2016,3437,2017-04-01 17:30:00,premier,Southampton,Bournemouth,0,0,1.00252,2.06307,13.1,14.0,,
2016,3438,2017-04-02 13:30:00,premier,Swansea,Middlesbrough,0,0,0.64382,0.748206,14.8,14.1,,
2016,3430,2017-04-02 16:00:00,premier,Arsenal,Manchester City,2,2,0.738497,1.40021,15.1,14.0,,
2016,3441,2017-04-04 19:45:00,premier,Burnley,Stoke,1,0,0.348885,1.17275,3.2,3.2,,
2016,3443,2017-04-04 19:45:00,premier,Watford,West Bromwich Albion,2,0,0.691991,1.48109,3.2,3.2,,
2016,3445,2017-04-04 19:45:00,premier,Leicester,Sunderland,2,0,0.929134,0.7012,3.2,3.2,,
2016,3446,2017-04-04 20:00:00,premier,Manchester United,Everton,1,1,1.67424,0.589122,3.2,3.3,,
2016,3440,2017-04-05 19:45:00,premier,Arsenal,West Ham,3,0,2.16023,0.303905,3.2,4.2,,
2016,3442,2017-04-05 19:45:00,premier,Hull,Middlesbrough,4,2,2.23261,1.30673,4.2,3.3,,
2016,3444,2017-04-05 19:45:00,premier,Swansea,Tottenham,1,3,0.872579,2.2242,3.3,4.2,,
2016,3447,2017-04-05 19:45:00,premier,Southampton,Crystal Palace,3,1,3.34327,1.73055,4.1,4.2,,
2016,3448,2017-04-05 20:00:00,premier,Chelsea,Manchester City,2,1,1.36933,2.2614,4.2,3.2,,
2016,3449,2017-04-05 20:00:00,premier,Liverpool,Bournemouth,2,2,2.17263,1.31233,4.3,4.1,,
2016,3453,2017-04-08 12:30:00,premier,Tottenham,Watford,4,0,1.18779,0.369968,2.7,3.7,,
2016,3451,2017-04-08 15:00:00,premier,Stoke,Liverpool,1,2,2.13972,1.02225,3.8,2.8,,
2016,3454,2017-04-08 15:00:00,premier,West Bromwich Albion,Southampton,0,1,2.01721,0.910339,3.8,2.8,,
2016,3455,2017-04-08 15:00:00,premier,West Ham,Swansea,1,0,1.20573,0.307666,2.8,2.8,,
2016,3456,2017-04-08 15:00:00,premier,Middlesbrough,Burnley,0,0,0.684683,0.809899,2.8,3.8,,
2016,3457,2017-04-08 15:00:00,premier,Manchester City,Hull,3,1,2.33731,0.358364,2.8,2.8,,
2016,3450,2017-04-08 17:30:00,premier,Bournemouth,Chelsea,1,3,0.384152,1.52126,2.9,2.9,,
2016,3452,2017-04-09 13:30:00,premier,Sunderland,Manchester United,0,3,0.977316,1.6943,4.7,4.7,,
2016,3458,2017-04-09 16:00:00,premier,Everton,Leicester,4,2,2.64597,0.836095,4.8,4.8,,
2016,3459,2017-04-10 20:00:00,premier,Crystal Palace,Arsenal,3,0,2.15968,0.44226,5.0,5.0,,
2016,3465,2017-04-15 12:30:00,premier,Tottenham,Bournemouth,4,0,3.28588,0.211502,7.0,6.8,,
2016,3463,2017-04-15 15:00:00,premier,Stoke,Hull,3,1,2.01829,1.17696,7.0,7.0,,
2016,3464,2017-04-15 15:00:00,premier,Sunderland,West Ham,2,2,1.14121,1.42815,6.1,7.0,,
2016,3466,2017-04-15 15:00:00,premier,Watford,Swansea,1,0,1.22039,0.641001,7.1,7.0,,
2016,3467,2017-04-15 15:00:00,premier,Everton,Burnley,3,1,1.67352,1.1469,6.0,7.0,,
2016,3468,2017-04-15 15:00:00,premier,Crystal Palace,Leicester,2,2,1.67894,0.467725,4.8,6.0,,
2016,3462,2017-04-15 17:30:00,premier,Southampton,Manchester City,0,3,0.616753,2.74188,7.1,7.1,,
2016,3469,2017-04-16 13:30:00,premier,West Bromwich Albion,Liverpool,0,1,0.590375,1.30017,7.9,7.9,,
2016,3460,2017-04-16 16:00:00,premier,Manchester United,Chelsea,2,0,0.807128,0.132913,7.1,7.9,,
2016,3461,2017-04-17 20:00:00,premier,Middlesbrough,Arsenal,1,2,1.72075,1.0689,9.2,7.0,,
2016,3471,2017-04-22 15:00:00,premier,Bournemouth,Middlesbrough,4,0,3.27712,0.2072,7.1,4.8,,
2016,3474,2017-04-22 15:00:00,premier,Hull,Watford,2,0,1.42309,1.15869,7.0,7.0,,
2016,3478,2017-04-22 15:00:00,premier,Swansea,Stoke,2,0,0.475636,1.69454,7.0,7.0,,
2016,3479,2017-04-22 15:00:00,premier,West Ham,Everton,0,0,0.668323,0.104476,7.0,7.0,,
2016,3472,2017-04-23 14:15:00,premier,Burnley,Manchester United,0,2,0.342829,2.24747,8.0,6.9,,
2016,3476,2017-04-23 16:30:00,premier,Liverpool,Crystal Palace,1,2,0.89449,1.21741,7.1,8.1,,
2016,3473,2017-04-25 19:45:00,premier,Chelsea,Southampton,4,2,1.4438,1.32952,9.2,10.1,,
2016,3410,2017-04-26 19:45:00,premier,Arsenal,Leicester,1,0,0.410203,0.595173,9.0,11.2,,
2016,3413,2017-04-26 19:45:00,premier,Middlesbrough,Sunderland,1,0,0.825839,0.445766,4.2,11.2,,
2016,3415,2017-04-26 20:00:00,premier,Crystal Palace,Tottenham,0,1,0.321722,1.00589,3.1,11.3,,
2016,3398,2017-04-27 20:00:00,premier,Manchester City,Manchester United,0,0,1.41537,0.421251,12.1,4.2,,
2016,3484,2017-04-29 15:00:00,premier,Southampton,Hull,0,0,1.24844,0.472435,3.8,7.0,,
2016,3485,2017-04-29 15:00:00,premier,Stoke,West Ham,0,0,1.35509,0.65149,7.0,7.0,,
2016,3486,2017-04-29 15:00:00,premier,Sunderland,Bournemouth,0,1,1.6667,1.53094,2.8,7.0,,
2016,3489,2017-04-29 15:00:00,premier,West Bromwich Albion,Leicester,0,1,0.809101,0.570664,13.1,2.8,,
2016,3480,2017-04-29 17:30:00,premier,Crystal Palace,Burnley,0,2,0.633469,1.38569,2.9,6.1,,
2016,3482,2017-04-30 12:00:00,premier,Manchester United,Swansea,1,1,1.99224,0.775713,2.7,7.9,,
2016,3481,2017-04-30 14:05:00,premier,Everton,Chelsea,0,3,0.684516,1.81945,8.0,4.8,,
2016,3483,2017-04-30 14:05:00,premier,Middlesbrough,Manchester City,2,2,1.17715,3.10725,3.8,2.8,,
2016,3487,2017-04-30 16:30:00,premier,Tottenham,Arsenal,2,0,3.46042,0.589537,3.9,3.9,,
2016,3488,2017-05-01 20:00:00,premier,Watford,Liverpool,0,1,0.436648,0.55669,9.2,8.1,,
2016,3499,2017-05-05 20:00:00,premier,West Ham,Tottenham,1,0,2.21043,0.451017,6.2,5.1,,
2016,3497,2017-05-06 12:30:00,premier,Manchester City,Crystal Palace,5,0,2.69837,0.241571,5.9,6.8,,
2016,3491,2017-05-06 15:00:00,premier,Bournemouth,Stoke,2,2,1.30668,2.3019,7.0,7.0,,
2016,3492,2017-05-06 15:00:00,premier,Burnley,West Bromwich Albion,2,2,1.08649,0.82853,6.9,7.0,,
2016,3494,2017-05-06 15:00:00,premier,Hull,Sunderland,0,2,1.21734,1.95502,7.0,7.0,,
2016,3495,2017-05-06 15:00:00,premier,Leicester,Watford,3,0,1.00566,0.512433,7.0,4.8,,
2016,3498,2017-05-06 17:30:00,premier,Swansea,Everton,1,0,2.09244,0.270186,6.2,6.1,,
2016,3496,2017-05-07 13:30:00,premier,Liverpool,Southampton,0,0,1.35967,0.182082,5.7,7.9,,
2016,3490,2017-05-07 16:00:00,premier,Arsenal,Manchester United,2,0,1.03986,0.576173,7.0,7.2,,
2016,3493,2017-05-08 20:00:00,premier,Chelsea,Middlesbrough,3,0,2.28046,0.0718773,8.2,8.2,,
2016,3390,2017-05-10 19:45:00,premier,Southampton,Arsenal,0,2,1.25259,1.35954,3.3,3.2,,
2016,3502,2017-05-12 19:45:00,premier,Everton,Watford,1,0,1.12984,1.54861,6.1,6.2,,
2016,3508,2017-05-12 20:00:00,premier,West Bromwich Albion,Chelsea,0,1,0.529155,1.76954,6.2,4.0,,
2016,3503,2017-05-13 12:30:00,premier,Manchester City,Leicester,2,1,1.98776,1.62503,7.0,6.9,,
2016,3500,2017-05-13 15:00:00,premier,Bournemouth,Burnley,2,1,1.5499,1.1511,7.0,7.0,,
2016,3504,2017-05-13 15:00:00,premier,Middlesbrough,Southampton,1,2,1.32885,1.52569,4.8,2.8,,
2016,3506,2017-05-13 15:00:00,premier,Sunderland,Swansea,0,2,1.03765,0.344096,7.0,6.9,,
2016,3505,2017-05-13 17:30:00,premier,Stoke,Arsenal,1,4,1.30239,2.63639,7.1,2.9,,
2016,3501,2017-05-14 12:00:00,premier,Crystal Palace,Hull,4,0,2.73274,0.518148,8.0,7.9,,
2016,3509,2017-05-14 14:15:00,premier,West Ham,Liverpool,0,4,1.03963,3.28962,8.8,7.0,,
2016,3507,2017-05-14 16:30:00,premier,Tottenham,Manchester United,2,1,2.10698,1.03696,8.9,7.0,,
2016,3414,2017-05-15 20:00:00,premier,Chelsea,Watford,4,3,2.65315,0.883368,3.0,3.0,,
2016,3470,2017-05-16 19:45:00,premier,Arsenal,Sunderland,2,0,3.83905,0.271744,3.1,3.2,,
2016,3477,2017-05-16 20:00:00,premier,Manchester City,West Bromwich Albion,3,1,2.58035,0.387741,3.3,4.0,,
2016,3412,2017-05-17 19:45:00,premier,Southampton,Manchester United,0,0,1.66533,0.45805,4.2,3.1,,
2016,3475,2017-05-18 19:45:00,premier,Leicester,Tottenham,1,6,0.725721,2.64912,5.3,4.1,,
2016,3510,2017-05-21 15:00:00,premier,Arsenal,Everton,3,1,3.35075,1.8831,4.8,8.8,,
2016,3511,2017-05-21 15:00:00,premier,Burnley,West Ham,1,2,1.70802,1.67299,8.0,7.0,,
2016,3512,2017-05-21 15:00:00,premier,Chelsea,Sunderland,5,1,2.73947,0.693994,5.8,4.8,,
2016,3513,2017-05-21 15:00:00,premier,Hull,Tottenham,1,7,0.812723,3.89027,7.1,2.8,,
2016,3514,2017-05-21 15:00:00,premier,Leicester,Bournemouth,1,1,2.45308,0.87072,2.8,8.0,,
2016,3515,2017-05-21 15:00:00,premier,Liverpool,Middlesbrough,3,0,2.16957,0.899691,7.0,8.0,,
2016,3516,2017-05-21 15:00:00,premier,Manchester United,Crystal Palace,2,0,1.0386,0.3016,3.8,7.1,,
2016,3517,2017-05-21 15:00:00,premier,Southampton,Stoke,0,1,1.3554,0.983464,3.8,7.9,,
2016,3518,2017-05-21 15:00:00,premier,Swansea,West Bromwich Albion,2,1,1.74555,1.60674,8.0,4.8,,
2016,3519,2017-05-21 15:00:00,premier,Watford,Manchester City,0,5,0.826124,3.26614,5.8,4.8,,
2017,7119,2017-08-11 19:45:00,premier,Arsenal,Leicester,4,3,2.54329,1.46495,60.0,60.0,,
2017,7120,2017-08-12 12:30:00,premier,Watford,Liverpool,3,3,2.17647,2.61549,60.0,60.0,,
2017,7121,2017-08-12 15:00:00,premier,West Bromwich Albion,Bournemouth,1,0,1.18399,0.378659,60.0,60.0,,
2017,7122,2017-08-12 15:00:00,premier,Southampton,Swansea,0,0,2.21748,0.406196,60.0,60.0,,
2017,7123,2017-08-12 15:00:00,premier,Chelsea,Burnley,2,3,1.35651,0.564237,60.0,60.0,,
2017,7124,2017-08-12 15:00:00,premier,Crystal Palace,Huddersfield,0,3,0.988934,1.73657,60.0,14.0,,
2017,7125,2017-08-12 15:00:00,premier,Everton,Stoke,1,0,0.720574,0.27644,60.0,60.0,,
2017,7126,2017-08-12 17:30:00,premier,Brighton,Manchester City,0,2,0.276343,1.86751,14.0,60.0,,
2017,7127,2017-08-13 13:30:00,premier,Newcastle United,Tottenham,0,2,0.634633,2.34418,60.0,60.0,,
2017,7128,2017-08-13 16:00:00,premier,Manchester United,West Ham,4,0,2.63853,0.62654,60.0,60.0,,
2017,7129,2017-08-19 12:30:00,premier,Swansea,Manchester United,0,4,0.304164,3.41021,6.9,5.9,,
2017,7130,2017-08-19 15:00:00,premier,Southampton,West Ham,3,2,2.1424,1.53269,7.0,6.0,,
2017,7131,2017-08-19 15:00:00,premier,Bournemouth,Watford,0,2,0.766694,2.17717,7.0,7.1,,
2017,7132,2017-08-19 15:00:00,premier,Burnley,West Bromwich Albion,0,1,1.37242,0.653058,7.0,7.0,,
2017,7133,2017-08-19 15:00:00,premier,Leicester,Brighton,2,0,1.88355,0.123075,7.8,6.9,,
2017,7134,2017-08-19 15:00:00,premier,Liverpool,Crystal Palace,1,0,2.84978,0.727364,7.1,7.0,,
2017,7135,2017-08-19 17:30:00,premier,Stoke,Arsenal,1,0,0.692644,1.40658,7.1,7.9,,
2017,7136,2017-08-20 13:30:00,premier,Huddersfield,Newcastle United,1,0,0.267008,0.973322,7.9,7.0,,
2017,7137,2017-08-20 16:00:00,premier,Tottenham,Chelsea,1,2,0.72428,0.834423,7.1,8.0,,
2017,7138,2017-08-21 20:00:00,premier,Manchester City,Everton,1,1,1.14216,0.59971,9.1,9.2,,
2017,7139,2017-08-26 12:30:00,premier,Bournemouth,Manchester City,1,2,0.415402,1.76626,6.9,4.7,,
2017,7141,2017-08-26 15:00:00,premier,Crystal Palace,Swansea,0,2,0.818951,0.966783,7.0,7.1,,
2017,7142,2017-08-26 15:00:00,premier,Newcastle United,West Ham,3,0,2.76107,0.558484,6.1,7.0,,
2017,7143,2017-08-26 15:00:00,premier,Watford,Brighton,0,0,0.281459,0.952357,7.0,7.0,,
2017,7144,2017-08-26 15:00:00,premier,Huddersfield,Southampton,0,0,1.51605,0.795911,6.1,7.0,,
2017,7145,2017-08-26 17:30:00,premier,Manchester United,Leicester,2,0,2.73725,0.670573,7.2,7.1,,
2017,7140,2017-08-27 13:30:00,premier,Chelsea,Everton,2,0,1.16991,0.326655,6.9,5.7,,
2017,7146,2017-08-27 13:30:00,premier,West Bromwich Albion,Stoke,1,1,0.875132,0.980905,7.9,7.8,,
2017,7147,2017-08-27 16:00:00,premier,Tottenham,Burnley,1,1,2.3497,0.670943,7.0,8.0,,
2017,7148,2017-08-27 16:00:00,premier,Liverpool,Arsenal,4,0,3.45998,0.484816,8.0,7.9,,
2017,7149,2017-09-09 12:30:00,premier,Manchester City,Liverpool,5,0,3.14589,0.665186,14.0,12.9,,
2017,7150,2017-09-09 15:00:00,premier,Southampton,Watford,0,2,0.331259,0.57794,14.0,14.0,,
2017,7151,2017-09-09 15:00:00,premier,Leicester,Chelsea,1,2,1.34903,1.03943,13.9,13.1,,
2017,7152,2017-09-09 15:00:00,premier,Arsenal,Bournemouth,3,0,2.48732,0.577291,13.0,14.1,,
2017,7153,2017-09-09 15:00:00,premier,Brighton,West Bromwich Albion,3,1,0.396771,0.866679,14.0,13.1,,
2017,7154,2017-09-09 15:00:00,premier,Everton,Tottenham,0,3,1.15144,2.17535,13.1,13.0,,
2017,7155,2017-09-09 17:30:00,premier,Stoke,Manchester United,2,2,1.49928,1.96635,13.2,14.0,,
2017,7156,2017-09-10 13:30:00,premier,Burnley,Crystal Palace,1,0,0.429329,1.72996,13.9,14.9,,
2017,7157,2017-09-10 16:00:00,premier,Swansea,Newcastle United,0,1,1.48574,1.03177,15.0,15.0,,
2017,7158,2017-09-11 20:00:00,premier,West Ham,Huddersfield,2,0,1.94969,0.339338,16.2,16.2,,
2017,7159,2017-09-15 20:00:00,premier,Bournemouth,Brighton,2,1,1.39529,0.874276,6.2,6.2,,
2017,7160,2017-09-16 12:30:00,premier,Crystal Palace,Southampton,0,1,2.03243,1.11428,6.0,6.9,,
2017,7161,2017-09-16 15:00:00,premier,Huddersfield,Leicester,1,1,0.700349,1.24181,4.8,7.0,,
2017,7162,2017-09-16 15:00:00,premier,Liverpool,Burnley,1,1,2.18727,0.334402,7.1,6.1,,
2017,7163,2017-09-16 15:00:00,premier,Newcastle United,Stoke,2,1,2.6598,0.675783,6.0,6.9,,
2017,7164,2017-09-16 15:00:00,premier,Watford,Manchester City,0,6,0.803933,3.99349,7.0,7.1,,
2017,7165,2017-09-16 15:00:00,premier,West Bromwich Albion,West Ham,0,0,0.781891,0.266344,7.0,4.8,,
2017,7166,2017-09-16 17:30:00,premier,Tottenham,Swansea,0,0,1.17894,0.154074,7.1,6.1,,
2017,7167,2017-09-17 13:30:00,premier,Chelsea,Arsenal,0,0,0.762129,1.42208,7.9,7.9,,
2017,7168,2017-09-17 16:00:00,premier,Manchester United,Everton,4,0,3.28722,1.06298,7.9,8.0,,
2017,7169,2017-09-23 12:30:00,premier,West Ham,Tottenham,2,3,0.67667,1.45327,6.9,6.8,,
2017,7170,2017-09-23 15:00:00,premier,Stoke,Chelsea,0,4,0.600959,1.59815,7.0,6.1,,
2017,7171,2017-09-23 15:00:00,premier,Swansea,Watford,1,2,1.50811,1.25817,6.9,7.0,,
2017,7172,2017-09-23 15:00:00,premier,Southampton,Manchester United,0,1,0.802062,1.07247,7.1,6.0,,
2017,7173,2017-09-23 15:00:00,premier,Manchester City,Crystal Palace,5,0,5.72543,0.611018,7.0,7.1,,
2017,7174,2017-09-23 15:00:00,premier,Burnley,Huddersfield,0,0,0.369454,0.312561,7.0,7.0,,
2017,7175,2017-09-23 15:00:00,premier,Everton,Bournemouth,2,1,2.21092,0.384728,6.0,7.8,,
2017,7176,2017-09-23 17:30:00,premier,Leicester,Liverpool,2,3,2.88766,1.92902,7.1,7.1,,
2017,7177,2017-09-24 16:00:00,premier,Brighton,Newcastle United,1,0,0.507341,1.37001,8.8,8.0,,
2017,7178,2017-09-25 20:00:00,premier,Arsenal,West Bromwich Albion,2,0,2.39316,0.766652,8.3,9.2,,
2017,7179,2017-09-30 12:30:00,premier,Huddersfield,Tottenham,0,4,0.196648,1.56089,6.9,7.0,,
2017,7180,2017-09-30 15:00:00,premier,Manchester United,Crystal Palace,4,0,3.47508,0.244321,7.0,7.0,,
2017,7181,2017-09-30 15:00:00,premier,Stoke,Southampton,2,1,2.68136,1.42781,7.0,7.0,,
2017,7182,2017-09-30 15:00:00,premier,West Bromwich Albion,Watford,2,2,1.93896,1.62462,4.8,7.0,,
2017,7183,2017-09-30 15:00:00,premier,West Ham,Swansea,1,0,0.692185,0.178568,7.1,7.0,,
2017,7184,2017-09-30 15:00:00,premier,Bournemouth,Leicester,0,0,1.39901,0.594808,7.0,6.9,,
2017,7185,2017-09-30 17:30:00,premier,Chelsea,Manchester City,0,1,0.911532,1.23068,7.1,7.1,,
2017,7186,2017-10-01 12:00:00,premier,Arsenal,Brighton,2,0,2.47818,0.386343,5.7,6.8,,
2017,7187,2017-10-01 14:15:00,premier,Everton,Burnley,0,1,0.93376,0.383977,8.0,8.0,,
2017,7188,2017-10-01 16:30:00,premier,Newcastle United,Liverpool,1,1,0.280437,1.64475,7.0,8.0,,
2017,7193,2017-10-14 12:30:00,premier,Liverpool,Manchester United,0,0,1.92702,0.230358,12.8,13.9,,
2017,7190,2017-10-14 15:00:00,premier,Burnley,West Ham,1,1,0.70219,0.835192,13.0,14.0,,
2017,7191,2017-10-14 15:00:00,premier,Crystal Palace,Chelsea,2,1,1.51873,0.651919,14.0,13.9,,
2017,7194,2017-10-14 15:00:00,premier,Manchester City,Stoke,7,2,4.45388,0.681236,13.9,14.0,,
2017,7196,2017-10-14 15:00:00,premier,Swansea,Huddersfield,2,0,1.65446,0.596086,14.0,14.1,,
2017,7197,2017-10-14 15:00:00,premier,Tottenham,Bournemouth,1,0,1.95684,0.17504,14.1,14.0,,
2017,7198,2017-10-14 17:30:00,premier,Watford,Arsenal,2,1,1.63418,0.988468,14.1,13.2,,
2017,7189,2017-10-15 13:30:00,premier,Brighton,Everton,1,1,1.05884,1.45518,14.1,14.0,,
2017,7195,2017-10-15 16:00:00,premier,Southampton,Newcastle United,2,2,1.71445,0.950997,15.0,14.0,,
2017,7192,2017-10-16 20:00:00,premier,Leicester,West Bromwich Albion,1,1,0.964277,0.155254,16.2,16.2,,
2017,7208,2017-10-20 20:00:00,premier,West Ham,Brighton,0,3,0.569111,1.98345,6.2,5.3,,
2017,7201,2017-10-21 15:00:00,premier,Huddersfield,Manchester United,2,1,1.26744,0.807135,7.0,7.1,,
2017,7202,2017-10-21 15:00:00,premier,Manchester City,Burnley,3,0,3.71812,0.14859,7.0,7.0,,
2017,7203,2017-10-21 15:00:00,premier,Newcastle United,Crystal Palace,1,0,0.270313,0.566845,6.0,7.0,,
2017,7205,2017-10-21 15:00:00,premier,Stoke,Bournemouth,1,2,1.60117,1.11834,7.0,7.0,,
2017,7206,2017-10-21 15:00:00,premier,Swansea,Leicester,1,2,0.559618,1.80814,7.0,4.8,,
2017,7204,2017-10-21 17:30:00,premier,Southampton,West Bromwich Albion,1,0,2.02288,0.504128,6.1,4.9,,
2017,7199,2017-10-21 19:30:00,premier,Chelsea,Watford,4,2,1.78315,1.79693,7.2,7.1,,
2017,7200,2017-10-22 13:30:00,premier,Everton,Arsenal,2,5,0.810989,3.86029,7.0,7.8,,
2017,7207,2017-10-22 16:00:00,premier,Tottenham,Liverpool,4,1,2.62043,0.667771,8.0,8.1,,
2017,7218,2017-10-28 12:30:00,premier,Manchester United,Tottenham,1,0,0.943496,1.08708,6.9,5.9,,
2017,7209,2017-10-28 15:00:00,premier,Arsenal,Swansea,2,1,2.37777,0.8355,6.1,7.0,,
2017,7213,2017-10-28 15:00:00,premier,Crystal Palace,West Ham,2,2,2.91672,0.742845,7.0,7.8,,
2017,7215,2017-10-28 15:00:00,premier,West Bromwich Albion,Manchester City,2,3,1.11852,2.77085,6.9,7.0,,
2017,7216,2017-10-28 15:00:00,premier,Watford,Stoke,0,1,1.13448,0.778883,6.8,7.0,,
2017,7217,2017-10-28 15:00:00,premier,Liverpool,Huddersfield,3,0,2.14257,0.0554802,6.0,7.0,,
2017,7210,2017-10-28 17:30:00,premier,Bournemouth,Chelsea,0,1,0.455055,1.78362,7.1,6.9,,
2017,7211,2017-10-29 13:30:00,premier,Brighton,Southampton,1,1,1.50533,0.54364,8.7,7.8,,
2017,7214,2017-10-29 16:00:00,premier,Leicester,Everton,2,0,1.36768,0.575236,8.0,7.1,,
2017,7212,2017-10-30 20:00:00,premier,Burnley,Newcastle United,1,0,1.0271,0.516369,9.2,9.2,,
2017,7224,2017-11-04 12:30:00,premier,Stoke,Leicester,2,2,1.22988,1.39563,6.9,5.9,,
2017,7221,2017-11-04 15:00:00,premier,Huddersfield,West Bromwich Albion,1,0,0.260436,0.382005,7.0,7.0,,
2017,7222,2017-11-04 15:00:00,premier,Newcastle United,Bournemouth,0,1,0.676091,1.28703,4.8,6.9,,
2017,7223,2017-11-04 15:00:00,premier,Southampton,Burnley,0,1,0.789259,0.137743,6.1,4.8,,
2017,7225,2017-11-04 15:00:00,premier,Swansea,Brighton,0,1,1.24557,0.874927,7.0,6.1,,
2017,7227,2017-11-04 17:30:00,premier,West Ham,Liverpool,1,4,1.13045,2.8773,7.1,7.1,,
2017,7226,2017-11-05 12:00:00,premier,Tottenham,Crystal Palace,1,0,0.991813,1.10222,8.0,7.9,,
2017,7228,2017-11-05 14:15:00,premier,Manchester City,Arsenal,3,1,2.15028,0.340407,8.0,8.0,,
2017,7219,2017-11-05 16:30:00,premier,Chelsea,Manchester United,1,0,1.8417,0.773586,8.0,8.2,,
2017,7220,2017-11-05 16:30:00,premier,Everton,Watford,3,2,2.5796,2.05534,7.0,8.1,,
2017,7236,2017-11-18 12:30:00,premier,Arsenal,Tottenham,2,0,2.24246,0.591192,12.9,13.0,,
2017,7229,2017-11-18 15:00:00,premier,West Bromwich Albion,Chelsea,0,4,0.590655,1.71709,14.0,12.9,,
2017,7231,2017-11-18 15:00:00,premier,Liverpool,Southampton,3,0,2.06277,0.563886,13.9,14.0,,
2017,7233,2017-11-18 15:00:00,premier,Burnley,Swansea,2,0,1.5427,0.431402,14.0,14.0,,
2017,7234,2017-11-18 15:00:00,premier,Crystal Palace,Everton,2,2,2.02983,1.68728,13.1,12.9,,
2017,7235,2017-11-18 15:00:00,premier,Leicester,Manchester City,0,2,0.0970457,2.40056,14.1,13.0,,
2017,7237,2017-11-18 15:00:00,premier,Bournemouth,Huddersfield,4,0,1.38782,1.1633,14.0,14.0,,
2017,7232,2017-11-18 17:30:00,premier,Manchester United,Newcastle United,4,1,2.57424,1.08708,13.0,14.1,,
2017,7230,2017-11-19 16:00:00,premier,Watford,West Ham,2,0,1.24547,1.43369,14.0,14.9,,
2017,7238,2017-11-20 20:00:00,premier,Brighton,Stoke,2,2,0.490058,1.20507,16.2,16.3,,
2017,7247,2017-11-24 20:00:00,premier,West Ham,Leicester,1,1,0.775297,0.453851,5.2,6.2,,
2017,7239,2017-11-25 15:00:00,premier,Tottenham,West Bromwich Albion,1,1,1.91526,0.71711,7.1,7.0,,
2017,7240,2017-11-25 15:00:00,premier,Swansea,Bournemouth,0,0,0.879594,0.449075,7.0,7.0,,
2017,7242,2017-11-25 15:00:00,premier,Newcastle United,Watford,0,3,0.86002,2.05844,6.9,6.0,,
2017,7243,2017-11-25 15:00:00,premier,Manchester United,Brighton,1,0,1.50148,0.565072,6.9,4.8,,
2017,7246,2017-11-25 15:00:00,premier,Crystal Palace,Stoke,2,1,1.48339,0.628292,7.0,4.8,,
2017,7244,2017-11-25 17:30:00,premier,Liverpool,Chelsea,1,1,1.50368,0.739983,7.1,7.1,,
2017,7241,2017-11-26 13:30:00,premier,Southampton,Everton,4,1,1.97034,0.147724,7.9,7.9,,
2017,7248,2017-11-26 14:00:00,premier,Burnley,Arsenal,0,1,0.402745,1.75184,8.0,8.1,,
2017,7245,2017-11-26 16:00:00,premier,Huddersfield,Manchester City,1,2,0.537698,2.66178,8.0,8.0,,
2017,7249,2017-11-28 19:45:00,premier,Leicester,Tottenham,2,1,0.924575,2.50552,4.0,3.2,,
2017,7250,2017-11-28 19:45:00,premier,Brighton,Crystal Palace,0,0,0.475162,0.584296,3.2,3.2,,
2017,7251,2017-11-28 20:00:00,premier,Watford,Manchester United,2,4,1.29277,1.63491,3.2,3.2,,
2017,7252,2017-11-28 20:00:00,premier,West Bromwich Albion,Newcastle United,2,2,0.845327,1.1342,3.2,3.2,,
2017,7253,2017-11-29 19:45:00,premier,Bournemouth,Burnley,1,2,0.915088,1.08519,4.2,3.2,,
2017,7254,2017-11-29 19:45:00,premier,Arsenal,Huddersfield,5,0,4.47889,0.475716,3.2,3.2,,
2017,7255,2017-11-29 19:45:00,premier,Chelsea,Swansea,1,0,2.30012,0.0411427,4.1,4.2,,
2017,7256,2017-11-29 20:00:00,premier,Everton,West Ham,4,0,1.76497,1.03658,3.3,5.0,,
2017,7257,2017-11-29 20:00:00,premier,Manchester City,Southampton,2,1,1.64952,1.7066,3.2,3.3,,
2017,7258,2017-11-29 20:00:00,premier,Stoke,Liverpool,0,3,0.846748,2.58757,4.2,4.1,,
2017,7259,2017-12-02 12:30:00,premier,Chelsea,Newcastle United,3,1,3.07794,0.519549,2.7,3.7,,
2017,7260,2017-12-02 15:00:00,premier,Everton,Huddersfield,2,0,0.820024,0.223429,2.8,2.8,,
2017,7261,2017-12-02 15:00:00,premier,Leicester,Burnley,1,0,1.61269,0.789388,3.8,2.8,,
2017,7263,2017-12-02 15:00:00,premier,Stoke,Swansea,2,1,1.24743,0.320601,2.8,2.8,,
2017,7264,2017-12-02 15:00:00,premier,Watford,Tottenham,1,1,0.352672,0.788817,3.8,3.8,,
2017,7265,2017-12-02 15:00:00,premier,West Bromwich Albion,Crystal Palace,0,0,1.65178,0.80924,3.8,3.8,,
2017,7268,2017-12-02 15:00:00,premier,Brighton,Liverpool,1,5,1.65878,1.77566,3.8,2.8,,
2017,7266,2017-12-02 17:30:00,premier,Arsenal,Manchester United,1,3,4.24057,2.06831,2.9,3.9,,
2017,7267,2017-12-03 13:30:00,premier,Bournemouth,Southampton,1,1,1.11195,1.00264,3.7,3.7,,
2017,7262,2017-12-03 16:00:00,premier,Manchester City,West Ham,2,1,2.45603,0.474483,3.8,3.8,,
2017,7269,2017-12-09 12:30:00,premier,West Ham,Chelsea,1,0,0.418127,1.18891,5.9,7.0,,
2017,7270,2017-12-09 15:00:00,premier,Tottenham,Stoke,5,1,4.01925,0.749296,7.0,7.0,,
2017,7271,2017-12-09 15:00:00,premier,Swansea,West Bromwich Albion,1,0,1.01101,0.25228,7.0,7.0,,
2017,7272,2017-12-09 15:00:00,premier,Burnley,Watford,1,0,0.485632,0.819233,7.0,7.0,,
2017,7273,2017-12-09 15:00:00,premier,Crystal Palace,Bournemouth,2,2,4.61208,0.962374,7.0,6.1,,
2017,7274,2017-12-09 15:00:00,premier,Huddersfield,Brighton,2,0,2.68125,0.273809,7.0,7.0,,
2017,7277,2017-12-09 17:30:00,premier,Newcastle United,Leicester,2,3,0.964657,0.444099,7.2,7.1,,
2017,7278,2017-12-10 12:00:00,premier,Southampton,Arsenal,1,1,1.21942,0.608352,6.9,7.8,,
2017,7275,2017-12-10 14:15:00,premier,Liverpool,Everton,1,1,1.89569,0.823217,8.0,8.0,,
2017,7276,2017-12-10 16:30:00,premier,Manchester United,Manchester City,1,2,1.43756,2.03041,8.0,7.0,,
2017,7279,2017-12-12 19:45:00,premier,Burnley,Stoke,1,0,0.360081,0.916344,3.2,3.2,,
2017,7280,2017-12-12 20:00:00,premier,Huddersfield,Chelsea,1,3,0.476748,1.8707,3.2,3.3,,
2017,7282,2017-12-12 20:00:00,premier,Crystal Palace,Watford,2,1,1.10545,1.40441,3.2,3.2,,
2017,7281,2017-12-13 19:45:00,premier,Swansea,Manchester City,0,4,0.589496,3.56828,4.2,3.1,,
2017,7284,2017-12-13 19:45:00,premier,Newcastle United,Everton,0,1,0.570658,1.38719,4.1,3.2,,
2017,7285,2017-12-13 19:45:00,premier,Southampton,Leicester,1,4,1.11749,2.24579,3.3,4.1,,
2017,7283,2017-12-13 20:00:00,premier,Manchester United,Bournemouth,1,0,1.24043,0.815792,3.1,4.2,,
2017,7286,2017-12-13 20:00:00,premier,West Ham,Arsenal,0,0,0.405172,1.02186,4.3,3.3,,
2017,7287,2017-12-13 20:00:00,premier,Liverpool,West Bromwich Albion,0,0,2.13915,0.520382,3.2,4.2,,
2017,7288,2017-12-13 20:00:00,premier,Tottenham,Brighton,2,0,1.87344,0.315616,4.2,4.2,,
2017,7294,2017-12-16 12:30:00,premier,Leicester,Crystal Palace,0,3,0.758241,2.25889,2.7,3.7,,
2017,7289,2017-12-16 15:00:00,premier,Arsenal,Newcastle United,1,0,2.02472,0.286547,2.8,2.8,,
2017,7291,2017-12-16 15:00:00,premier,Brighton,Burnley,0,0,1.49029,1.32536,2.8,3.8,,
2017,7292,2017-12-16 15:00:00,premier,Chelsea,Southampton,1,0,1.29018,0.587081,3.8,2.8,,
2017,7296,2017-12-16 15:00:00,premier,Watford,Huddersfield,1,4,0.589103,3.49193,3.8,3.8,,
2017,7297,2017-12-16 16:00:00,premier,Stoke,West Ham,0,3,0.983293,3.08244,3.8,2.8,,
2017,7298,2017-12-16 17:30:00,premier,Manchester City,Tottenham,4,1,4.14588,0.182456,2.9,2.9,,
2017,7295,2017-12-17 14:15:00,premier,West Bromwich Albion,Manchester United,1,2,1.076,0.898984,3.8,3.8,,
2017,7290,2017-12-17 16:30:00,premier,Bournemouth,Liverpool,0,4,0.539178,3.25041,3.9,3.9,,
2017,7293,2017-12-18 20:00:00,premier,Everton,Swansea,3,1,2.01756,0.766224,5.0,5.0,,
2017,7301,2017-12-22 19:45:00,premier,Arsenal,Liverpool,3,3,1.13104,2.05947,6.2,5.1,,
2017,7303,2017-12-23 12:30:00,premier,Everton,Chelsea,0,0,0.342403,1.84971,4.7,6.9,,
2017,7299,2017-12-23 15:00:00,premier,Swansea,Crystal Palace,1,1,0.546613,1.25546,4.8,7.1,,
2017,7300,2017-12-23 15:00:00,premier,West Ham,Newcastle United,2,3,2.31898,1.90622,7.0,7.0,,
2017,7305,2017-12-23 15:00:00,premier,Brighton,Watford,1,0,1.40139,1.30044,7.0,7.0,,
2017,7306,2017-12-23 15:00:00,premier,Stoke,West Bromwich Albion,3,1,1.7986,2.0544,7.0,6.0,,
2017,7307,2017-12-23 15:00:00,premier,Southampton,Huddersfield,1,1,1.73805,1.09381,7.0,7.0,,
2017,7308,2017-12-23 15:00:00,premier,Manchester City,Bournemouth,4,0,1.55724,0.334896,6.9,5.9,,
2017,7304,2017-12-23 17:30:00,premier,Burnley,Tottenham,0,3,0.159735,3.30947,7.1,7.0,,
2017,7302,2017-12-23 19:45:00,premier,Leicester,Manchester United,2,2,1.56465,2.15281,7.3,6.2,,
2017,7316,2017-12-26 12:30:00,premier,Tottenham,Southampton,5,2,3.08413,0.591118,2.8,2.9,,
2017,7309,2017-12-26 15:00:00,premier,Bournemouth,West Ham,3,3,2.84928,1.87596,3.0,3.0,,
2017,7310,2017-12-26 15:00:00,premier,Chelsea,Brighton,2,0,2.16934,0.452601,3.1,3.0,,
2017,7312,2017-12-26 15:00:00,premier,Huddersfield,Stoke,1,1,1.8756,1.19984,3.0,3.0,,
2017,7314,2017-12-26 15:00:00,premier,Manchester United,Burnley,2,2,1.80763,0.786214,2.8,2.9,,
2017,7317,2017-12-26 15:00:00,premier,Watford,Leicester,2,1,1.43009,1.54771,3.0,2.8,,
2017,7318,2017-12-26 15:00:00,premier,West Bromwich Albion,Everton,0,0,1.18168,0.405775,3.0,3.1,,
2017,7313,2017-12-26 17:30:00,premier,Liverpool,Swansea,5,0,3.06422,0.2719,3.9,3.1,,
2017,7315,2017-12-27 19:45:00,premier,Newcastle United,Manchester City,0,1,0.174705,1.93187,4.2,4.2,,
2017,7311,2017-12-28 20:00:00,premier,Crystal Palace,Arsenal,2,3,1.14522,1.84104,5.2,6.0,,
2017,7319,2017-12-30 15:00:00,premier,Bournemouth,Everton,2,1,1.39955,0.599608,4.0,4.0,,
2017,7320,2017-12-30 15:00:00,premier,Chelsea,Stoke,5,0,3.09527,0.28218,4.0,4.0,,
2017,7322,2017-12-30 15:00:00,premier,Huddersfield,Burnley,0,0,0.049118,1.20923,4.0,4.0,,
2017,7323,2017-12-30 15:00:00,premier,Liverpool,Leicester,2,1,2.56607,0.789667,3.9,4.0,,
2017,7325,2017-12-30 15:00:00,premier,Newcastle United,Brighton,0,0,0.504379,0.630058,2.8,4.0,,
2017,7327,2017-12-30 15:00:00,premier,Watford,Swansea,1,2,1.17794,1.31479,4.0,3.9,,
2017,7324,2017-12-30 17:30:00,premier,Manchester United,Southampton,0,0,1.87247,0.85013,4.1,4.2,,
2017,7321,2017-12-31 12:00:00,premier,Crystal Palace,Manchester City,0,0,1.72153,1.09586,2.7,3.7,,
2017,7328,2017-12-31 16:30:00,premier,West Bromwich Albion,Arsenal,1,1,1.39429,0.917801,5.1,2.9,,
2017,7331,2018-01-01 12:30:00,premier,Brighton,Bournemouth,2,2,2.37332,1.28248,1.9,1.9,,
2017,7332,2018-01-01 15:00:00,premier,Burnley,Liverpool,1,2,0.900466,1.62514,2.0,2.0,,
2017,7334,2018-01-01 15:00:00,premier,Leicester,Huddersfield,3,0,1.45074,0.226625,2.0,2.0,,
2017,7337,2018-01-01 15:00:00,premier,Stoke,Newcastle United,0,1,1.50029,2.02028,2.0,2.0,,
2017,7333,2018-01-01 17:30:00,premier,Everton,Manchester United,0,2,1.23952,1.26247,2.1,2.0,,
2017,7329,2018-01-02 19:45:00,premier,West Ham,West Bromwich Albion,2,1,1.0594,0.63538,7.2,2.1,,
2017,7336,2018-01-02 19:45:00,premier,Southampton,Crystal Palace,1,2,0.445301,1.34294,3.1,2.3,,
2017,7338,2018-01-02 19:45:00,premier,Swansea,Tottenham,0,2,0.397789,1.61843,3.2,7.3,,
2017,7335,2018-01-02 20:00:00,premier,Manchester City,Watford,3,1,2.77398,0.965283,2.3,3.2,,
2017,7330,2018-01-03 19:45:00,premier,Arsenal,Chelsea,2,2,1.23205,3.0768,3.1,4.2,,
2017,7326,2018-01-04 20:00:00,premier,Tottenham,West Ham,1,1,1.64908,0.612933,2.0,2.0,,
2017,7340,2018-01-13 15:00:00,premier,Chelsea,Leicester,0,0,0.622946,1.36341,9.8,12.0,,
2017,7341,2018-01-13 15:00:00,premier,Crystal Palace,Burnley,1,0,1.80971,0.907849,10.8,12.0,,
2017,7342,2018-01-13 15:00:00,premier,Huddersfield,West Ham,1,4,0.681,0.986853,12.0,8.8,,
2017,7345,2018-01-13 15:00:00,premier,Newcastle United,Swansea,1,1,1.8273,0.895774,12.0,10.8,,
2017,7347,2018-01-13 15:00:00,premier,Watford,Southampton,2,2,1.67369,0.857637,10.8,10.8,,
2017,7348,2018-01-13 15:00:00,premier,West Bromwich Albion,Brighton,2,0,1.38478,0.530765,10.8,12.1,,
2017,7346,2018-01-13 17:30:00,premier,Tottenham,Everton,4,0,4.21366,0.290345,8.9,12.0,,
2017,7339,2018-01-14 13:30:00,premier,Bournemouth,Arsenal,2,1,0.822285,1.00956,13.0,10.7,,
2017,7343,2018-01-14 16:00:00,premier,Liverpool,Manchester City,4,3,1.01595,0.722959,13.0,11.8,,
2017,7344,2018-01-15 20:00:00,premier,Manchester United,Stoke,3,0,1.9485,1.47603,14.1,14.2,,
2017,7350,2018-01-20 12:30:00,premier,Brighton,Chelsea,0,4,0.881174,1.52008,6.9,6.9,,
2017,7349,2018-01-20 15:00:00,premier,Arsenal,Crystal Palace,4,1,3.56519,0.501202,6.1,7.0,,
2017,7351,2018-01-20 15:00:00,premier,Burnley,Manchester United,0,1,0.568215,0.860828,7.0,4.8,,
2017,7352,2018-01-20 15:00:00,premier,Everton,West Bromwich Albion,1,1,0.92355,1.34998,6.9,7.0,,
2017,7353,2018-01-20 15:00:00,premier,Leicester,Watford,2,0,1.51932,0.740795,7.0,7.0,,
2017,7356,2018-01-20 15:00:00,premier,Stoke,Huddersfield,2,0,0.987799,0.238458,4.8,7.0,,
2017,7358,2018-01-20 15:00:00,premier,West Ham,Bournemouth,1,1,0.980241,0.501886,7.0,6.1,,
2017,7354,2018-01-20 17:30:00,premier,Manchester City,Newcastle United,3,1,2.5505,0.992018,6.1,7.1,,
2017,7355,2018-01-21 16:00:00,premier,Southampton,Tottenham,1,1,1.15209,1.30653,8.0,7.9,,
2017,7357,2018-01-22 20:00:00,premier,Swansea,Liverpool,1,0,0.498742,2.19675,9.2,8.2,,
2017,7360,2018-01-30 19:45:00,premier,West Ham,Crystal Palace,1,1,1.11632,1.15809,10.2,10.2,,
2017,7361,2018-01-30 19:45:00,premier,Swansea,Arsenal,3,1,2.37911,1.15616,8.0,10.2,,
2017,7359,2018-01-30 20:00:00,premier,Huddersfield,Liverpool,0,3,0.288048,2.05148,10.2,8.0,,
2017,7362,2018-01-31 19:45:00,premier,Chelsea,Bournemouth,0,3,1.14795,1.42447,11.3,11.2,,
2017,7363,2018-01-31 19:45:00,premier,Southampton,Brighton,1,1,1.27393,1.07907,10.2,11.3,,
2017,7364,2018-01-31 19:45:00,premier,Newcastle United,Burnley,1,1,2.52275,1.22828,11.1,11.2,,
2017,7365,2018-01-31 19:45:00,premier,Everton,Leicester,2,1,1.53072,2.65018,11.2,11.2,,
2017,7366,2018-01-31 20:00:00,premier,Manchester City,West Bromwich Albion,3,0,2.68955,0.118043,11.1,11.2,,
2017,7367,2018-01-31 20:00:00,premier,Tottenham,Manchester United,2,0,2.0117,0.817997,10.2,11.2,,
2017,7368,2018-01-31 20:00:00,premier,Stoke,Watford,0,0,0.722172,0.740773,11.2,11.2,,
2017,7372,2018-02-03 12:30:00,premier,Burnley,Manchester City,1,1,0.795971,2.24914,2.7,2.7,,
2017,7370,2018-02-03 15:00:00,premier,Bournemouth,Stoke,2,1,1.91091,0.721222,2.8,2.8,,
2017,7371,2018-02-03 15:00:00,premier,Brighton,West Ham,3,1,1.64227,0.443751,2.8,3.8,,
2017,7374,2018-02-03 15:00:00,premier,Leicester,Swansea,1,1,1.48466,0.569943,2.8,3.8,,
2017,7376,2018-02-03 15:00:00,premier,Manchester United,Huddersfield,2,0,1.63389,0.13049,2.8,3.8,,
2017,7378,2018-02-03 15:00:00,premier,West Bromwich Albion,Southampton,2,3,0.876603,0.99695,2.8,2.8,,
2017,7369,2018-02-03 17:30:00,premier,Arsenal,Everton,5,1,3.19622,1.49065,3.9,2.9,,
2017,7373,2018-02-04 14:15:00,premier,Crystal Palace,Newcastle United,1,1,3.00238,1.14408,4.8,3.8,,
2017,7375,2018-02-04 16:30:00,premier,Liverpool,Tottenham,2,2,1.28962,2.54392,4.9,3.9,,
2017,7377,2018-02-05 20:00:00,premier,Watford,Chelsea,4,1,2.12696,0.573557,5.0,5.0,,
2017,7387,2018-02-10 12:30:00,premier,Tottenham,Arsenal,1,0,2.63564,0.487297,5.8,6.8,,
2017,7380,2018-02-10 15:00:00,premier,Everton,Crystal Palace,3,1,1.48792,1.65713,6.9,6.0,,
2017,7385,2018-02-10 15:00:00,premier,Stoke,Brighton,1,1,1.39547,0.897856,7.0,7.0,,
2017,7386,2018-02-10 15:00:00,premier,Swansea,Burnley,1,0,0.843332,0.430729,7.0,7.1,,
2017,7388,2018-02-10 15:00:00,premier,West Ham,Watford,2,0,1.83359,0.799928,7.0,4.8,,
2017,7382,2018-02-10 17:30:00,premier,Manchester City,Leicester,5,1,2.59121,0.109716,7.2,7.1,,
2017,7381,2018-02-11 12:00:00,premier,Huddersfield,Bournemouth,4,1,2.56699,0.433555,7.9,7.9,,
2017,7383,2018-02-11 14:15:00,premier,Newcastle United,Manchester United,1,0,0.676656,1.71995,7.0,8.0,,
2017,7384,2018-02-11 16:30:00,premier,Southampton,Liverpool,0,2,0.854343,2.35575,8.1,7.0,,
2017,7379,2018-02-12 20:00:00,premier,Chelsea,West Bromwich Albion,3,0,2.37995,0.628806,7.0,9.2,,
2017,7396,2018-02-24 12:30:00,premier,Leicester,Stoke,1,1,1.12487,0.166078,13.8,13.9,,
2017,7390,2018-02-24 15:00:00,premier,Bournemouth,Newcastle United,2,2,1.20646,4.23567,13.1,13.0,,
2017,7391,2018-02-24 15:00:00,premier,Brighton,Swansea,4,1,3.2913,0.443169,14.0,14.0,,
2017,7394,2018-02-24 15:00:00,premier,West Bromwich Albion,Huddersfield,1,2,1.50162,1.18101,11.8,13.1,,
2017,7395,2018-02-24 15:00:00,premier,Liverpool,West Ham,4,1,3.9205,0.33527,12.9,14.0,,
2017,7398,2018-02-24 15:00:00,premier,Burnley,Southampton,1,1,1.28178,0.65898,14.0,12.9,,
2017,7392,2018-02-24 17:30:00,premier,Watford,Everton,1,0,0.606929,0.665127,14.1,14.1,,
2017,7397,2018-02-25 00:00:00,premier,Crystal Palace,Tottenham,0,1,0.184958,1.65074,14.4,14.5,,
2017,7393,2018-02-25 14:05:00,premier,Manchester United,Chelsea,2,1,1.30036,1.68958,14.0,12.8,,
2017,7389,2018-03-01 19:45:00,premier,Arsenal,Manchester City,0,3,1.30172,1.92605,19.3,19.1,,
2017,7400,2018-03-03 12:30:00,premier,Burnley,Everton,2,1,2.33524,1.79993,6.9,6.8,,
2017,7402,2018-03-03 15:00:00,premier,Leicester,Bournemouth,1,1,2.97799,1.4035,7.1,7.0,,
2017,7405,2018-03-03 15:00:00,premier,Southampton,Stoke,0,0,0.982895,0.385303,7.0,7.1,,
2017,7406,2018-03-03 15:00:00,premier,Swansea,West Ham,4,1,2.30838,0.497211,7.0,7.0,,
2017,7407,2018-03-03 15:00:00,premier,Tottenham,Huddersfield,2,0,1.63794,0.138106,6.6,7.0,,
2017,7408,2018-03-03 15:00:00,premier,Watford,West Bromwich Albion,1,0,1.23526,1.09115,6.9,7.0,,
2017,7403,2018-03-03 17:30:00,premier,Liverpool,Newcastle United,2,0,1.56935,0.255322,7.1,7.1,,
2017,7399,2018-03-04 13:30:00,premier,Brighton,Arsenal,2,1,1.48498,0.801513,7.9,2.7,,
2017,7404,2018-03-04 16:00:00,premier,Manchester City,Chelsea,1,0,0.953312,0.118301,2.8,7.1,,
2017,7401,2018-03-05 20:00:00,premier,Crystal Palace,Manchester United,2,3,0.74138,1.25439,8.8,8.2,,
2017,7414,2018-03-10 12:30:00,premier,Manchester United,Liverpool,2,1,0.845051,0.777089,4.7,6.8,,
2017,7412,2018-03-10 15:00:00,premier,Everton,Brighton,2,0,1.68868,0.321797,7.1,6.1,,
2017,7413,2018-03-10 15:00:00,premier,Huddersfield,Swansea,0,0,1.39381,0.0,7.0,7.0,,
2017,7415,2018-03-10 15:00:00,premier,Newcastle United,Southampton,3,0,1.35847,0.496723,6.9,7.0,,
2017,7417,2018-03-10 15:00:00,premier,West Bromwich Albion,Leicester,1,4,0.360925,1.86524,7.0,7.0,,
2017,7418,2018-03-10 15:00:00,premier,West Ham,Burnley,0,3,0.72673,1.41929,7.0,7.1,,
2017,7411,2018-03-10 17:30:00,premier,Chelsea,Crystal Palace,2,1,3.87829,1.13893,6.1,4.9,,
2017,7409,2018-03-11 13:30:00,premier,Arsenal,Watford,3,0,2.38263,1.54676,7.0,7.9,,
2017,7410,2018-03-11 16:00:00,premier,Bournemouth,Tottenham,1,4,1.17387,2.53124,8.0,8.0,,
2017,7416,2018-03-12 20:00:00,premier,Stoke,Manchester City,0,2,0.157023,1.64562,9.2,8.2,,
2017,7419,2018-03-17 15:00:00,premier,Bournemouth,West Bromwich Albion,2,1,0.685329,1.74488,6.0,7.0,,
2017,7421,2018-03-17 15:00:00,premier,Huddersfield,Crystal Palace,0,2,0.220381,2.74705,7.0,6.9,,
2017,7425,2018-03-17 15:00:00,premier,Stoke,Everton,1,2,0.894266,2.97881,4.8,7.0,,
2017,7423,2018-03-17 17:30:00,premier,Liverpool,Watford,5,0,1.81208,0.35476,7.2,6.2,,
2017,7432,2018-03-31 12:30:00,premier,Crystal Palace,Liverpool,1,2,1.90868,1.72037,13.9,13.8,,
2017,7430,2018-03-31 15:00:00,premier,Brighton,Leicester,0,2,1.60322,1.26582,21.0,21.0,,
2017,7434,2018-03-31 15:00:00,premier,West Ham,Southampton,3,0,1.44971,0.446641,21.0,21.0,,
2017,7435,2018-03-31 15:00:00,premier,Manchester United,Swansea,2,0,2.14368,0.138813,21.1,21.0,,
2017,7436,2018-03-31 15:00:00,premier,Newcastle United,Huddersfield,1,0,2.53617,0.280847,21.0,14.0,,
2017,7437,2018-03-31 15:00:00,premier,Watford,Bournemouth,2,2,0.76133,2.1146,13.9,14.0,,
2017,7438,2018-03-31 15:00:00,premier,West Bromwich Albion,Burnley,1,2,0.394723,1.41534,14.0,21.0,,
2017,7433,2018-03-31 17:30:00,premier,Everton,Manchester City,1,3,0.859628,1.91312,14.1,18.9,,
2017,7429,2018-04-01 13:30:00,premier,Arsenal,Stoke,3,0,3.56649,0.342516,21.0,14.9,,
2017,7431,2018-04-01 16:00:00,premier,Chelsea,Tottenham,1,3,1.209,1.3895,21.9,21.0,,
2017,7443,2018-04-07 11:30:00,premier,Everton,Liverpool,0,0,0.723427,0.947321,6.8,7.0,,
2017,7440,2018-04-07 14:00:00,premier,Bournemouth,Crystal Palace,2,2,2.09227,1.14558,7.0,7.1,,
2017,7441,2018-04-07 14:00:00,premier,Brighton,Huddersfield,1,1,1.53244,1.48964,7.0,7.0,,
2017,7444,2018-04-07 14:00:00,premier,Leicester,Newcastle United,1,2,1.09224,0.285116,7.0,7.0,,
2017,7446,2018-04-07 14:00:00,premier,Stoke,Tottenham,1,2,1.40115,1.79894,6.0,5.9,,
2017,7447,2018-04-07 14:00:00,premier,Watford,Burnley,1,2,1.36685,1.38319,7.0,7.0,,
2017,7448,2018-04-07 14:00:00,premier,West Bromwich Albion,Swansea,1,1,1.22912,0.655729,7.0,7.0,,
2017,7445,2018-04-07 16:30:00,premier,Manchester City,Manchester United,2,3,3.42967,1.21683,7.0,7.1,,
2017,7439,2018-04-08 13:15:00,premier,Arsenal,Southampton,3,2,1.58895,2.16699,7.0,7.9,,
2017,7442,2018-04-08 15:30:00,premier,Chelsea,West Ham,1,1,2.12073,0.302554,7.0,8.0,,
2017,7455,2018-04-14 11:30:00,premier,Southampton,Chelsea,2,3,1.2922,0.663817,5.9,5.8,,
2017,7449,2018-04-14 14:00:00,premier,Burnley,Leicester,2,1,1.05951,1.99812,7.0,7.0,,
2017,7450,2018-04-14 14:00:00,premier,Crystal Palace,Brighton,3,2,2.49925,1.54485,7.0,7.0,,
2017,7451,2018-04-14 14:00:00,premier,Huddersfield,Watford,1,0,0.929512,0.306273,7.0,7.0,,
2017,7456,2018-04-14 14:00:00,premier,Swansea,Everton,1,1,1.19751,1.61456,7.0,7.1,,
2017,7452,2018-04-14 16:30:00,premier,Liverpool,Bournemouth,3,0,2.6402,0.540593,7.2,7.1,,
2017,7457,2018-04-14 18:45:00,premier,Tottenham,Manchester City,1,3,0.445014,3.61987,7.2,7.1,,
2017,7454,2018-04-15 12:30:00,premier,Newcastle United,Arsenal,2,1,0.888452,1.41538,7.9,7.0,,
2017,7453,2018-04-15 15:00:00,premier,Manchester United,West Bromwich Albion,0,1,0.639748,0.824508,7.9,8.0,,
2017,7458,2018-04-16 19:00:00,premier,West Ham,Stoke,1,1,0.807456,1.41085,8.1,9.2,,
2017,7462,2018-04-17 18:45:00,premier,Brighton,Tottenham,1,1,0.988099,1.36248,3.2,3.0,,
2017,7463,2018-04-18 18:45:00,premier,Bournemouth,Manchester United,0,2,1.18301,1.61597,4.1,3.2,,
2017,7420,2018-04-19 18:45:00,premier,Burnley,Chelsea,1,2,0.221642,1.7717,5.2,5.3,,
2017,7464,2018-04-19 18:45:00,premier,Leicester,Southampton,0,0,0.515248,0.651171,5.2,5.3,,
2017,7468,2018-04-21 00:00:00,premier,West Bromwich Albion,Liverpool,2,2,1.39669,1.6393,5.4,6.3,,
2017,7467,2018-04-21 14:00:00,premier,Watford,Crystal Palace,0,0,0.59455,0.182325,7.0,7.0,,
2017,7459,2018-04-22 12:30:00,premier,Arsenal,West Ham,4,1,2.07299,0.623161,7.0,5.7,,
2017,7466,2018-04-22 12:30:00,premier,Stoke,Burnley,1,1,0.356095,1.61309,5.7,2.7,,
2017,7465,2018-04-22 15:30:00,premier,Manchester City,Swansea,5,0,3.41675,0.297493,7.9,8.1,,
2017,7461,2018-04-23 19:00:00,premier,Everton,Newcastle United,1,0,0.948534,0.480957,9.2,8.3,,
2017,7472,2018-04-28 11:30:00,premier,Liverpool,Stoke,0,0,2.11658,0.777827,7.5,6.0,,
2017,7469,2018-04-28 14:00:00,premier,Burnley,Brighton,0,0,1.54596,0.378409,6.1,10.8,,
2017,7470,2018-04-28 14:00:00,premier,Crystal Palace,Leicester,5,0,2.7876,0.941395,7.0,8.8,,
2017,7471,2018-04-28 14:00:00,premier,Huddersfield,Everton,0,2,0.56538,0.943754,14.0,4.8,,
2017,7474,2018-04-28 14:00:00,premier,Newcastle United,West Bromwich Albion,0,1,1.58397,0.703096,4.8,7.6,,
2017,7475,2018-04-28 14:00:00,premier,Southampton,Bournemouth,2,1,1.72584,1.01741,8.8,9.8,,
2017,7476,2018-04-28 16:30:00,premier,Swansea,Chelsea,0,1,0.502964,1.45426,6.0,8.9,,
2017,7478,2018-04-29 13:15:00,premier,West Ham,Manchester City,1,4,0.228917,2.29076,7.0,6.9,,
2017,7473,2018-04-29 15:30:00,premier,Manchester United,Arsenal,2,1,1.54667,0.651541,10.9,7.1,,
2017,7477,2018-04-30 19:00:00,premier,Tottenham,Watford,2,0,1.76757,1.36928,13.0,9.2,,
2017,7484,2018-05-04 20:00:00,premier,Brighton,Manchester United,1,0,0.922771,0.652444,6.2,5.2,,
2017,7481,2018-05-05 12:30:00,premier,Stoke,Crystal Palace,1,2,0.750175,1.31471,7.0,6.9,,
2017,7479,2018-05-05 15:00:00,premier,Leicester,West Ham,0,2,0.391738,1.43027,7.0,6.1,,
2017,7482,2018-05-05 15:00:00,premier,Watford,Newcastle United,2,1,2.81246,0.613901,4.8,7.0,,
2017,7483,2018-05-05 15:00:00,premier,West Bromwich Albion,Tottenham,1,0,1.21792,0.969481,7.0,4.8,,
2017,7488,2018-05-05 15:00:00,premier,Bournemouth,Swansea,1,0,1.69618,1.0138,7.0,6.9,,
2017,7486,2018-05-05 17:30:00,premier,Everton,Southampton,1,1,0.420891,0.634996,7.1,7.1,,
2017,7480,2018-05-06 13:30:00,premier,Manchester City,Huddersfield,0,0,0.78641,0.54565,7.0,8.0,,
2017,7485,2018-05-06 16:30:00,premier,Chelsea,Liverpool,1,0,0.806168,0.427002,8.0,8.2,,
2017,7487,2018-05-06 16:30:00,premier,Arsenal,Burnley,5,0,2.92408,0.21671,7.0,8.1,,
2017,7426,2018-05-08 19:45:00,premier,Swansea,Southampton,0,1,0.389621,1.48865,3.2,3.1,,
2017,7422,2018-05-09 19:45:00,premier,Leicester,Arsenal,3,1,2.19801,1.54443,4.2,3.1,,
2017,7460,2018-05-09 19:45:00,premier,Chelsea,Huddersfield,1,1,2.25256,0.631021,3.1,3.3,,
2017,7424,2018-05-09 20:00:00,premier,Manchester City,Brighton,3,1,1.64765,1.00939,3.3,5.0,,
2017,7427,2018-05-09 20:00:00,premier,Tottenham,Newcastle United,1,0,0.835241,0.829699,4.2,4.2,,
2017,7428,2018-05-10 19:45:00,premier,West Ham,Manchester United,0,0,0.783043,0.596075,5.2,6.0,,
2017,7489,2018-05-13 15:00:00,premier,West Ham,Everton,3,1,1.18299,1.67867,2.8,7.9,,
2017,7490,2018-05-13 15:00:00,premier,Tottenham,Leicester,5,4,1.83248,1.27359,3.8,3.8,,
2017,7491,2018-05-13 15:00:00,premier,Swansea,Stoke,1,2,1.70936,1.75436,4.8,8.1,,
2017,7492,2018-05-13 15:00:00,premier,Burnley,Bournemouth,1,2,1.16179,1.38551,6.9,8.0,,
2017,7493,2018-05-13 15:00:00,premier,Crystal Palace,West Bromwich Albion,2,0,2.36491,0.216004,8.1,8.0,,
2017,7494,2018-05-13 15:00:00,premier,Huddersfield,Arsenal,0,1,1.31031,2.3322,3.8,3.8,,
2017,7495,2018-05-13 15:00:00,premier,Liverpool,Brighton,4,0,3.50981,0.0408165,6.9,3.8,,
2017,7496,2018-05-13 15:00:00,premier,Manchester United,Watford,1,0,0.45805,0.654288,2.8,8.0,,
2017,7497,2018-05-13 15:00:00,premier,Newcastle United,Chelsea,3,0,2.24197,0.843284,3.8,3.8,,
2017,7498,2018-05-13 15:00:00,premier,Southampton,Manchester City,0,1,0.506624,0.765614,4.8,3.8,,
2018,9197,2018-08-10 22:00:00,premier,Manchester United,Leicester,2,1,1.5137,1.73813,60.0,60.0,,
2018,9198,2018-08-11 14:30:00,premier,Newcastle United,Tottenham,1,2,0.974497,2.58097,60.0,60.0,,
2018,9199,2018-08-11 17:00:00,premier,Watford,Brighton,2,0,1.42372,0.45504,60.0,60.0,,
2018,9200,2018-08-11 17:00:00,premier,Huddersfield,Chelsea,0,3,0.396115,2.31427,60.0,60.0,,
2018,9201,2018-08-11 17:00:00,premier,Fulham,Crystal Palace,0,2,0.638076,1.07816,14.0,60.0,,
2018,9202,2018-08-11 17:00:00,premier,Bournemouth,Cardiff,2,0,2.60022,1.50693,60.0,14.0,,
2018,9203,2018-08-11 19:30:00,premier,Wolverhampton Wanderers,Everton,2,2,0.891038,0.715382,14.0,60.0,,
2018,9204,2018-08-12 15:30:00,premier,Southampton,Burnley,0,0,1.01994,1.40827,60.0,60.0,,
2018,9205,2018-08-12 15:30:00,premier,Liverpool,West Ham,4,0,4.34421,0.404253,60.0,60.0,,
2018,9206,2018-08-12 18:00:00,premier,Arsenal,Manchester City,0,2,0.445187,2.0178,60.0,60.0,,
2018,9207,2018-08-18 14:30:00,premier,Cardiff,Newcastle United,0,0,1.15521,1.55405,6.9,7.0,,
2018,9208,2018-08-18 17:00:00,premier,West Ham,Bournemouth,1,2,1.10275,1.69077,6.1,7.0,,
2018,9209,2018-08-18 17:00:00,premier,Tottenham,Fulham,3,1,3.26713,1.44253,7.1,7.0,,
2018,9210,2018-08-18 17:00:00,premier,Leicester,Wolverhampton Wanderers,2,0,0.222843,1.09349,7.8,6.9,,
2018,9211,2018-08-18 17:00:00,premier,Everton,Southampton,2,1,2.02004,1.77471,6.9,6.1,,
2018,9212,2018-08-18 19:30:00,premier,Chelsea,Arsenal,3,2,1.71799,2.45798,7.1,6.1,,
2018,9213,2018-08-19 15:30:00,premier,Manchester City,Huddersfield,6,1,4.60356,0.663731,6.9,7.9,,
2018,9214,2018-08-19 15:30:00,premier,Burnley,Watford,1,3,0.392642,1.9171,7.0,7.9,,
2018,9215,2018-08-19 18:00:00,premier,Brighton,Manchester United,3,2,1.63672,1.56579,8.0,8.8,,
2018,9216,2018-08-20 22:00:00,premier,Crystal Palace,Liverpool,0,2,0.368608,2.82183,9.2,8.3,,
2018,9217,2018-08-25 14:30:00,premier,Wolverhampton Wanderers,Manchester City,1,1,1.26376,1.84293,6.9,6.0,,
2018,9218,2018-08-25 17:00:00,premier,Southampton,Leicester,1,2,0.542494,0.517935,7.0,7.0,,
2018,9219,2018-08-25 17:00:00,premier,Huddersfield,Cardiff,0,0,0.203453,1.06351,6.1,7.1,,
2018,9221,2018-08-25 17:00:00,premier,Bournemouth,Everton,2,2,2.5887,0.543665,7.0,7.0,,
2018,9222,2018-08-25 17:00:00,premier,Arsenal,West Ham,3,1,1.7852,1.17924,6.9,7.0,,
2018,9223,2018-08-25 19:30:00,premier,Liverpool,Brighton,1,0,1.81412,0.535616,4.9,6.1,,
2018,9224,2018-08-26 15:30:00,premier,Watford,Crystal Palace,2,1,1.14596,1.21905,7.0,5.7,,
2018,9220,2018-08-26 17:00:00,premier,Fulham,Burnley,4,2,1.92459,1.56882,8.0,7.1,,
2018,9225,2018-08-26 18:00:00,premier,Newcastle United,Chelsea,1,2,0.209337,1.49669,8.1,7.9,,
2018,9226,2018-08-27 22:00:00,premier,Manchester United,Tottenham,0,3,1.40321,1.80811,8.2,9.2,,
2018,9227,2018-09-01 11:30:00,premier,Leicester,Liverpool,1,2,0.981217,1.22722,6.8,6.7,,
2018,9228,2018-09-01 14:00:00,premier,West Ham,Wolverhampton Wanderers,0,1,0.888887,1.22301,6.9,7.0,,
2018,9229,2018-09-01 14:00:00,premier,Everton,Huddersfield,1,1,0.616013,0.660035,6.9,6.9,,
2018,9230,2018-09-01 14:00:00,premier,Crystal Palace,Southampton,0,2,2.35193,3.13612,5.9,6.9,,
2018,9231,2018-09-01 14:00:00,premier,Chelsea,Bournemouth,2,0,1.16408,0.950959,5.8,6.9,,
2018,9233,2018-09-01 14:00:00,premier,Brighton,Fulham,2,2,2.68216,1.51555,6.8,5.9,,
2018,9234,2018-09-01 16:30:00,premier,Manchester City,Newcastle United,2,1,2.46904,0.554763,7.1,5.9,,
2018,9235,2018-09-02 12:30:00,premier,Cardiff,Arsenal,2,3,0.77426,1.41005,7.8,7.8,,
2018,9232,2018-09-02 15:00:00,premier,Burnley,Manchester United,0,2,1.09923,2.90359,6.9,5.7,,
2018,9236,2018-09-02 15:00:00,premier,Watford,Tottenham,2,1,0.454309,0.582521,7.0,5.7,,
2018,9237,2018-09-15 11:30:00,premier,Tottenham,Liverpool,1,2,0.788168,3.01015,12.9,14.0,,
2018,9238,2018-09-15 14:00:00,premier,Newcastle United,Arsenal,1,2,0.412121,0.90461,13.9,13.1,,
2018,9239,2018-09-15 14:00:00,premier,Manchester City,Fulham,3,0,4.91621,0.342698,13.9,14.0,,
2018,9240,2018-09-15 14:00:00,premier,Huddersfield,Crystal Palace,0,1,0.87744,0.746631,14.0,14.0,,
2018,9241,2018-09-15 14:00:00,premier,Chelsea,Cardiff,4,1,2.67145,0.8276,14.0,13.1,,
2018,9242,2018-09-15 14:00:00,premier,Bournemouth,Leicester,4,2,2.22726,1.82502,14.0,14.1,,
2018,9243,2018-09-15 16:30:00,premier,Watford,Manchester United,1,2,1.17523,1.64902,13.1,13.1,,
2018,9244,2018-09-16 12:30:00,premier,Wolverhampton Wanderers,Burnley,1,0,3.3916,0.208994,14.9,13.9,,
2018,9245,2018-09-16 15:00:00,premier,Everton,West Ham,1,3,1.26774,1.52437,15.0,15.0,,
2018,9246,2018-09-17 19:00:00,premier,Southampton,Brighton,2,2,2.19521,1.97094,16.2,16.2,,
2018,9247,2018-09-22 11:30:00,premier,Fulham,Watford,1,1,1.77245,1.76133,6.9,6.8,,
2018,9248,2018-09-22 14:00:00,premier,Manchester United,Wolverhampton Wanderers,1,1,0.62283,1.1185,6.9,6.1,,
2018,9249,2018-09-22 14:00:00,premier,Liverpool,Southampton,3,0,1.77893,0.310467,7.1,4.8,,
2018,9250,2018-09-22 14:00:00,premier,Leicester,Huddersfield,3,1,1.80404,0.688176,7.0,7.0,,
2018,9251,2018-09-22 14:00:00,premier,Crystal Palace,Newcastle United,0,0,0.930793,0.229309,7.0,7.0,,
2018,9252,2018-09-22 14:00:00,premier,Cardiff,Manchester City,0,5,0.0980726,3.08415,7.0,7.0,,
2018,9253,2018-09-22 14:00:00,premier,Burnley,Bournemouth,4,0,2.29417,0.976413,6.1,7.0,,
2018,9254,2018-09-22 16:30:00,premier,Brighton,Tottenham,1,2,0.817174,2.11655,4.9,7.2,,
2018,9255,2018-09-23 12:30:00,premier,West Ham,Chelsea,0,0,1.0177,1.88344,6.9,7.9,,
2018,9256,2018-09-23 15:00:00,premier,Arsenal,Everton,2,0,0.930544,1.06523,8.0,7.0,,
2018,9257,2018-09-29 11:30:00,premier,West Ham,Manchester United,3,1,1.3029,0.865739,6.0,6.9,,
2018,9258,2018-09-29 14:00:00,premier,Wolverhampton Wanderers,Southampton,2,0,1.42507,0.679627,7.0,7.0,,
2018,9259,2018-09-29 14:00:00,premier,Newcastle United,Leicester,0,2,0.397301,1.34341,7.0,7.0,,
2018,9260,2018-09-29 14:00:00,premier,Manchester City,Brighton,2,0,2.90697,0.23023,7.0,6.9,,
2018,9261,2018-09-29 14:00:00,premier,Huddersfield,Tottenham,0,2,0.339245,2.33733,7.0,6.9,,
2018,9262,2018-09-29 14:00:00,premier,Everton,Fulham,3,0,2.31538,0.536317,6.0,7.1,,
2018,9263,2018-09-29 14:00:00,premier,Arsenal,Watford,2,0,1.57061,2.62141,6.0,7.1,,
2018,9264,2018-09-29 16:30:00,premier,Chelsea,Liverpool,1,1,1.77638,1.74071,6.2,7.1,,
2018,9265,2018-09-30 15:00:00,premier,Cardiff,Burnley,1,2,1.56707,0.111527,8.0,8.0,,
2018,9266,2018-10-01 19:00:00,premier,Bournemouth,Crystal Palace,2,1,1.97143,0.385841,9.2,9.2,,
2018,9267,2018-10-05 19:00:00,premier,Brighton,West Ham,1,0,1.02566,1.43652,6.2,6.3,,
2018,9268,2018-10-06 14:00:00,premier,Watford,Bournemouth,0,4,1.06613,3.28471,7.0,4.8,,
2018,9269,2018-10-06 14:00:00,premier,Tottenham,Cardiff,1,0,2.6517,1.13843,7.0,6.0,,
2018,9270,2018-10-06 14:00:00,premier,Leicester,Everton,1,2,1.10472,1.14952,7.0,7.0,,
2018,9271,2018-10-06 14:00:00,premier,Crystal Palace,Wolverhampton Wanderers,0,1,1.03714,0.755654,4.8,7.0,,
2018,9272,2018-10-06 14:00:00,premier,Burnley,Huddersfield,1,1,0.353128,1.02549,6.0,7.0,,
2018,9273,2018-10-06 16:30:00,premier,Manchester United,Newcastle United,3,2,2.40631,1.55962,7.2,7.1,,
2018,9274,2018-10-07 11:00:00,premier,Fulham,Arsenal,1,5,1.31588,1.13706,7.9,7.9,,
2018,9275,2018-10-07 13:15:00,premier,Southampton,Chelsea,0,3,1.487,3.54699,8.0,7.9,,
2018,9276,2018-10-07 15:30:00,premier,Liverpool,Manchester City,0,0,0.433994,1.07481,8.0,8.1,,
2018,9277,2018-10-20 11:30:00,premier,Chelsea,Manchester United,2,2,2.21163,1.11454,12.9,13.8,,
2018,9278,2018-10-20 14:00:00,premier,Wolverhampton Wanderers,Watford,0,2,0.47391,1.0684,14.0,14.0,,
2018,9279,2018-10-20 14:00:00,premier,West Ham,Tottenham,0,1,0.544268,1.11777,14.8,14.0,,
2018,9280,2018-10-20 14:00:00,premier,Newcastle United,Brighton,0,1,1.71169,0.675798,13.9,14.8,,
2018,9281,2018-10-20 14:00:00,premier,Manchester City,Burnley,5,0,4.48577,0.370236,12.9,14.0,,
2018,9282,2018-10-20 14:00:00,premier,Cardiff,Fulham,4,2,1.7562,0.947712,14.0,13.1,,
2018,9283,2018-10-20 14:00:00,premier,Bournemouth,Southampton,0,0,0.840403,0.589633,14.0,13.0,,
2018,9284,2018-10-20 16:30:00,premier,Huddersfield,Liverpool,0,1,0.638341,0.663819,14.1,13.0,,
2018,9285,2018-10-21 15:00:00,premier,Everton,Crystal Palace,2,0,1.92794,1.50174,15.0,15.0,,
2018,9286,2018-10-22 19:00:00,premier,Arsenal,Leicester,3,1,2.91637,0.932491,15.3,16.2,,
2018,9288,2018-10-27 14:00:00,premier,Liverpool,Cardiff,4,1,2.30176,0.643117,6.9,7.0,,
2018,9289,2018-10-27 14:00:00,premier,Fulham,Bournemouth,0,3,0.383833,2.10555,7.0,7.0,,
2018,9290,2018-10-27 14:00:00,premier,Brighton,Wolverhampton Wanderers,1,0,1.01337,1.38027,7.0,7.0,,
2018,9291,2018-10-27 14:00:00,premier,Watford,Huddersfield,3,0,2.29622,0.479655,7.0,6.9,,
2018,9292,2018-10-27 14:00:00,premier,Southampton,Newcastle United,0,0,1.19216,0.297646,7.0,7.0,,
2018,9293,2018-10-27 16:30:00,premier,Leicester,West Ham,1,1,1.95344,1.56009,4.9,7.1,,
2018,9294,2018-10-28 12:30:00,premier,Crystal Palace,Arsenal,2,2,2.38115,0.845197,6.9,5.7,,
2018,9295,2018-10-28 12:30:00,premier,Burnley,Chelsea,0,4,0.269828,3.01621,7.9,8.0,,
2018,9287,2018-10-28 15:00:00,premier,Manchester United,Everton,2,1,2.51393,1.67348,8.1,7.0,,
2018,9296,2018-10-29 19:00:00,premier,Tottenham,Manchester City,0,1,0.442436,1.93588,9.2,9.2,,
2018,9297,2018-11-03 12:30:00,premier,Bournemouth,Manchester United,1,2,1.928,3.29249,6.9,5.9,,
2018,9298,2018-11-03 15:00:00,premier,West Ham,Burnley,4,2,2.55739,0.882514,6.9,6.1,,
2018,9299,2018-11-03 15:00:00,premier,Newcastle United,Watford,1,0,0.691575,2.5452,7.0,7.0,,
2018,9301,2018-11-03 15:00:00,premier,Everton,Brighton,3,1,2.59305,0.676348,6.0,7.0,,
2018,9302,2018-11-03 15:00:00,premier,Cardiff,Leicester,0,1,0.922262,2.18288,7.0,6.9,,
2018,9303,2018-11-03 17:30:00,premier,Arsenal,Liverpool,1,1,1.62321,1.19558,6.2,7.1,,
2018,9304,2018-11-03 19:45:00,premier,Wolverhampton Wanderers,Tottenham,2,3,2.40643,1.63123,7.2,5.0,,
2018,9300,2018-11-04 15:00:00,premier,Manchester City,Southampton,6,1,2.76272,1.81466,5.8,8.0,,
2018,9305,2018-11-04 16:00:00,premier,Chelsea,Crystal Palace,3,1,1.88741,0.454547,7.1,7.1,,
2018,9306,2018-11-05 20:00:00,premier,Huddersfield,Fulham,1,0,0.51433,0.354166,9.2,9.2,,
2018,9307,2018-11-10 12:30:00,premier,Cardiff,Brighton,2,1,1.94297,0.767044,6.9,6.9,,
2018,9308,2018-11-10 15:00:00,premier,Southampton,Watford,1,1,1.20211,1.07573,6.0,7.0,,
2018,9309,2018-11-10 15:00:00,premier,Newcastle United,Bournemouth,2,1,2.57545,1.91687,7.0,7.1,,
2018,9310,2018-11-10 15:00:00,premier,Leicester,Burnley,0,0,1.5091,0.368393,7.0,7.0,,
2018,9311,2018-11-10 15:00:00,premier,Huddersfield,West Ham,1,1,1.17524,1.44113,4.8,7.0,,
2018,9312,2018-11-10 17:30:00,premier,Crystal Palace,Tottenham,0,1,0.688016,1.55381,6.1,6.9,,
2018,9313,2018-11-11 12:00:00,premier,Liverpool,Fulham,2,0,2.22417,0.571301,7.8,5.7,,
2018,9314,2018-11-11 14:15:00,premier,Chelsea,Everton,0,0,1.16298,0.198027,6.9,8.0,,
2018,9315,2018-11-11 16:30:00,premier,Manchester City,Manchester United,3,1,2.02764,0.97089,7.1,8.2,,
2018,9316,2018-11-11 16:30:00,premier,Arsenal,Wolverhampton Wanderers,1,1,0.965843,1.86549,8.0,7.9,,
2018,9317,2018-11-24 15:00:00,premier,West Ham,Manchester City,0,4,0.829504,2.95852,14.0,12.9,,
2018,9318,2018-11-24 15:00:00,premier,Watford,Liverpool,0,3,0.673382,1.45314,14.0,13.1,,
2018,9319,2018-11-24 15:00:00,premier,Manchester United,Crystal Palace,0,0,1.34245,1.05292,12.9,13.9,,
2018,9320,2018-11-24 15:00:00,premier,Fulham,Southampton,3,2,1.3875,1.67163,13.1,14.0,,
2018,9321,2018-11-24 15:00:00,premier,Everton,Cardiff,1,0,2.48066,0.879108,13.0,14.1,,
2018,9322,2018-11-24 15:00:00,premier,Brighton,Leicester,1,1,0.862315,1.12521,14.1,14.0,,
2018,9323,2018-11-24 17:30:00,premier,Tottenham,Chelsea,3,1,3.34649,0.962804,14.0,13.1,,
2018,9324,2018-11-25 13:30:00,premier,Bournemouth,Arsenal,1,2,0.650884,1.71044,14.9,13.9,,
2018,9325,2018-11-25 16:00:00,premier,Wolverhampton Wanderers,Huddersfield,0,2,0.701036,0.627281,14.0,15.0,,
2018,9326,2018-11-26 20:00:00,premier,Burnley,Newcastle United,1,2,1.49487,1.67701,16.2,16.2,,
2018,9335,2018-11-30 20:00:00,premier,Cardiff,Wolverhampton Wanderers,2,1,1.09264,0.987623,6.2,5.2,,
2018,9328,2018-12-01 15:00:00,premier,Newcastle United,West Ham,0,3,1.12583,2.62697,4.8,7.0,,
2018,9329,2018-12-01 15:00:00,premier,Manchester City,Bournemouth,3,1,2.83557,0.715009,7.0,6.1,,
2018,9331,2018-12-01 15:00:00,premier,Leicester,Watford,2,0,1.41758,1.19923,7.0,7.0,,
2018,9332,2018-12-01 15:00:00,premier,Huddersfield,Brighton,1,2,0.558083,1.67998,6.0,7.0,,
2018,9333,2018-12-01 15:00:00,premier,Crystal Palace,Burnley,2,0,2.03785,0.302477,7.0,4.8,,
2018,9327,2018-12-01 17:30:00,premier,Southampton,Manchester United,2,2,0.623954,0.904803,7.1,7.1,,
2018,9334,2018-12-02 12:00:00,premier,Chelsea,Fulham,2,0,2.17105,0.285256,7.8,7.9,,
2018,9336,2018-12-02 14:05:00,premier,Arsenal,Tottenham,4,2,2.71421,1.0926,7.0,7.9,,
2018,9330,2018-12-02 16:15:00,premier,Liverpool,Everton,1,0,3.07574,1.23014,8.1,8.1,,
2018,9337,2018-12-04 19:45:00,premier,Brighton,Crystal Palace,3,1,1.2521,1.5329,3.2,3.2,,
2018,9338,2018-12-04 19:45:00,premier,Bournemouth,Huddersfield,2,1,1.07393,1.5631,3.2,3.2,,
2018,9340,2018-12-04 19:45:00,premier,West Ham,Cardiff,3,1,1.57488,1.93448,3.2,4.0,,
2018,9341,2018-12-04 20:00:00,premier,Watford,Manchester City,1,2,1.672,2.51933,3.2,3.2,,
2018,9339,2018-12-05 19:45:00,premier,Wolverhampton Wanderers,Chelsea,2,1,0.682893,1.10702,5.0,3.3,,
2018,9342,2018-12-05 19:45:00,premier,Fulham,Leicester,1,1,1.47593,1.21575,3.3,4.2,,
2018,9343,2018-12-05 19:45:00,premier,Burnley,Liverpool,1,3,1.05809,2.73897,4.2,3.1,,
2018,9345,2018-12-05 19:45:00,premier,Everton,Newcastle United,1,1,2.10943,1.52214,3.1,4.2,,
2018,9344,2018-12-05 20:00:00,premier,Manchester United,Arsenal,2,2,1.33679,1.73226,4.1,3.2,,
2018,9346,2018-12-05 20:00:00,premier,Tottenham,Southampton,3,1,1.73642,1.82434,3.2,4.1,,
2018,9355,2018-12-08 12:30:00,premier,Bournemouth,Liverpool,0,4,0.279142,1.80619,3.7,2.7,,
2018,9347,2018-12-08 15:00:00,premier,West Ham,Crystal Palace,3,2,1.53635,0.934613,3.8,3.8,,
2018,9349,2018-12-08 15:00:00,premier,Manchester United,Fulham,4,1,3.15444,1.23251,2.8,2.8,,
2018,9353,2018-12-08 15:00:00,premier,Cardiff,Southampton,1,0,1.55832,0.501128,3.8,2.8,,
2018,9354,2018-12-08 15:00:00,premier,Burnley,Brighton,1,0,1.81251,0.951507,2.8,3.8,,
2018,9356,2018-12-08 15:00:00,premier,Arsenal,Huddersfield,1,0,2.02156,0.308361,2.8,3.8,,
2018,9352,2018-12-08 17:30:00,premier,Chelsea,Manchester City,2,0,0.526329,0.740048,2.9,3.9,,
2018,9350,2018-12-08 19:45:00,premier,Leicester,Tottenham,0,2,0.357742,0.917968,3.0,3.0,,
2018,9348,2018-12-09 16:00:00,premier,Newcastle United,Wolverhampton Wanderers,1,2,0.4601,1.57799,3.8,3.8,,
2018,9351,2018-12-10 20:00:00,premier,Everton,Watford,2,2,1.72686,1.63043,5.0,6.0,,
2018,9361,2018-12-15 12:30:00,premier,Manchester City,Everton,3,1,1.79848,1.6235,6.8,4.7,,
2018,9357,2018-12-15 15:00:00,premier,Wolverhampton Wanderers,Bournemouth,2,0,2.02223,0.52685,6.0,7.1,,
2018,9358,2018-12-15 15:00:00,premier,Watford,Cardiff,3,2,1.64998,0.485768,4.8,7.0,,
2018,9359,2018-12-15 15:00:00,premier,Tottenham,Burnley,1,0,1.74625,0.451196,6.8,7.0,,
2018,9363,2018-12-15 15:00:00,premier,Huddersfield,Newcastle United,0,1,0.671382,0.931041,7.0,6.0,,
2018,9365,2018-12-15 15:00:00,premier,Crystal Palace,Leicester,1,0,0.39698,0.895305,7.0,6.8,,
2018,9364,2018-12-15 17:30:00,premier,Fulham,West Ham,0,2,1.03424,0.75325,7.1,7.1,,
2018,9360,2018-12-16 13:30:00,premier,Southampton,Arsenal,3,2,1.21163,1.85763,7.9,7.9,,
2018,9366,2018-12-16 13:30:00,premier,Brighton,Chelsea,1,2,0.26126,1.6111,7.9,7.8,,
2018,9362,2018-12-16 16:00:00,premier,Liverpool,Manchester United,3,1,2.60435,0.658049,8.1,8.0,,
2018,9367,2018-12-21 20:00:00,premier,Wolverhampton Wanderers,Liverpool,0,2,0.763821,2.16356,6.2,5.2,,
2018,9376,2018-12-22 12:30:00,premier,Arsenal,Burnley,3,1,1.4656,1.03237,6.0,6.9,,
2018,9368,2018-12-22 15:00:00,premier,West Ham,Watford,0,2,2.06507,2.32983,6.9,7.0,,
2018,9369,2018-12-22 15:00:00,premier,Newcastle United,Fulham,0,0,0.289508,0.245408,7.0,6.9,,
2018,9370,2018-12-22 15:00:00,premier,Manchester City,Crystal Palace,2,3,1.27118,1.14609,7.1,7.0,,
2018,9371,2018-12-22 15:00:00,premier,Huddersfield,Southampton,1,3,1.0038,2.60172,7.0,6.1,,
2018,9373,2018-12-22 15:00:00,premier,Chelsea,Leicester,0,1,2.40458,0.456492,6.1,7.0,,
2018,9375,2018-12-22 15:00:00,premier,Bournemouth,Brighton,2,0,0.892502,0.825478,7.0,6.1,,
2018,9374,2018-12-22 17:30:00,premier,Cardiff,Manchester United,1,5,1.27173,2.72523,7.1,6.1,,
2018,9372,2018-12-23 16:00:00,premier,Everton,Tottenham,2,6,1.00121,2.55514,8.1,8.0,,
2018,9383,2018-12-26 12:30:00,premier,Fulham,Wolverhampton Wanderers,1,1,1.2769,1.35896,3.9,4.7,,
2018,9378,2018-12-26 15:00:00,premier,Tottenham,Bournemouth,5,0,2.23457,1.21736,3.0,4.0,,
2018,9380,2018-12-26 15:00:00,premier,Manchester United,Huddersfield,3,1,1.79848,1.40594,3.9,4.0,,
2018,9381,2018-12-26 15:00:00,premier,Liverpool,Newcastle United,4,0,3.24988,0.456309,4.8,4.0,,
2018,9382,2018-12-26 15:00:00,premier,Leicester,Manchester City,2,1,1.55714,1.34781,4.0,4.0,,
2018,9384,2018-12-26 15:00:00,premier,Crystal Palace,Cardiff,0,0,2.43202,1.05926,4.0,3.9,,
2018,9385,2018-12-26 15:00:00,premier,Burnley,Everton,1,5,1.88646,1.8875,4.1,3.0,,
2018,9386,2018-12-26 17:15:00,premier,Brighton,Arsenal,1,1,1.38502,0.789138,4.1,4.2,,
2018,9377,2018-12-26 19:30:00,premier,Watford,Chelsea,1,2,1.24414,2.1956,4.2,4.2,,
2018,9379,2018-12-27 19:45:00,premier,Southampton,West Ham,1,2,1.28665,1.26973,5.2,5.2,,
2018,9387,2018-12-29 15:00:00,premier,Watford,Newcastle United,1,1,1.05566,0.661713,2.8,3.0,,
2018,9388,2018-12-29 15:00:00,premier,Tottenham,Wolverhampton Wanderers,1,3,0.277704,1.20867,3.0,3.1,,
2018,9392,2018-12-29 15:00:00,premier,Leicester,Cardiff,0,1,1.51648,0.493212,3.0,3.0,,
2018,9393,2018-12-29 15:00:00,premier,Fulham,Huddersfield,1,0,1.72386,0.276791,3.1,3.0,,
2018,9396,2018-12-29 15:00:00,premier,Brighton,Everton,1,0,1.60311,0.655851,2.9,3.0,,
2018,9391,2018-12-29 17:30:00,premier,Liverpool,Arsenal,5,1,3.7053,1.08186,3.1,3.0,,
2018,9394,2018-12-30 12:00:00,premier,Crystal Palace,Chelsea,0,1,0.199002,0.741471,3.9,3.7,,
2018,9389,2018-12-30 14:15:00,premier,Southampton,Manchester City,1,3,0.221381,2.96802,2.8,4.0,,
2018,9395,2018-12-30 14:15:00,premier,Burnley,West Ham,2,0,2.89884,0.656044,4.0,2.8,,
2018,9390,2018-12-30 16:30:00,premier,Manchester United,Bournemouth,4,1,3.41874,0.705549,4.1,4.1,,
2018,9402,2019-01-01 12:30:00,premier,Everton,Leicester,0,1,0.871304,0.644144,2.9,2.9,,
2018,9406,2019-01-01 15:00:00,premier,Arsenal,Fulham,4,1,4.43325,1.71312,2.9,3.0,,
2018,9404,2019-01-01 17:30:00,premier,Cardiff,Tottenham,0,3,1.0789,1.38282,3.1,3.1,,
2018,9397,2019-01-02 19:45:00,premier,Wolverhampton Wanderers,Crystal Palace,0,2,0.656255,1.94658,4.2,3.3,,
2018,9398,2019-01-02 19:45:00,premier,West Ham,Brighton,2,2,0.639356,0.686806,3.2,4.2,,
2018,9401,2019-01-02 19:45:00,premier,Huddersfield,Burnley,1,2,0.621818,2.66309,4.2,3.2,,
2018,9403,2019-01-02 19:45:00,premier,Chelsea,Southampton,0,0,0.850791,0.158168,3.3,3.2,,
2018,9405,2019-01-02 19:45:00,premier,Bournemouth,Watford,3,3,2.84828,0.977046,3.1,4.2,,
2018,9399,2019-01-02 20:00:00,premier,Newcastle United,Manchester United,0,2,0.691878,2.6754,4.2,3.1,,
2018,9400,2019-01-03 20:00:00,premier,Manchester City,Liverpool,2,1,1.00357,1.3801,4.2,5.1,,
2018,9407,2019-01-12 12:30:00,premier,West Ham,Arsenal,1,0,0.669394,0.685895,9.7,10.9,,
2018,9410,2019-01-12 15:00:00,premier,Leicester,Southampton,1,2,1.75983,1.41659,11.1,9.8,,
2018,9412,2019-01-12 15:00:00,premier,Crystal Palace,Watford,1,2,1.1617,1.56262,9.8,9.8,,
2018,9414,2019-01-12 15:00:00,premier,Cardiff,Huddersfield,0,0,0.124558,0.39468,10.9,9.8,,
2018,9415,2019-01-12 15:00:00,premier,Burnley,Fulham,2,1,0.809801,0.903255,9.8,11.0,,
2018,9416,2019-01-12 15:00:00,premier,Brighton,Liverpool,0,1,0.384198,2.2665,9.8,8.8,,
2018,9413,2019-01-12 17:30:00,premier,Chelsea,Newcastle United,2,1,1.32355,0.395148,9.9,9.9,,
2018,9411,2019-01-13 14:15:00,premier,Everton,Bournemouth,2,0,1.7814,1.52828,12.1,10.8,,
2018,9408,2019-01-13 16:30:00,premier,Tottenham,Manchester United,0,1,1.80359,0.957777,12.0,10.9,,
2018,9409,2019-01-14 20:00:00,premier,Manchester City,Wolverhampton Wanderers,3,0,3.11947,0.0985446,11.0,12.0,,
2018,9417,2019-01-19 12:30:00,premier,Wolverhampton Wanderers,Leicester,4,3,2.21719,1.33831,4.7,6.9,,
2018,9418,2019-01-19 15:00:00,premier,Watford,Burnley,0,0,1.06981,1.97256,7.0,7.0,,
2018,9419,2019-01-19 15:00:00,premier,Southampton,Everton,2,1,1.06009,1.31169,7.0,6.0,,
2018,9420,2019-01-19 15:00:00,premier,Newcastle United,Cardiff,3,0,2.518,0.255727,6.9,7.0,,
2018,9421,2019-01-19 15:00:00,premier,Manchester United,Brighton,2,1,2.64005,0.635111,5.9,7.0,,
2018,9422,2019-01-19 15:00:00,premier,Liverpool,Crystal Palace,4,3,2.8299,0.695213,7.0,7.0,,
2018,9425,2019-01-19 15:00:00,premier,Bournemouth,West Ham,2,0,1.24835,0.971813,6.0,7.1,,
2018,9426,2019-01-19 17:30:00,premier,Arsenal,Chelsea,2,0,2.09412,0.755304,7.2,7.0,,
2018,9423,2019-01-20 13:30:00,premier,Huddersfield,Manchester City,0,3,0.764264,2.01376,7.9,5.7,,
2018,9424,2019-01-20 16:00:00,premier,Fulham,Tottenham,1,2,0.937902,1.93316,8.0,7.0,,
2018,9427,2019-01-29 19:45:00,premier,Wolverhampton Wanderers,West Ham,3,0,2.0363,0.130179,10.3,10.2,,
2018,9428,2019-01-29 19:45:00,premier,Huddersfield,Everton,0,1,0.73078,1.05995,9.3,10.2,,
2018,9429,2019-01-29 19:45:00,premier,Fulham,Brighton,4,2,3.46113,2.36867,9.2,10.2,,
2018,9431,2019-01-29 19:45:00,premier,Arsenal,Cardiff,2,1,2.69339,0.597893,10.1,10.2,,
2018,9432,2019-01-29 20:00:00,premier,Manchester United,Burnley,2,2,3.23417,0.934603,10.2,10.2,,
2018,9434,2019-01-29 20:00:00,premier,Newcastle United,Manchester City,2,1,0.992326,1.33896,10.2,9.3,,
2018,9430,2019-01-30 19:45:00,premier,Bournemouth,Chelsea,4,0,2.15094,0.718873,11.2,11.1,,
2018,9433,2019-01-30 19:45:00,premier,Southampton,Crystal Palace,1,1,1.33257,1.53294,11.2,11.2,,
2018,9435,2019-01-30 20:00:00,premier,Tottenham,Watford,2,1,1.36248,0.479838,10.2,11.2,,
2018,9436,2019-01-30 20:00:00,premier,Liverpool,Leicester,1,1,0.576336,1.1272,11.2,11.3,,
2018,9438,2019-02-02 12:30:00,premier,Tottenham,Newcastle United,1,0,3.10409,0.400152,2.7,3.7,,
2018,9441,2019-02-02 15:00:00,premier,Everton,Wolverhampton Wanderers,1,3,1.36252,1.85729,3.8,3.8,,
2018,9442,2019-02-02 15:00:00,premier,Crystal Palace,Fulham,2,0,2.19582,0.560836,2.8,3.8,,
2018,9443,2019-02-02 15:00:00,premier,Chelsea,Huddersfield,5,0,2.94236,0.260391,2.8,3.8,,
2018,9445,2019-02-02 15:00:00,premier,Burnley,Southampton,1,1,2.00175,0.787747,3.8,2.8,,
2018,9446,2019-02-02 15:00:00,premier,Brighton,Watford,0,0,1.83528,0.279297,3.8,2.8,,
2018,9444,2019-02-02 17:30:00,premier,Cardiff,Bournemouth,2,0,2.53093,0.35199,3.9,2.9,,
2018,9440,2019-02-03 14:05:00,premier,Leicester,Manchester United,0,1,1.40067,1.49717,3.8,4.8,,
2018,9439,2019-02-03 16:30:00,premier,Manchester City,Arsenal,3,1,3.03102,0.703542,4.9,4.9,,
2018,9437,2019-02-04 20:00:00,premier,West Ham,Liverpool,1,1,0.791319,1.12475,6.0,5.0,,
2018,9461,2019-02-06 19:45:00,premier,Everton,Manchester City,0,2,0.111559,2.60922,4.2,3.1,,
2018,9447,2019-02-09 12:30:00,premier,Fulham,Manchester United,0,3,2.18741,2.13209,6.9,5.9,,
2018,9448,2019-02-09 15:00:00,premier,Crystal Palace,West Ham,1,1,2.68412,1.74711,7.0,4.8,,
2018,9451,2019-02-09 15:00:00,premier,Watford,Everton,1,0,1.53311,0.641094,7.0,2.8,,
2018,9453,2019-02-09 15:00:00,premier,Southampton,Cardiff,1,2,1.70666,0.980673,7.0,6.9,,
2018,9455,2019-02-09 15:00:00,premier,Liverpool,Bournemouth,3,0,2.53003,0.390995,4.8,6.9,,
2018,9456,2019-02-09 15:00:00,premier,Huddersfield,Arsenal,1,2,1.96816,1.46751,7.0,5.9,,
2018,9449,2019-02-09 17:30:00,premier,Brighton,Burnley,1,3,1.31614,1.83041,7.1,7.1,,
2018,9452,2019-02-10 13:30:00,premier,Tottenham,Leicester,3,1,1.21144,3.02164,8.0,7.0,,
2018,9454,2019-02-10 16:00:00,premier,Manchester City,Chelsea,6,0,4.04218,0.901867,3.8,8.0,,
2018,9450,2019-02-11 20:00:00,premier,Wolverhampton Wanderers,Newcastle United,1,1,2.30998,0.435263,9.2,9.3,,
2018,9457,2019-02-22 19:45:00,premier,West Ham,Fulham,3,1,2.72871,1.23555,13.2,13.3,,
2018,9463,2019-02-22 19:45:00,premier,Cardiff,Watford,1,5,1.90045,2.75798,13.2,13.2,,
2018,9464,2019-02-23 12:30:00,premier,Burnley,Tottenham,2,1,1.08514,0.845211,13.8,13.0,,
2018,9458,2019-02-23 15:00:00,premier,Newcastle United,Huddersfield,2,0,3.03313,0.133934,11.8,14.0,,
2018,9465,2019-02-23 15:00:00,premier,Bournemouth,Wolverhampton Wanderers,1,1,2.13291,1.20286,14.0,11.8,,
2018,9460,2019-02-23 17:30:00,premier,Leicester,Crystal Palace,1,4,0.946697,1.57739,13.2,14.1,,
2018,9459,2019-02-24 14:05:00,premier,Manchester United,Liverpool,0,0,0.474869,0.380519,15.1,15.0,,
2018,9466,2019-02-24 14:05:00,premier,Arsenal,Southampton,2,0,2.35088,0.613167,15.0,15.0,,
2018,9467,2019-02-26 19:45:00,premier,Leicester,Brighton,2,1,1.92171,1.20566,3.1,17.1,,
2018,9468,2019-02-26 19:45:00,premier,Huddersfield,Wolverhampton Wanderers,1,0,1.46224,0.573166,3.2,3.2,,
2018,9469,2019-02-26 19:45:00,premier,Cardiff,Everton,0,3,0.219359,1.14212,4.0,17.2,,
2018,9473,2019-02-26 20:00:00,premier,Newcastle United,Burnley,2,0,1.70312,1.74201,3.2,3.3,,
2018,9470,2019-02-27 19:45:00,premier,Arsenal,Bournemouth,5,1,3.18716,0.88618,3.2,4.2,,
2018,9472,2019-02-27 19:45:00,premier,Southampton,Fulham,2,0,1.15823,0.798715,3.2,5.0,,
2018,9471,2019-02-27 20:00:00,premier,Crystal Palace,Manchester United,1,3,1.69334,1.54089,4.1,3.2,,
2018,9474,2019-02-27 20:00:00,premier,Chelsea,Tottenham,2,0,0.625978,0.722229,17.2,4.3,,
2018,9475,2019-02-27 20:00:00,premier,Manchester City,West Ham,1,0,3.67741,0.400125,17.2,5.0,,
2018,9476,2019-02-27 20:00:00,premier,Liverpool,Watford,5,0,2.74266,0.630423,3.2,5.0,,
2018,9480,2019-03-02 12:30:00,premier,Tottenham,Arsenal,1,1,1.76818,3.45713,2.7,2.7,,
2018,9477,2019-03-02 15:00:00,premier,Wolverhampton Wanderers,Cardiff,2,0,3.2075,0.702261,3.8,3.8,,
2018,9481,2019-03-02 15:00:00,premier,Manchester United,Southampton,3,2,2.54216,0.578485,2.8,2.8,,
2018,9484,2019-03-02 15:00:00,premier,Burnley,Crystal Palace,1,3,1.90872,0.706284,3.8,2.8,,
2018,9485,2019-03-02 15:00:00,premier,Brighton,Huddersfield,1,0,1.39896,0.2014,3.8,3.8,,
2018,9486,2019-03-02 15:00:00,premier,Bournemouth,Manchester City,0,1,0.0,1.59515,2.8,2.8,,
2018,9478,2019-03-02 17:30:00,premier,West Ham,Newcastle United,2,0,1.88895,1.18549,2.9,3.9,,
2018,9479,2019-03-03 12:00:00,premier,Watford,Leicester,2,1,1.36515,0.794683,3.7,4.7,,
2018,9482,2019-03-03 14:05:00,premier,Fulham,Chelsea,1,2,0.898469,1.53632,3.8,3.8,,
2018,9483,2019-03-03 16:15:00,premier,Everton,Liverpool,0,0,0.241879,0.811272,4.9,3.8,,
2018,9493,2019-03-09 12:30:00,premier,Crystal Palace,Brighton,1,2,1.44291,0.129312,6.9,6.9,,
2018,9487,2019-03-09 15:00:00,premier,Southampton,Tottenham,2,1,2.07772,1.26876,7.0,7.1,,
2018,9488,2019-03-09 15:00:00,premier,Newcastle United,Everton,3,2,2.37896,1.15114,6.9,5.9,,
2018,9491,2019-03-09 15:00:00,premier,Leicester,Fulham,3,1,2.13494,0.15103,6.1,6.0,,
2018,9492,2019-03-09 15:00:00,premier,Huddersfield,Bournemouth,0,2,0.339087,2.16389,7.0,7.0,,
2018,9495,2019-03-09 15:00:00,premier,Cardiff,West Ham,2,0,3.49275,0.295869,7.0,6.9,,
2018,9489,2019-03-09 17:30:00,premier,Manchester City,Watford,3,1,3.75714,0.407168,7.1,6.2,,
2018,9490,2019-03-10 12:00:00,premier,Liverpool,Burnley,4,2,4.12341,0.471571,6.8,7.9,,
2018,9494,2019-03-10 14:05:00,premier,Chelsea,Wolverhampton Wanderers,1,1,1.0471,0.609079,7.0,8.0,,
2018,9496,2019-03-10 16:30:00,premier,Arsenal,Manchester United,2,0,1.52723,2.3703,8.2,8.1,,
2018,9498,2019-03-16 15:00:00,premier,West Ham,Huddersfield,4,3,1.88114,1.66909,7.0,7.0,,
2018,9504,2019-03-16 15:00:00,premier,Burnley,Leicester,1,2,1.17008,0.608954,6.1,7.0,,
2018,9506,2019-03-16 15:00:00,premier,Bournemouth,Newcastle United,2,2,1.61666,1.02847,7.0,7.0,,
2018,9502,2019-03-17 14:15:00,premier,Fulham,Liverpool,1,2,0.915765,2.73437,8.0,7.1,,
2018,9503,2019-03-17 16:30:00,premier,Everton,Chelsea,2,0,2.24031,1.24394,8.1,7.1,,
2018,9512,2019-03-30 12:30:00,premier,Fulham,Manchester City,0,2,0.661491,2.31513,12.9,20.8,,
2018,9509,2019-03-30 15:00:00,premier,Manchester United,Watford,2,1,1.98052,1.35208,19.9,20.9,,
2018,9511,2019-03-30 15:00:00,premier,Leicester,Bournemouth,2,0,1.8935,0.790333,14.0,14.0,,
2018,9513,2019-03-30 15:00:00,premier,Crystal Palace,Huddersfield,2,0,2.84701,0.926991,21.1,14.0,,
2018,9515,2019-03-30 15:00:00,premier,Burnley,Wolverhampton Wanderers,2,0,0.572695,0.397928,14.0,20.0,,
2018,9516,2019-03-30 15:00:00,premier,Brighton,Southampton,0,1,0.560521,0.857436,21.1,21.0,,
2018,9508,2019-03-30 17:30:00,premier,West Ham,Everton,0,2,0.0891639,2.65983,14.1,13.0,,
2018,9514,2019-03-31 13:05:00,premier,Cardiff,Chelsea,1,2,0.446122,2.07834,21.9,13.9,,
2018,9510,2019-03-31 15:30:00,premier,Liverpool,Tottenham,2,1,1.0931,1.04822,14.1,22.0,,
2018,9507,2019-04-01 20:00:00,premier,Arsenal,Newcastle United,2,0,1.04458,0.0441445,22.1,16.2,,
2018,9517,2019-04-02 19:45:00,premier,Wolverhampton Wanderers,Manchester United,2,1,1.65044,2.03847,3.2,3.2,,
2018,9518,2019-04-02 19:45:00,premier,Watford,Fulham,4,1,1.59338,1.90917,3.2,3.3,,
2018,9462,2019-04-03 19:45:00,premier,Chelsea,Brighton,3,0,3.12416,0.440898,3.3,4.2,,
2018,9500,2019-04-03 19:45:00,premier,Tottenham,Crystal Palace,2,0,2.57376,0.564317,3.2,4.2,,
2018,9522,2019-04-03 19:45:00,premier,Manchester City,Cardiff,2,0,3.53913,0.135788,4.3,3.3,,
2018,9520,2019-04-05 20:00:00,premier,Southampton,Liverpool,1,3,0.718394,2.00654,6.2,5.2,,
2018,9521,2019-04-06 15:00:00,premier,Newcastle United,Crystal Palace,0,1,0.943175,0.907988,4.8,2.8,,
2018,9523,2019-04-06 15:00:00,premier,Huddersfield,Leicester,1,4,1.62301,3.61876,7.0,7.0,,
2018,9526,2019-04-06 15:00:00,premier,Bournemouth,Burnley,1,3,1.20888,1.38919,7.0,7.0,,
2018,9524,2019-04-07 14:05:00,premier,Everton,Arsenal,1,0,2.69396,0.201885,7.9,5.8,,
2018,9525,2019-04-08 20:00:00,premier,Chelsea,West Ham,2,0,2.23287,0.471195,5.0,9.1,,
2018,9532,2019-04-12 20:00:00,premier,Leicester,Newcastle United,0,1,0.877377,0.945804,6.2,6.2,,
2018,9528,2019-04-13 12:30:00,premier,Tottenham,Huddersfield,4,0,2.78596,0.983527,9.7,6.9,,
2018,9529,2019-04-13 15:00:00,premier,Southampton,Wolverhampton Wanderers,3,1,3.80842,0.642825,7.8,10.8,,
2018,9533,2019-04-13 15:00:00,premier,Fulham,Everton,2,0,1.66303,1.29107,10.8,6.0,,
2018,9535,2019-04-13 15:00:00,premier,Burnley,Cardiff,2,0,2.84358,0.872224,7.0,9.8,,
2018,9536,2019-04-13 15:00:00,premier,Brighton,Bournemouth,0,5,0.206731,2.76885,9.8,7.0,,
2018,9530,2019-04-13 17:30:00,premier,Manchester United,West Ham,2,1,2.65125,1.42817,10.9,4.9,,
2018,9534,2019-04-14 14:05:00,premier,Crystal Palace,Manchester City,1,3,0.318169,2.86236,8.0,10.8,,
2018,9531,2019-04-14 16:30:00,premier,Liverpool,Chelsea,2,0,1.30839,0.873177,8.9,5.9,,
2018,9527,2019-04-15 20:00:00,premier,Watford,Arsenal,0,1,1.12595,2.2668,13.0,8.2,,
2018,9505,2019-04-16 19:45:00,premier,Brighton,Cardiff,0,2,0.588539,0.819472,3.2,3.2,,
2018,9540,2019-04-20 12:30:00,premier,Manchester City,Tottenham,1,0,2.06185,1.19894,5.9,7.0,,
2018,9537,2019-04-20 15:00:00,premier,Wolverhampton Wanderers,Brighton,0,0,2.60447,0.115051,7.0,3.8,,
2018,9538,2019-04-20 15:00:00,premier,West Ham,Leicester,2,2,1.36558,0.8065,6.9,7.8,,
2018,9541,2019-04-20 15:00:00,premier,Huddersfield,Watford,1,2,1.09072,1.08462,7.1,4.8,,
2018,9545,2019-04-20 15:00:00,premier,Bournemouth,Fulham,0,1,2.83739,2.61689,7.0,7.0,,
2018,9539,2019-04-20 17:30:00,premier,Newcastle United,Southampton,3,1,1.23033,1.27102,7.9,7.1,,
2018,9542,2019-04-21 13:30:00,premier,Everton,Manchester United,4,0,1.5204,0.305982,7.9,7.8,,
2018,9544,2019-04-21 16:00:00,premier,Cardiff,Liverpool,0,2,1.1187,2.42404,4.8,7.0,,
2018,9546,2019-04-21 16:00:00,premier,Arsenal,Crystal Palace,2,3,1.54245,2.56216,5.8,7.1,,
2018,9543,2019-04-22 20:00:00,premier,Chelsea,Burnley,2,2,1.28197,0.788788,8.1,9.2,,
2018,9499,2019-04-23 19:45:00,premier,Watford,Southampton,1,1,1.27253,2.11999,3.2,3.1,,
2018,9519,2019-04-23 19:45:00,premier,Tottenham,Brighton,1,0,1.0032,0.143138,3.3,3.2,,
2018,9497,2019-04-24 19:45:00,premier,Wolverhampton Wanderers,Arsenal,3,1,0.982018,0.939754,4.2,3.2,,
2018,9501,2019-04-24 20:00:00,premier,Manchester United,Manchester City,0,2,0.514509,0.530481,3.3,4.3,,
2018,9551,2019-04-26 20:00:00,premier,Liverpool,Huddersfield,5,0,3.58922,0.1624,5.2,6.2,,
2018,9548,2019-04-27 12:30:00,premier,Tottenham,West Ham,0,1,1.35378,0.991558,3.7,6.9,,
2018,9547,2019-04-27 15:00:00,premier,Watford,Wolverhampton Wanderers,1,2,0.896093,2.44357,3.8,2.8,,
2018,9549,2019-04-27 15:00:00,premier,Southampton,Bournemouth,3,3,2.73537,2.62214,3.8,7.0,,
2018,9553,2019-04-27 15:00:00,premier,Fulham,Cardiff,1,0,0.519072,1.11322,7.0,6.0,,
2018,9554,2019-04-27 15:00:00,premier,Crystal Palace,Everton,0,0,0.261344,1.15217,6.0,6.1,,
2018,9556,2019-04-27 17:30:00,premier,Brighton,Newcastle United,1,1,1.20482,0.43797,3.9,7.0,,
2018,9552,2019-04-28 12:00:00,premier,Leicester,Arsenal,3,0,3.6797,0.600697,7.9,3.7,,
2018,9555,2019-04-28 14:05:00,premier,Burnley,Manchester City,0,1,0.0899809,2.34878,5.8,3.8,,
2018,9550,2019-04-28 16:30:00,premier,Manchester United,Chelsea,1,1,1.12483,1.6298,3.9,5.9,,
2018,9562,2019-05-03 19:00:00,premier,Everton,Burnley,2,0,1.76461,0.473292,6.2,5.2,,
2018,9565,2019-05-04 11:30:00,premier,Bournemouth,Tottenham,1,0,2.22622,0.713362,6.9,7.0,,
2018,9557,2019-05-04 14:00:00,premier,Wolverhampton Wanderers,Fulham,1,0,2.09397,0.512477,7.0,7.0,,
2018,9558,2019-05-04 14:00:00,premier,West Ham,Southampton,3,0,1.99866,0.443686,7.1,7.0,,
2018,9564,2019-05-04 16:30:00,premier,Cardiff,Crystal Palace,2,3,1.4996,1.80991,7.1,7.1,,
2018,9559,2019-05-04 18:45:00,premier,Newcastle United,Liverpool,2,3,1.29707,1.48081,7.1,7.9,,
2018,9561,2019-05-05 13:00:00,premier,Huddersfield,Manchester United,1,1,0.73663,1.88049,8.7,6.9,,
2018,9563,2019-05-05 13:00:00,premier,Chelsea,Watford,3,0,2.96478,1.2712,6.9,7.9,,
2018,9566,2019-05-05 15:30:00,premier,Arsenal,Brighton,1,1,2.36178,1.90585,7.1,7.9,,
2018,9560,2019-05-06 19:00:00,premier,Manchester City,Leicester,1,0,1.08617,0.537307,8.2,8.3,,
2018,9567,2019-05-12 14:00:00,premier,Watford,West Ham,1,4,2.06986,3.20094,7.0,8.0,,
2018,9568,2019-05-12 14:00:00,premier,Tottenham,Everton,2,2,0.882608,2.06851,8.1,8.8,,
2018,9569,2019-05-12 14:00:00,premier,Southampton,Huddersfield,1,1,0.941018,0.857152,8.0,7.0,,
2018,9570,2019-05-12 14:00:00,premier,Manchester United,Cardiff,0,2,1.89555,1.71095,7.0,7.9,,
2018,9571,2019-05-12 14:00:00,premier,Liverpool,Wolverhampton Wanderers,2,0,1.70197,0.883861,7.8,8.0,,
2018,9572,2019-05-12 14:00:00,premier,Leicester,Chelsea,0,0,0.345306,1.26735,5.8,7.0,,
2018,9573,2019-05-12 14:00:00,premier,Fulham,Newcastle United,0,4,0.569845,1.95921,8.0,7.8,,
2018,9574,2019-05-12 14:00:00,premier,Crystal Palace,Bournemouth,5,3,2.85899,1.8981,7.9,8.1,,
2018,9575,2019-05-12 14:00:00,premier,Burnley,Arsenal,1,3,1.72939,2.87276,8.8,6.9,,
2018,9576,2019-05-12 14:00:00,premier,Brighton,Manchester City,1,4,0.595313,2.22234,6.9,5.8,,
2019,11643,2019-08-09 20:00:00,premier,Liverpool,Norwich,4,1,2.23456,0.842407,60.0,60.0,,
2019,11644,2019-08-10 12:30:00,premier,West Ham,Manchester City,0,5,1.2003,3.18377,60.0,60.0,,
2019,11645,2019-08-10 15:00:00,premier,Bournemouth,Sheffield United,1,1,1.34099,1.59864,60.0,14.0,,
2019,11646,2019-08-10 15:00:00,premier,Burnley,Southampton,3,0,0.909241,1.08752,60.0,60.0,,
2019,11647,2019-08-10 15:00:00,premier,Crystal Palace,Everton,0,0,0.87159,1.2246,60.0,60.0,,
2019,11648,2019-08-10 15:00:00,premier,Watford,Brighton,0,3,0.670022,0.855516,60.0,60.0,,
2019,11649,2019-08-10 17:30:00,premier,Tottenham,Aston Villa,3,1,2.57262,0.639599,60.0,60.0,,
2019,11650,2019-08-11 14:00:00,premier,Newcastle United,Arsenal,0,1,0.380551,1.13309,60.0,60.0,,
2019,11651,2019-08-11 14:00:00,premier,Leicester,Wolverhampton Wanderers,0,0,0.543759,0.812949,60.0,60.0,,
2019,11652,2019-08-11 16:30:00,premier,Manchester United,Chelsea,4,0,2.37442,1.09534,60.0,60.0,,
2019,11653,2019-08-17 12:30:00,premier,Arsenal,Burnley,2,1,1.1644,1.39172,5.9,6.9,,
2019,11654,2019-08-17 15:00:00,premier,Aston Villa,Bournemouth,1,2,1.65069,1.62777,6.9,7.0,,
2019,11655,2019-08-17 15:00:00,premier,Brighton,West Ham,1,1,2.40461,1.00856,7.0,7.1,,
2019,11656,2019-08-17 15:00:00,premier,Everton,Watford,1,0,0.832913,1.17279,7.0,7.0,,
2019,11657,2019-08-17 15:00:00,premier,Norwich,Newcastle United,3,1,2.09572,0.920429,7.8,6.0,,
2019,11658,2019-08-17 15:00:00,premier,Southampton,Liverpool,1,2,2.14047,1.52022,7.0,7.8,,
2019,11659,2019-08-17 17:30:00,premier,Manchester City,Tottenham,2,2,3.20076,0.074542,7.2,7.0,,
2019,11660,2019-08-18 14:00:00,premier,Sheffield United,Crystal Palace,1,0,1.84778,0.241912,8.0,8.0,,
2019,11661,2019-08-18 16:30:00,premier,Chelsea,Leicester,1,1,1.22629,0.947941,7.0,7.1,,
2019,11662,2019-08-19 20:00:00,premier,Wolverhampton Wanderers,Manchester United,1,1,0.307356,1.14332,8.2,8.1,,
2019,11663,2019-08-23 20:00:00,premier,Aston Villa,Everton,2,0,0.855926,1.25668,6.2,6.2,,
2019,11664,2019-08-24 12:30:00,premier,Norwich,Chelsea,2,3,1.07904,1.89428,6.9,5.8,,
2019,11665,2019-08-24 15:00:00,premier,Sheffield United,Leicester,1,2,0.654318,0.704879,6.0,5.9,,
2019,11666,2019-08-24 15:00:00,premier,Brighton,Southampton,0,2,0.997711,2.07795,7.0,7.0,,
2019,11667,2019-08-24 15:00:00,premier,Watford,West Ham,1,3,2.29348,3.45768,7.0,7.0,,
2019,11669,2019-08-24 15:00:00,premier,Manchester United,Crystal Palace,1,2,2.23561,0.676993,4.8,6.0,,
2019,11670,2019-08-24 17:30:00,premier,Liverpool,Arsenal,3,1,2.78821,0.985542,7.1,7.2,,
2019,11671,2019-08-25 14:00:00,premier,Bournemouth,Manchester City,1,3,1.89345,3.12856,8.0,7.9,,
2019,11668,2019-08-25 16:30:00,premier,Wolverhampton Wanderers,Burnley,1,1,1.32793,1.22762,5.9,8.2,,
2019,11672,2019-08-25 16:30:00,premier,Tottenham,Newcastle United,0,1,1.25927,0.51428,8.0,8.1,,
2019,11673,2019-08-31 12:30:00,premier,Southampton,Manchester United,1,1,0.769616,1.90356,6.9,6.9,,
2019,11674,2019-08-31 15:00:00,premier,West Ham,Norwich,2,0,2.20657,1.1674,7.0,7.1,,
2019,11675,2019-08-31 15:00:00,premier,Chelsea,Sheffield United,2,2,2.30579,1.04649,7.1,7.0,,
2019,11676,2019-08-31 15:00:00,premier,Crystal Palace,Aston Villa,1,0,1.41394,0.30354,7.0,7.8,,
2019,11677,2019-08-31 15:00:00,premier,Leicester,Bournemouth,3,1,2.23766,0.554726,7.0,6.0,,
2019,11678,2019-08-31 15:00:00,premier,Manchester City,Brighton,4,0,2.30818,0.861035,6.0,7.0,,
2019,11679,2019-08-31 15:00:00,premier,Newcastle United,Watford,1,1,1.04131,1.1068,5.9,7.0,,
2019,11680,2019-08-31 17:30:00,premier,Burnley,Liverpool,0,3,0.61739,1.20057,6.0,7.0,,
2019,11681,2019-09-01 14:00:00,premier,Everton,Wolverhampton Wanderers,3,2,1.48842,2.00172,8.8,6.9,,
2019,11682,2019-09-01 16:30:00,premier,Arsenal,Tottenham,2,2,1.92509,1.95514,8.0,7.0,,
2019,11683,2019-09-14 11:30:00,premier,Liverpool,Newcastle United,3,1,2.93281,0.291073,13.8,13.9,,
2019,11684,2019-09-14 14:00:00,premier,Manchester United,Leicester,1,0,1.10019,0.459141,14.1,14.0,,
2019,11685,2019-09-14 14:00:00,premier,Brighton,Burnley,1,1,1.68545,0.341654,14.0,13.9,,
2019,11686,2019-09-14 14:00:00,premier,Sheffield United,Southampton,0,1,1.88034,1.57659,14.0,14.1,,
2019,11687,2019-09-14 14:00:00,premier,Tottenham,Crystal Palace,4,0,1.04944,0.577323,12.9,14.0,,
2019,11688,2019-09-14 14:00:00,premier,Wolverhampton Wanderers,Chelsea,2,5,1.49359,3.06799,13.0,14.0,,
2019,11689,2019-09-14 16:30:00,premier,Norwich,Manchester City,3,2,1.7413,2.34436,14.1,14.1,,
2019,11690,2019-09-15 13:00:00,premier,Bournemouth,Everton,3,1,1.41542,1.50641,14.9,14.0,,
2019,11691,2019-09-15 15:30:00,premier,Watford,Arsenal,2,2,2.83209,1.00616,15.0,14.0,,
2019,11692,2019-09-16 19:00:00,premier,Aston Villa,West Ham,0,0,1.40502,0.535279,16.2,16.2,,
2019,11693,2019-09-20 19:00:00,premier,Southampton,Bournemouth,1,3,2.18021,1.29773,6.2,5.2,,
2019,11694,2019-09-21 11:30:00,premier,Leicester,Tottenham,2,1,1.28752,1.33735,6.9,6.9,,
2019,11695,2019-09-21 14:00:00,premier,Manchester City,Watford,8,0,6.63049,0.344718,6.9,5.9,,
2019,11696,2019-09-21 14:00:00,premier,Burnley,Norwich,2,0,2.39312,0.801428,7.0,6.9,,
2019,11698,2019-09-21 14:00:00,premier,Everton,Sheffield United,0,2,1.26041,0.508011,6.0,7.0,,
2019,11699,2019-09-21 16:30:00,premier,Newcastle United,Brighton,0,0,1.09807,1.21592,7.2,7.1,,
2019,11697,2019-09-22 13:00:00,premier,Crystal Palace,Wolverhampton Wanderers,1,1,0.984777,1.75572,8.0,8.0,,
2019,11700,2019-09-22 13:00:00,premier,West Ham,Manchester United,2,0,0.51376,1.27826,5.8,8.0,,
2019,11701,2019-09-22 15:30:00,premier,Chelsea,Liverpool,1,2,1.23321,1.03003,8.1,8.2,,
2019,11702,2019-09-22 15:30:00,premier,Arsenal,Aston Villa,3,2,2.53209,1.71546,7.0,5.9,,
2019,11703,2019-09-28 11:30:00,premier,Sheffield United,Liverpool,0,1,1.17022,1.97079,6.9,5.8,,
2019,11704,2019-09-28 14:00:00,premier,Tottenham,Southampton,2,1,1.19008,1.16256,7.1,7.8,,
2019,11705,2019-09-28 14:00:00,premier,Wolverhampton Wanderers,Watford,2,0,1.16363,1.06615,6.0,7.0,,
2019,11706,2019-09-28 14:00:00,premier,Aston Villa,Burnley,2,2,0.914266,1.66919,5.9,7.0,,
2019,11707,2019-09-28 14:00:00,premier,Bournemouth,West Ham,2,2,2.31957,1.29546,7.8,6.0,,
2019,11708,2019-09-28 14:00:00,premier,Chelsea,Brighton,2,0,4.26443,0.616263,5.9,6.9,,
2019,11709,2019-09-28 14:00:00,premier,Crystal Palace,Norwich,2,0,1.80497,0.712129,6.0,7.0,,
2019,11711,2019-09-28 16:30:00,premier,Everton,Manchester City,1,3,2.35854,3.1082,7.1,7.1,,
2019,11710,2019-09-29 15:30:00,premier,Leicester,Newcastle United,5,0,1.82438,0.054134,8.2,8.0,,
2019,11712,2019-09-30 19:00:00,premier,Manchester United,Arsenal,1,1,1.1335,1.70399,8.2,8.1,,
2019,11713,2019-10-05 12:30:00,premier,Brighton,Tottenham,3,0,2.60017,0.478504,6.9,6.9,,
2019,11714,2019-10-05 15:00:00,premier,Burnley,Everton,1,0,0.558912,1.30723,7.0,6.9,,
2019,11715,2019-10-05 15:00:00,premier,Liverpool,Leicester,2,1,3.74867,0.0982107,7.1,6.0,,
2019,11717,2019-10-05 15:00:00,premier,Norwich,Aston Villa,1,5,1.84838,3.67827,7.0,7.0,,
2019,11719,2019-10-05 15:00:00,premier,Watford,Sheffield United,0,0,1.44318,0.353724,7.0,7.1,,
2019,11720,2019-10-05 17:30:00,premier,West Ham,Crystal Palace,1,2,1.23577,2.0682,7.1,7.1,,
2019,11716,2019-10-06 14:00:00,premier,Manchester City,Wolverhampton Wanderers,0,2,1.61884,1.18825,7.9,8.0,,
2019,11718,2019-10-06 14:00:00,premier,Southampton,Chelsea,1,4,1.27044,2.15201,8.0,8.0,,
2019,11722,2019-10-06 14:00:00,premier,Arsenal,Bournemouth,1,0,1.24109,0.683967,5.8,8.0,,
2019,11721,2019-10-06 16:30:00,premier,Newcastle United,Manchester United,1,0,0.650296,0.969204,7.0,5.9,,
2019,11727,2019-10-19 12:30:00,premier,Everton,West Ham,2,0,2.23324,0.459112,13.9,13.8,,
2019,11723,2019-10-19 15:00:00,premier,Aston Villa,Brighton,2,1,2.96692,1.32184,14.0,14.1,,
2019,11724,2019-10-19 15:00:00,premier,Bournemouth,Norwich,0,0,0.675554,0.402873,13.0,14.0,,
2019,11725,2019-10-19 15:00:00,premier,Chelsea,Newcastle United,1,0,2.30068,0.197082,13.0,12.9,,
2019,11728,2019-10-19 15:00:00,premier,Leicester,Burnley,2,1,0.8291,1.79569,14.0,14.0,,
2019,11731,2019-10-19 15:00:00,premier,Tottenham,Watford,1,1,0.891617,0.846851,14.1,14.0,,
2019,11732,2019-10-19 15:00:00,premier,Wolverhampton Wanderers,Southampton,1,1,0.887495,1.37695,13.0,13.0,,
2019,11726,2019-10-19 17:30:00,premier,Crystal Palace,Manchester City,0,2,0.616864,4.02104,14.0,13.1,,
2019,11729,2019-10-20 16:30:00,premier,Manchester United,Liverpool,1,1,0.791862,1.03212,14.0,15.1,,
2019,11730,2019-10-21 20:00:00,premier,Sheffield United,Arsenal,1,0,0.895722,0.949735,16.2,15.2,,
2019,11740,2019-10-25 20:00:00,premier,Southampton,Leicester,0,9,0.457334,4.38046,6.2,6.2,,
2019,11737,2019-10-26 12:30:00,premier,Manchester City,Aston Villa,3,0,3.19004,0.980145,6.8,6.9,,
2019,11734,2019-10-26 15:00:00,premier,Brighton,Everton,3,2,1.15279,1.04723,7.0,7.1,,
2019,11741,2019-10-26 15:00:00,premier,Watford,Bournemouth,0,0,0.674903,0.899526,7.0,7.0,,
2019,11742,2019-10-26 15:00:00,premier,West Ham,Sheffield United,1,1,2.33891,1.16171,7.1,4.8,,
2019,11735,2019-10-26 17:30:00,premier,Burnley,Chelsea,2,4,2.23494,0.988321,7.1,7.1,,
2019,11738,2019-10-27 14:00:00,premier,Newcastle United,Wolverhampton Wanderers,1,1,0.603104,1.93255,8.0,8.0,,
2019,11733,2019-10-27 16:30:00,premier,Arsenal,Crystal Palace,2,2,1.54014,1.77892,5.9,8.0,,
2019,11736,2019-10-27 16:30:00,premier,Liverpool,Tottenham,2,1,2.18851,1.35143,7.0,8.1,,
2019,11739,2019-10-27 16:30:00,premier,Norwich,Manchester United,1,3,0.8924,4.51232,8.1,7.0,,
2019,11745,2019-11-02 12:30:00,premier,Bournemouth,Manchester United,1,0,1.86862,0.641129,6.9,5.8,,
2019,11743,2019-11-02 15:00:00,premier,Arsenal,Wolverhampton Wanderers,1,1,1.02552,1.5103,5.9,6.0,,
2019,11744,2019-11-02 15:00:00,premier,Aston Villa,Liverpool,1,2,0.741615,2.38824,7.1,5.9,,
2019,11746,2019-11-02 15:00:00,premier,Brighton,Norwich,2,0,2.65496,0.455082,7.0,5.9,,
2019,11749,2019-11-02 15:00:00,premier,Manchester City,Southampton,2,1,3.36132,0.893889,7.1,7.8,,
2019,11750,2019-11-02 15:00:00,premier,Sheffield United,Burnley,3,0,2.58392,0.716613,7.0,6.9,,
2019,11752,2019-11-02 15:00:00,premier,West Ham,Newcastle United,2,3,1.53597,1.93192,7.0,6.0,,
2019,11751,2019-11-02 17:30:00,premier,Watford,Chelsea,1,2,1.4744,2.18313,7.1,7.0,,
2019,11747,2019-11-03 14:00:00,premier,Crystal Palace,Leicester,0,2,0.44291,0.981167,6.9,8.8,,
2019,11748,2019-11-03 16:30:00,premier,Everton,Tottenham,1,1,1.15532,0.243393,8.1,7.0,,
2019,11757,2019-11-08 20:00:00,premier,Norwich,Watford,0,2,0.62104,1.36017,6.2,6.1,,
2019,11754,2019-11-09 12:30:00,premier,Chelsea,Crystal Palace,2,0,3.28903,0.479488,6.8,5.9,,
2019,11753,2019-11-09 15:00:00,premier,Burnley,West Ham,3,0,2.4158,0.474281,7.0,7.0,,
2019,11756,2019-11-09 15:00:00,premier,Newcastle United,Bournemouth,2,1,2.3306,1.9213,7.0,7.1,,
2019,11758,2019-11-09 15:00:00,premier,Southampton,Everton,1,2,0.742281,2.08883,7.0,5.9,,
2019,11759,2019-11-09 15:00:00,premier,Tottenham,Sheffield United,1,1,1.5104,0.923443,5.9,7.0,,
2019,11762,2019-11-09 17:30:00,premier,Leicester,Arsenal,2,0,1.37055,0.961339,6.1,7.1,,
2019,11760,2019-11-10 14:00:00,premier,Wolverhampton Wanderers,Aston Villa,2,1,2.09891,0.473225,8.0,8.0,,
2019,11761,2019-11-10 14:00:00,premier,Manchester United,Brighton,3,1,3.65299,1.1342,8.1,8.0,,
2019,11755,2019-11-10 16:30:00,premier,Liverpool,Manchester City,3,1,1.3319,1.48104,8.1,8.1,,
2019,11772,2019-11-23 12:30:00,premier,West Ham,Tottenham,2,3,0.661449,2.20681,13.9,13.9,,
2019,11763,2019-11-23 15:00:00,premier,Arsenal,Southampton,2,2,1.60823,2.60312,13.9,14.0,,
2019,11765,2019-11-23 15:00:00,premier,Bournemouth,Wolverhampton Wanderers,1,2,0.849789,1.2765,14.0,13.0,,
2019,11766,2019-11-23 15:00:00,premier,Brighton,Leicester,0,2,0.784706,3.50917,13.0,13.9,,
2019,11767,2019-11-23 15:00:00,premier,Crystal Palace,Liverpool,1,2,1.02306,1.64291,14.1,12.9,,
2019,11768,2019-11-23 15:00:00,premier,Everton,Norwich,0,2,0.812693,1.80849,14.0,14.8,,
2019,11771,2019-11-23 15:00:00,premier,Watford,Burnley,0,3,0.902384,2.66281,14.8,14.0,,
2019,11769,2019-11-23 17:30:00,premier,Manchester City,Chelsea,2,1,1.23596,0.820474,13.0,14.2,,
2019,11770,2019-11-24 16:30:00,premier,Sheffield United,Manchester United,3,3,1.56025,1.33065,15.1,14.1,,
2019,11764,2019-11-25 20:00:00,premier,Aston Villa,Newcastle United,2,0,2.6985,0.69784,15.2,16.2,,
2019,11777,2019-11-30 12:30:00,premier,Newcastle United,Manchester City,2,2,0.208252,2.44389,4.7,6.8,,
2019,11773,2019-11-30 15:00:00,premier,Burnley,Crystal Palace,0,2,1.8509,0.936732,7.0,7.0,,
2019,11774,2019-11-30 15:00:00,premier,Chelsea,West Ham,0,1,2.73185,1.12034,6.9,7.1,,
2019,11776,2019-11-30 15:00:00,premier,Liverpool,Brighton,2,1,1.36832,0.867601,7.0,7.0,,
2019,11779,2019-11-30 15:00:00,premier,Tottenham,Bournemouth,3,2,2.93189,1.02949,7.1,7.0,,
2019,11778,2019-11-30 17:30:00,premier,Southampton,Watford,2,1,1.9671,0.504005,7.1,7.1,,
2019,11780,2019-12-01 14:00:00,premier,Wolverhampton Wanderers,Sheffield United,1,1,1.27422,1.47296,8.0,6.9,,
2019,11781,2019-12-01 14:00:00,premier,Norwich,Arsenal,2,2,0.810596,1.96157,8.0,8.0,,
2019,11775,2019-12-01 16:30:00,premier,Leicester,Everton,2,1,2.24348,1.24986,8.1,8.1,,
2019,11782,2019-12-01 16:30:00,premier,Manchester United,Aston Villa,2,2,1.84804,1.29701,7.0,5.9,,
2019,11791,2019-12-03 19:30:00,premier,Crystal Palace,Bournemouth,1,0,0.383763,0.342799,3.2,3.2,,
2019,11784,2019-12-03 20:15:00,premier,Burnley,Manchester City,1,4,0.486548,2.56057,3.2,3.3,,
2019,11785,2019-12-04 19:30:00,premier,Leicester,Watford,2,0,2.28735,0.199733,3.1,4.1,,
2019,11787,2019-12-04 19:30:00,premier,Wolverhampton Wanderers,West Ham,2,0,1.82237,0.501977,3.2,4.2,,
2019,11788,2019-12-04 19:30:00,premier,Manchester United,Tottenham,2,1,1.47683,0.542315,3.1,4.2,,
2019,11789,2019-12-04 19:30:00,premier,Chelsea,Aston Villa,2,1,1.9774,0.86086,4.2,3.1,,
2019,11790,2019-12-04 19:30:00,premier,Southampton,Norwich,2,1,2.00232,0.896647,4.1,3.2,,
2019,11792,2019-12-04 20:15:00,premier,Liverpool,Everton,5,2,2.41397,1.76453,4.2,3.2,,
2019,11786,2019-12-05 19:30:00,premier,Sheffield United,Newcastle United,0,2,1.09175,0.533775,4.2,5.3,,
2019,11783,2019-12-05 20:15:00,premier,Arsenal,Brighton,1,2,0.965377,1.53446,4.3,5.2,,
2019,11796,2019-12-07 12:30:00,premier,Everton,Chelsea,3,1,2.03892,1.25734,2.7,2.7,,
2019,11794,2019-12-07 15:00:00,premier,Bournemouth,Liverpool,0,3,0.154608,3.04446,3.8,2.8,,
2019,11800,2019-12-07 15:00:00,premier,Tottenham,Burnley,5,0,2.39684,1.08645,2.8,3.8,,
2019,11801,2019-12-07 15:00:00,premier,Watford,Crystal Palace,0,0,1.57132,0.210746,2.8,3.8,,
2019,11797,2019-12-07 17:30:00,premier,Manchester City,Manchester United,1,2,2.07108,1.63385,3.9,2.9,,
2019,11793,2019-12-08 14:00:00,premier,Aston Villa,Leicester,1,4,1.24141,4.03286,3.8,3.8,,
2019,11798,2019-12-08 14:00:00,premier,Newcastle United,Southampton,2,1,1.10449,1.89255,2.8,3.8,,
2019,11799,2019-12-08 14:00:00,premier,Norwich,Sheffield United,1,2,0.585805,0.712899,3.8,2.8,,
2019,11795,2019-12-08 16:30:00,premier,Brighton,Wolverhampton Wanderers,2,2,0.951621,1.87208,2.8,3.9,,
2019,11802,2019-12-09 20:00:00,premier,West Ham,Arsenal,1,3,0.521847,1.79181,5.0,4.0,,
2019,11808,2019-12-14 12:30:00,premier,Liverpool,Watford,2,0,1.56674,1.01166,6.9,6.9,,
2019,11804,2019-12-14 15:00:00,premier,Burnley,Newcastle United,1,0,1.43602,1.08726,7.0,6.0,,
2019,11805,2019-12-14 15:00:00,premier,Chelsea,Bournemouth,0,1,2.02119,1.20777,7.1,7.0,,
2019,11807,2019-12-14 15:00:00,premier,Leicester,Norwich,1,1,1.06421,1.16408,6.0,6.0,,
2019,11810,2019-12-14 15:00:00,premier,Sheffield United,Aston Villa,2,0,1.888,0.97258,6.0,6.0,,
2019,11811,2019-12-14 17:30:00,premier,Southampton,West Ham,0,1,0.805884,0.90324,6.1,4.9,,
2019,11809,2019-12-15 14:00:00,premier,Manchester United,Everton,1,1,1.48327,0.276759,7.9,8.1,,
2019,11812,2019-12-15 14:00:00,premier,Wolverhampton Wanderers,Tottenham,1,2,0.718669,0.989205,6.9,8.0,,
2019,11803,2019-12-15 16:30:00,premier,Arsenal,Manchester City,0,3,0.28161,1.69553,5.9,8.0,,
2019,11806,2019-12-16 19:45:00,premier,Crystal Palace,Brighton,1,1,0.484859,2.48355,9.2,8.1,,
2019,11816,2019-12-21 12:30:00,premier,Everton,Arsenal,0,0,0.486523,0.881818,5.9,5.8,,
2019,11813,2019-12-21 15:00:00,premier,Aston Villa,Southampton,1,3,0.921054,2.63444,7.0,6.9,,
2019,11814,2019-12-21 15:00:00,premier,Bournemouth,Burnley,0,1,0.138532,0.144318,7.0,7.0,,
2019,11815,2019-12-21 15:00:00,premier,Brighton,Sheffield United,0,1,0.428371,1.65933,4.8,7.0,,
2019,11818,2019-12-21 15:00:00,premier,Newcastle United,Crystal Palace,1,0,0.714368,0.985368,7.0,4.8,,
2019,11819,2019-12-21 15:00:00,premier,Norwich,Wolverhampton Wanderers,1,2,1.26536,1.65224,7.0,6.0,,
2019,11817,2019-12-21 17:30:00,premier,Manchester City,Leicester,3,1,3.59139,1.01388,6.0,7.1,,
2019,11821,2019-12-22 14:00:00,premier,Watford,Manchester United,2,0,1.59291,1.5309,8.1,7.0,,
2019,11820,2019-12-22 16:30:00,premier,Tottenham,Chelsea,0,2,0.276667,1.49374,7.1,8.1,,
2019,11831,2019-12-26 12:30:00,premier,Tottenham,Brighton,2,1,1.02645,1.09007,3.8,4.9,,
2019,11823,2019-12-26 15:00:00,premier,Aston Villa,Norwich,1,0,0.654194,1.45005,5.0,5.0,,
2019,11824,2019-12-26 15:00:00,premier,Bournemouth,Arsenal,1,1,1.55463,1.42464,5.0,5.1,,
2019,11825,2019-12-26 15:00:00,premier,Chelsea,Southampton,0,2,0.859973,0.981321,3.9,5.0,,
2019,11826,2019-12-26 15:00:00,premier,Crystal Palace,West Ham,2,1,2.14195,0.796338,5.0,11.9,,
2019,11827,2019-12-26 15:00:00,premier,Everton,Burnley,1,0,1.47521,0.565252,5.1,5.0,,
2019,11830,2019-12-26 15:00:00,premier,Sheffield United,Watford,1,1,2.04481,0.596611,5.0,4.0,,
2019,11829,2019-12-26 17:30:00,premier,Manchester United,Newcastle United,4,1,1.99638,1.05018,4.1,5.1,,
2019,11828,2019-12-26 20:00:00,premier,Leicester,Liverpool,0,4,0.120994,3.76973,5.1,12.3,,
2019,11832,2019-12-27 19:45:00,premier,Wolverhampton Wanderers,Manchester City,3,2,2.39405,1.52044,6.2,6.1,,
2019,11834,2019-12-28 12:30:00,premier,Brighton,Bournemouth,2,0,1.05876,0.500726,2.0,1.9,,
2019,11838,2019-12-28 15:00:00,premier,Newcastle United,Everton,1,2,1.63211,2.82576,1.9,2.0,,
2019,11840,2019-12-28 15:00:00,premier,Southampton,Crystal Palace,1,1,1.47937,0.137837,2.0,2.0,,
2019,11841,2019-12-28 15:00:00,premier,Watford,Aston Villa,3,0,3.25314,0.610997,2.0,2.0,,
2019,11839,2019-12-28 17:30:00,premier,Norwich,Tottenham,2,2,0.268052,1.82189,2.1,2.2,,
2019,11842,2019-12-28 17:30:00,premier,West Ham,Leicester,1,2,0.782104,2.62349,2.1,1.9,,
2019,11835,2019-12-28 19:45:00,premier,Burnley,Manchester United,0,2,0.386662,2.10542,2.2,2.1,,
2019,11833,2019-12-29 14:00:00,premier,Arsenal,Chelsea,1,2,0.785214,1.49666,3.0,3.0,,
2019,11836,2019-12-29 16:30:00,premier,Liverpool,Wolverhampton Wanderers,1,0,1.49124,0.363764,2.9,1.9,,
2019,11837,2019-12-29 18:00:00,premier,Manchester City,Sheffield United,2,0,1.08628,1.23346,1.9,3.1,,
2019,11845,2020-01-01 12:30:00,premier,Brighton,Chelsea,1,1,1.56978,1.57497,4.0,2.9,,
2019,11846,2020-01-01 12:30:00,premier,Burnley,Aston Villa,1,2,2.34418,1.74824,3.7,3.9,,
2019,11849,2020-01-01 15:00:00,premier,Newcastle United,Leicester,0,3,0.780118,2.43642,4.0,3.9,,
2019,11851,2020-01-01 15:00:00,premier,Southampton,Tottenham,1,0,1.51192,1.078,4.0,3.9,,
2019,11852,2020-01-01 15:00:00,premier,Watford,Wolverhampton Wanderers,2,1,1.07053,1.23252,4.0,2.9,,
2019,11843,2020-01-01 17:30:00,premier,West Ham,Bournemouth,4,0,2.32825,0.720709,4.0,4.2,,
2019,11848,2020-01-01 17:30:00,premier,Manchester City,Everton,2,1,1.79757,0.848942,3.0,4.1,,
2019,11850,2020-01-01 17:30:00,premier,Norwich,Crystal Palace,1,1,1.66454,1.29896,4.0,4.1,,
2019,11844,2020-01-01 20:00:00,premier,Arsenal,Manchester United,2,0,1.90747,0.715563,3.2,4.0,,
2019,11847,2020-01-02 20:00:00,premier,Liverpool,Sheffield United,2,0,3.0465,0.634607,4.1,4.1,,
2019,11855,2020-01-10 20:00:00,premier,Sheffield United,West Ham,1,0,2.02768,0.90477,8.0,9.1,,
2019,11859,2020-01-11 12:30:00,premier,Crystal Palace,Arsenal,1,1,0.317862,1.43924,9.8,9.7,,
2019,11853,2020-01-11 15:00:00,premier,Wolverhampton Wanderers,Newcastle United,1,1,2.04805,0.184495,10.0,10.0,,
2019,11858,2020-01-11 15:00:00,premier,Chelsea,Burnley,3,0,2.87633,0.717407,10.1,10.1,,
2019,11860,2020-01-11 15:00:00,premier,Everton,Brighton,1,0,2.02533,1.53324,9.9,10.1,,
2019,11861,2020-01-11 15:00:00,premier,Leicester,Southampton,1,2,0.780114,2.40601,10.0,10.0,,
2019,11862,2020-01-11 15:00:00,premier,Manchester United,Norwich,4,0,3.13456,0.275987,9.8,9.9,,
2019,11854,2020-01-11 17:30:00,premier,Tottenham,Liverpool,0,1,1.10584,1.74564,10.1,8.9,,
2019,11857,2020-01-12 14:00:00,premier,Bournemouth,Watford,0,3,0.320447,2.29827,10.9,11.0,,
2019,11856,2020-01-12 16:30:00,premier,Aston Villa,Manchester City,1,6,1.12565,3.75131,11.2,11.0,,
2019,11871,2020-01-18 12:30:00,premier,Watford,Tottenham,0,0,2.39174,1.76697,5.9,6.8,,
2019,11863,2020-01-18 15:00:00,premier,Arsenal,Sheffield United,1,1,1.22882,1.18444,7.1,7.8,,
2019,11864,2020-01-18 15:00:00,premier,Manchester City,Crystal Palace,2,2,2.47314,0.586716,5.9,7.1,,
2019,11867,2020-01-18 15:00:00,premier,Brighton,Aston Villa,1,1,1.30028,1.02045,7.0,5.9,,
2019,11869,2020-01-18 15:00:00,premier,Norwich,Bournemouth,1,0,1.76046,0.558298,7.0,6.0,,
2019,11870,2020-01-18 15:00:00,premier,Southampton,Wolverhampton Wanderers,2,3,0.786974,2.1772,7.0,7.0,,
2019,11872,2020-01-18 15:00:00,premier,West Ham,Everton,1,1,1.68436,1.95473,7.8,7.0,,
2019,11868,2020-01-18 17:30:00,premier,Newcastle United,Chelsea,1,0,0.892988,2.05436,7.1,7.1,,
2019,11866,2020-01-19 14:00:00,premier,Burnley,Leicester,2,1,1.50886,2.33415,8.0,8.0,,
2019,11865,2020-01-19 16:30:00,premier,Liverpool,Manchester United,2,0,2.00655,1.4185,8.0,8.1,,
2019,11873,2020-01-21 19:30:00,premier,Aston Villa,Watford,2,1,1.06739,1.81101,3.2,3.3,,
2019,11875,2020-01-21 19:30:00,premier,Sheffield United,Manchester City,0,1,0.774943,2.873,3.2,3.2,,
2019,11877,2020-01-21 19:30:00,premier,Everton,Newcastle United,2,2,2.05254,0.570931,3.2,3.1,,
2019,11878,2020-01-21 19:30:00,premier,Bournemouth,Brighton,3,1,1.92315,1.97227,3.2,3.2,,
2019,11882,2020-01-21 19:30:00,premier,Crystal Palace,Southampton,0,2,0.674589,1.1306,3.2,3.2,,
2019,11881,2020-01-21 20:15:00,premier,Chelsea,Arsenal,2,2,3.38612,0.568077,3.1,3.2,,
2019,11876,2020-01-22 19:30:00,premier,Leicester,West Ham,4,1,2.91302,1.16254,3.2,4.2,,
2019,11880,2020-01-22 19:30:00,premier,Tottenham,Norwich,2,1,2.22282,1.42472,4.3,4.2,,
2019,11879,2020-01-22 20:15:00,premier,Manchester United,Burnley,0,2,1.416,0.717284,3.2,3.3,,
2019,11874,2020-01-23 20:00:00,premier,Wolverhampton Wanderers,Liverpool,1,2,1.85442,1.59024,5.2,4.1,,
2019,11822,2020-01-29 19:45:00,premier,West Ham,Liverpool,0,2,0.878341,2.59926,7.0,6.0,,
2019,11886,2020-02-01 12:30:00,premier,Leicester,Chelsea,2,2,1.65956,0.806995,9.7,10.7,,
2019,11883,2020-02-01 15:00:00,premier,Bournemouth,Aston Villa,2,1,2.72236,1.40955,10.8,10.8,,
2019,11885,2020-02-01 15:00:00,premier,Crystal Palace,Sheffield United,0,1,0.970063,0.860755,10.8,10.8,,
2019,11887,2020-02-01 15:00:00,premier,Liverpool,Southampton,4,0,3.7195,0.716298,2.8,10.8,,
2019,11889,2020-02-01 15:00:00,premier,Newcastle United,Norwich,0,0,0.937293,2.39985,10.8,9.8,,
2019,11891,2020-02-01 15:00:00,premier,Watford,Everton,2,3,0.919248,2.70178,10.8,10.8,,
2019,11892,2020-02-01 15:00:00,premier,West Ham,Brighton,3,3,1.30774,2.03179,2.8,10.8,,
2019,11888,2020-02-01 17:30:00,premier,Manchester United,Wolverhampton Wanderers,0,0,1.18608,1.54211,9.9,8.9,,
2019,11884,2020-02-02 14:00:00,premier,Burnley,Arsenal,0,0,2.24562,1.48025,10.7,11.7,,
2019,11890,2020-02-02 16:30:00,premier,Tottenham,Manchester City,2,0,0.420293,3.25139,10.9,11.9,,
2019,11897,2020-02-08 12:30:00,premier,Everton,Crystal Palace,3,1,2.79103,0.865323,6.9,6.9,,
2019,11895,2020-02-08 17:30:00,premier,Brighton,Watford,1,1,0.76201,0.280048,7.1,7.1,,
2019,11900,2020-02-09 14:00:00,premier,Sheffield United,Bournemouth,2,1,2.04467,1.07183,8.0,8.0,,
2019,11902,2020-02-14 20:00:00,premier,Wolverhampton Wanderers,Leicester,0,0,1.14491,0.527366,13.1,13.3,,
2019,11901,2020-02-15 12:30:00,premier,Southampton,Burnley,1,2,0.694025,0.892699,13.9,12.9,,
2019,11899,2020-02-15 17:30:00,premier,Norwich,Liverpool,0,1,0.383495,2.07331,14.1,14.1,,
2019,11894,2020-02-16 14:00:00,premier,Aston Villa,Tottenham,2,3,1.71313,3.86024,15.0,13.9,,
2019,11893,2020-02-16 16:30:00,premier,Arsenal,Newcastle United,4,0,3.02257,1.16662,14.1,15.1,,
2019,11896,2020-02-17 20:00:00,premier,Chelsea,Manchester United,0,2,0.940204,0.681814,16.3,16.1,,
2019,11898,2020-02-19 19:30:00,premier,Manchester City,West Ham,2,0,2.13777,0.0895892,17.1,18.2,,
2019,11906,2020-02-22 12:30:00,premier,Chelsea,Tottenham,2,1,1.78193,0.265879,4.7,5.9,,
2019,11905,2020-02-22 15:00:00,premier,Crystal Palace,Newcastle United,1,0,1.75552,0.164495,14.1,5.9,,
2019,11907,2020-02-22 15:00:00,premier,Burnley,Bournemouth,3,0,3.09935,1.75718,7.1,13.0,,
2019,11908,2020-02-22 15:00:00,premier,Southampton,Aston Villa,2,0,3.02926,0.47235,7.1,6.0,,
2019,11909,2020-02-22 15:00:00,premier,Sheffield United,Brighton,1,1,1.6597,1.06035,13.0,13.9,,
2019,11904,2020-02-22 17:30:00,premier,Leicester,Manchester City,0,1,0.723269,2.42749,7.9,2.9,,
2019,11910,2020-02-23 14:00:00,premier,Manchester United,Watford,3,0,2.5042,0.294956,5.8,14.9,,
2019,11912,2020-02-23 14:00:00,premier,Wolverhampton Wanderers,Norwich,3,0,3.25033,0.360646,8.8,7.9,,
2019,11903,2020-02-23 16:30:00,premier,Arsenal,Everton,3,2,1.33567,2.65691,7.0,15.2,,
2019,11911,2020-02-24 20:00:00,premier,Liverpool,West Ham,3,2,2.48209,0.638236,9.1,5.0,,
2019,11919,2020-02-28 20:00:00,premier,Norwich,Leicester,1,0,0.591716,1.42581,5.2,6.1,,
2019,11915,2020-02-29 12:30:00,premier,Brighton,Crystal Palace,0,1,1.78712,2.17159,6.9,6.9,,
2019,11914,2020-02-29 15:00:00,premier,Bournemouth,Chelsea,2,2,1.58495,1.98271,7.0,7.1,,
2019,11918,2020-02-29 15:00:00,premier,Newcastle United,Burnley,0,0,1.11713,0.617612,7.0,7.0,,
2019,11922,2020-02-29 15:00:00,premier,West Ham,Southampton,3,1,2.78682,0.868573,4.8,7.0,,
2019,11921,2020-02-29 17:30:00,premier,Watford,Liverpool,3,0,2.71351,0.206031,6.1,4.9,,
2019,11916,2020-03-01 14:00:00,premier,Everton,Manchester United,1,1,2.41259,1.12561,6.9,7.0,,
2019,11920,2020-03-01 14:00:00,premier,Tottenham,Wolverhampton Wanderers,2,3,1.63079,2.62251,8.1,7.0,,
2019,11928,2020-03-07 12:30:00,premier,Liverpool,Bournemouth,2,1,1.89453,1.29544,6.8,6.9,,
2019,11923,2020-03-07 15:00:00,premier,Arsenal,West Ham,1,0,1.55974,1.61615,12.9,7.0,,
2019,11926,2020-03-07 15:00:00,premier,Crystal Palace,Watford,1,0,0.856107,0.449161,7.1,6.9,,
2019,11929,2020-03-07 15:00:00,premier,Sheffield United,Norwich,1,0,1.17263,2.55449,14.0,7.8,,
2019,11930,2020-03-07 15:00:00,premier,Southampton,Newcastle United,0,1,0.348871,3.06384,7.0,7.0,,
2019,11931,2020-03-07 15:00:00,premier,Wolverhampton Wanderers,Brighton,0,0,0.898221,0.308874,6.0,7.1,,
2019,11924,2020-03-07 17:30:00,premier,Burnley,Tottenham,1,1,3.33302,1.13669,7.1,6.1,,
2019,11925,2020-03-08 14:00:00,premier,Chelsea,Everton,4,0,2.02883,0.445922,8.0,7.0,,
2019,11932,2020-03-08 16:30:00,premier,Manchester United,Manchester City,2,0,1.7389,0.585469,7.1,15.0,,
2019,11927,2020-03-09 20:00:00,premier,Leicester,Aston Villa,4,0,2.41239,0.672448,10.0,16.2,,
2019,11913,2020-06-17 17:00:00,premier,Aston Villa,Sheffield United,0,0,1.00877,0.235909,60.0,60.0,,
2019,11917,2020-06-17 19:15:00,premier,Manchester City,Arsenal,3,0,2.73725,0.496759,60.0,60.0,,
2019,11937,2020-06-19 17:00:00,premier,Norwich,Southampton,0,3,0.654932,1.87099,60.0,60.0,,
2019,11936,2020-06-19 19:15:00,premier,Tottenham,Manchester United,1,1,0.534852,1.77307,60.0,60.0,,
2019,11935,2020-06-20 11:30:00,premier,Watford,Leicester,1,1,1.00765,1.05245,60.0,60.0,,
2019,11941,2020-06-20 14:00:00,premier,Brighton,Arsenal,2,1,0.670973,0.69627,60.0,2.8,,
2019,11934,2020-06-20 16:30:00,premier,West Ham,Wolverhampton Wanderers,0,2,0.44207,1.06433,60.0,60.0,,
2019,11942,2020-06-20 18:45:00,premier,Bournemouth,Crystal Palace,0,2,0.363637,0.788453,60.0,60.0,,
2019,11938,2020-06-21 13:00:00,premier,Newcastle United,Sheffield United,3,0,2.15148,0.57107,60.0,3.8,,
2019,11933,2020-06-21 15:15:00,premier,Aston Villa,Chelsea,1,2,1.57223,1.14011,3.9,60.0,,
2019,11940,2020-06-21 18:00:00,premier,Everton,Liverpool,0,0,0.621456,0.659123,60.0,60.0,,
2019,11939,2020-06-22 19:00:00,premier,Manchester City,Burnley,5,0,2.71096,0.0303408,5.0,60.0,,
2019,11945,2020-06-23 17:00:00,premier,Leicester,Brighton,0,0,0.505486,1.10227,3.2,3.1,,
2019,11944,2020-06-23 19:15:00,premier,Tottenham,West Ham,2,0,2.24125,0.83104,4.0,3.1,,
2019,11947,2020-06-24 17:00:00,premier,Wolverhampton Wanderers,Bournemouth,1,0,0.715002,0.0619009,4.0,3.9,,
2019,11948,2020-06-24 17:00:00,premier,Norwich,Everton,0,1,0.382813,0.654912,5.0,3.0,,
2019,11949,2020-06-24 17:00:00,premier,Newcastle United,Aston Villa,1,1,0.661808,1.22985,3.2,3.1,,
2019,11950,2020-06-24 17:00:00,premier,Manchester United,Sheffield United,3,0,2.8416,0.108082,4.9,3.2,,
2019,11951,2020-06-24 19:15:00,premier,Liverpool,Crystal Palace,4,0,2.56729,0.0645285,3.1,4.0,,
2019,11943,2020-06-25 17:00:00,premier,Burnley,Watford,1,0,0.964774,0.495542,2.9,5.2,,
2019,11952,2020-06-25 17:00:00,premier,Southampton,Arsenal,0,2,0.738305,2.18595,6.0,5.1,,
2019,11946,2020-06-25 19:15:00,premier,Chelsea,Manchester City,2,1,4.206,0.690594,4.2,3.0,,
2019,11954,2020-06-27 11:30:00,premier,Aston Villa,Wolverhampton Wanderers,0,1,0.403418,0.703549,2.8,2.8,,
2019,11961,2020-06-28 15:30:00,premier,Watford,Southampton,1,3,0.365347,1.3364,2.9,2.9,,
2019,11957,2020-06-29 19:00:00,premier,Crystal Palace,Burnley,0,1,1.06533,0.359906,5.0,4.1,,
2019,11956,2020-06-30 19:15:00,premier,Brighton,Manchester United,0,3,0.31013,1.20903,7.1,6.1,,
2019,11953,2020-07-01 17:00:00,premier,Arsenal,Norwich,4,0,1.76496,0.153871,6.0,7.0,,
2019,11955,2020-07-01 17:00:00,premier,Bournemouth,Newcastle United,1,4,1.27503,2.23457,7.0,7.0,,
2019,11958,2020-07-01 17:00:00,premier,Everton,Leicester,2,1,1.17592,1.80384,7.0,8.0,,
2019,11962,2020-07-01 19:15:00,premier,West Ham,Chelsea,3,2,2.10497,1.57609,8.0,6.0,,
2019,11960,2020-07-02 17:00:00,premier,Sheffield United,Tottenham,3,1,1.59994,1.01524,8.0,8.9,,
2019,11959,2020-07-02 19:15:00,premier,Manchester City,Liverpool,4,0,2.65433,0.819606,7.0,8.0,,
2019,11969,2020-07-04 11:30:00,premier,Norwich,Brighton,0,1,0.545069,0.903046,2.8,3.7,,
2019,11965,2020-07-04 14:00:00,premier,Leicester,Crystal Palace,3,0,2.20683,0.507537,2.9,4.8,,
2019,11967,2020-07-04 14:00:00,premier,Manchester United,Bournemouth,5,2,2.63259,1.52161,3.8,2.9,,
2019,11972,2020-07-04 16:30:00,premier,Wolverhampton Wanderers,Arsenal,0,2,0.985166,1.28273,7.2,3.0,,
2019,11964,2020-07-04 19:00:00,premier,Chelsea,Watford,3,0,2.78877,0.608971,3.0,6.1,,
2019,11963,2020-07-05 11:00:00,premier,Burnley,Sheffield United,1,1,1.31966,1.63343,5.7,2.8,,
2019,11968,2020-07-05 13:15:00,premier,Newcastle United,West Ham,2,2,1.49121,2.03065,3.8,3.8,,
2019,11966,2020-07-05 15:30:00,premier,Liverpool,Aston Villa,2,0,1.0837,0.689775,2.8,8.2,,
2019,11970,2020-07-05 18:00:00,premier,Southampton,Manchester City,1,0,0.628765,3.39575,7.1,2.9,,
2019,11971,2020-07-06 19:00:00,premier,Tottenham,Everton,1,0,0.511828,0.403762,4.1,5.1,,
2019,11977,2020-07-07 17:00:00,premier,Crystal Palace,Chelsea,2,3,1.2882,2.65753,3.1,2.9,,
2019,11981,2020-07-07 17:00:00,premier,Watford,Norwich,2,1,0.725199,1.13378,2.9,3.2,,
2019,11973,2020-07-07 19:15:00,premier,Arsenal,Leicester,1,1,1.29023,1.00238,3.1,3.2,,
2019,11979,2020-07-08 17:00:00,premier,Manchester City,Newcastle United,5,0,3.28662,0.21643,3.0,3.2,,
2019,11980,2020-07-08 17:00:00,premier,Sheffield United,Wolverhampton Wanderers,1,0,0.470483,0.326909,3.2,4.0,,
2019,11982,2020-07-08 17:00:00,premier,West Ham,Burnley,0,1,1.99821,1.05291,3.2,3.2,,
2019,11976,2020-07-08 19:15:00,premier,Brighton,Liverpool,1,3,2.3646,2.61624,4.3,3.2,,
2019,11975,2020-07-09 17:00:00,premier,Bournemouth,Tottenham,0,0,0.960349,0.479274,5.1,2.9,,
2019,11978,2020-07-09 17:00:00,premier,Everton,Southampton,1,1,0.671442,2.29684,2.9,4.0,,
2019,11974,2020-07-09 19:15:00,premier,Aston Villa,Manchester United,0,3,0.598873,2.86531,4.2,5.2,,
2019,11988,2020-07-11 11:30:00,premier,Norwich,West Ham,0,4,0.613251,3.81088,3.8,2.8,,
2019,11991,2020-07-11 11:30:00,premier,Watford,Newcastle United,2,1,3.12855,1.49134,3.8,2.8,,
2019,11986,2020-07-11 14:00:00,premier,Liverpool,Burnley,1,1,2.17649,0.452331,2.8,2.9,,
2019,11989,2020-07-11 16:30:00,premier,Sheffield United,Chelsea,3,0,2.00632,1.17509,3.0,4.0,,
2019,11985,2020-07-11 19:00:00,premier,Brighton,Manchester City,0,5,0.149588,5.51767,3.0,3.1,,
2019,11992,2020-07-12 11:00:00,premier,Wolverhampton Wanderers,Everton,3,0,2.86724,0.286561,3.8,2.8,,
2019,11983,2020-07-12 13:15:00,premier,Aston Villa,Crystal Palace,2,0,1.6977,0.974181,2.8,4.8,,
2019,11990,2020-07-12 15:30:00,premier,Tottenham,Arsenal,2,1,1.81846,0.68991,2.9,4.8,,
2019,11984,2020-07-12 18:00:00,premier,Bournemouth,Leicester,4,1,2.54311,1.66084,3.0,4.9,,
2019,11987,2020-07-13 19:00:00,premier,Manchester United,Southampton,2,2,1.5033,1.8051,4.0,4.1,,
2019,11995,2020-07-14 19:15:00,premier,Chelsea,Norwich,1,0,3.05119,0.0631109,3.1,3.3,,
2019,11994,2020-07-15 17:00:00,premier,Burnley,Wolverhampton Wanderers,1,1,1.53435,1.2857,4.1,3.2,,
2019,11999,2020-07-15 17:00:00,premier,Manchester City,Bournemouth,2,1,0.82755,1.66635,3.9,3.0,,
2019,12000,2020-07-15 17:00:00,premier,Newcastle United,Tottenham,1,3,1.05748,1.7498,4.2,3.1,,
2019,11993,2020-07-15 19:15:00,premier,Arsenal,Liverpool,2,1,1.31516,2.2233,3.2,4.2,,
2019,11997,2020-07-16 17:00:00,premier,Everton,Aston Villa,1,1,0.944434,1.52021,4.2,4.2,,
2019,11998,2020-07-16 17:00:00,premier,Leicester,Sheffield United,2,0,3.05752,0.660214,4.0,5.0,,
2019,11996,2020-07-16 19:15:00,premier,Crystal Palace,Manchester United,0,2,0.572141,1.90448,4.2,3.0,,
2019,12002,2020-07-16 19:15:00,premier,Southampton,Brighton,1,1,2.33745,0.67264,3.0,5.0,,
2019,12001,2020-07-17 19:00:00,premier,West Ham,Watford,3,1,0.833995,1.03402,6.3,6.3,,
2019,12008,2020-07-18 16:30:00,premier,Norwich,Burnley,0,2,0.576602,1.8233,3.9,3.0,,
2019,12004,2020-07-19 13:00:00,premier,Bournemouth,Southampton,0,2,0.583117,2.24527,3.8,2.7,,
2019,12010,2020-07-19 15:00:00,premier,Tottenham,Leicester,3,0,0.766922,1.20085,3.9,2.9,,
2019,12005,2020-07-20 17:00:00,premier,Brighton,Newcastle United,0,0,0.855896,0.929091,3.9,5.0,,
2019,12009,2020-07-20 17:00:00,premier,Sheffield United,Everton,0,1,0.468461,0.624814,4.0,4.0,,
2019,12012,2020-07-20 19:15:00,premier,Wolverhampton Wanderers,Crystal Palace,2,0,1.48696,0.440119,5.1,4.0,,
2019,12011,2020-07-21 17:00:00,premier,Watford,Manchester City,0,4,0.131868,3.73814,3.9,6.0,,
2019,12003,2020-07-21 19:15:00,premier,Aston Villa,Arsenal,1,0,0.57408,0.737137,5.1,6.0,,
2019,12007,2020-07-22 17:00:00,premier,Manchester United,West Ham,1,1,0.984161,1.29009,5.9,4.9,,
2019,12006,2020-07-22 19:15:00,premier,Liverpool,Chelsea,5,3,1.45179,2.38205,7.0,8.0,,
2019,12013,2020-07-26 15:00:00,premier,West Ham,Aston Villa,1,1,0.781465,0.983594,3.9,4.8,,
2019,12014,2020-07-26 15:00:00,premier,Arsenal,Watford,3,2,1.95282,3.9197,4.8,4.9,,
2019,12015,2020-07-26 15:00:00,premier,Southampton,Sheffield United,3,1,1.64306,1.41051,7.1,5.9,,
2019,12016,2020-07-26 15:00:00,premier,Newcastle United,Liverpool,1,3,0.339294,0.56818,5.9,3.8,,
2019,12017,2020-07-26 15:00:00,premier,Manchester City,Norwich,5,0,3.56749,0.786563,4.9,7.9,,
2019,12018,2020-07-26 15:00:00,premier,Leicester,Manchester United,0,2,0.754668,1.41019,7.0,3.9,,
2019,12019,2020-07-26 15:00:00,premier,Everton,Bournemouth,1,3,1.74699,1.46461,5.9,7.1,,
2019,12020,2020-07-26 15:00:00,premier,Crystal Palace,Tottenham,1,1,0.988534,0.310302,5.8,7.0,,
2019,12021,2020-07-26 15:00:00,premier,Chelsea,Wolverhampton Wanderers,2,0,1.15938,0.164561,3.8,5.8,,
2019,12022,2020-07-26 15:00:00,premier,Burnley,Brighton,1,2,1.44244,1.3696,7.9,5.9,,
2020,14086,2020-09-12 11:30:00,premier,Fulham,Arsenal,0,3,0.126327,2.16287,60.0,47.9,,
2020,14087,2020-09-12 14:00:00,premier,Crystal Palace,Southampton,1,0,1.39569,1.26267,48.0,48.0,,
2020,14090,2020-09-12 16:30:00,premier,Liverpool,Leeds,4,3,3.15412,0.269813,48.1,14.0,,
2020,14091,2020-09-12 19:00:00,premier,West Ham,Newcastle United,0,2,0.861445,1.65911,48.2,48.2,,
2020,14092,2020-09-13 13:00:00,premier,West Bromwich Albion,Leicester,0,3,0.352997,2.95581,60.0,48.9,,
2020,14093,2020-09-13 15:30:00,premier,Tottenham,Everton,0,1,0.822944,1.26793,49.0,49.0,,
2020,14094,2020-09-14 17:00:00,premier,Sheffield United,Wolverhampton Wanderers,0,2,0.949316,1.61307,50.1,50.1,,
2020,14095,2020-09-14 19:15:00,premier,Brighton,Chelsea,1,3,1.44281,1.27062,50.2,50.2,,
2020,14096,2020-09-19 11:30:00,premier,Everton,West Bromwich Albion,5,2,4.16254,0.315347,5.8,5.9,,
2020,14097,2020-09-19 14:00:00,premier,Leeds,Fulham,4,3,1.45254,1.55503,6.9,7.1,,
2020,14098,2020-09-19 16:30:00,premier,Manchester United,Crystal Palace,1,3,1.09737,1.91456,55.1,7.1,,
2020,14099,2020-09-19 19:00:00,premier,Arsenal,West Ham,2,1,1.32902,2.06377,7.3,7.0,,
2020,14100,2020-09-20 11:00:00,premier,Southampton,Tottenham,2,5,2.27708,2.28004,7.9,6.8,,
2020,14101,2020-09-20 13:00:00,premier,Newcastle United,Brighton,0,3,0.520678,1.8766,7.8,5.7,,
2020,14102,2020-09-20 15:30:00,premier,Chelsea,Liverpool,0,2,0.904183,2.25211,5.8,8.0,,
2020,14103,2020-09-20 18:00:00,premier,Leicester,Burnley,4,2,0.987365,1.52404,7.2,56.1,,
2020,14104,2020-09-21 17:00:00,premier,Aston Villa,Sheffield United,1,0,0.80527,0.849709,57.1,7.0,,
2020,14105,2020-09-21 19:15:00,premier,Wolverhampton Wanderers,Manchester City,1,3,0.727677,2.07651,7.1,57.2,,
2020,14106,2020-09-26 11:30:00,premier,Brighton,Manchester United,2,3,2.97659,1.57583,5.9,6.8,,
2020,14107,2020-09-26 14:00:00,premier,Crystal Palace,Everton,1,2,0.443115,2.27189,6.9,7.1,,
2020,14108,2020-09-26 16:30:00,premier,West Bromwich Albion,Chelsea,3,3,0.911185,2.36046,7.2,6.0,,
2020,14109,2020-09-26 19:00:00,premier,Burnley,Southampton,0,1,0.347136,0.706632,6.0,6.3,,
2020,14110,2020-09-27 11:00:00,premier,Sheffield United,Leeds,0,1,1.53278,1.46641,5.8,7.9,,
2020,14111,2020-09-27 13:00:00,premier,Tottenham,Newcastle United,1,1,3.18765,0.942726,7.1,7.0,,
2020,14112,2020-09-27 15:30:00,premier,Manchester City,Leicester,2,5,1.44633,2.86721,5.8,6.9,,
2020,14113,2020-09-27 18:00:00,premier,West Ham,Wolverhampton Wanderers,4,0,3.05703,0.385152,8.0,5.9,,
2020,14114,2020-09-28 17:00:00,premier,Fulham,Aston Villa,0,3,0.534675,2.03222,9.1,7.0,,
2020,14115,2020-09-28 19:15:00,premier,Liverpool,Arsenal,3,1,2.73834,1.17817,8.2,9.0,,
2020,14467,2020-10-03 11:30:00,premier,Chelsea,Crystal Palace,4,0,2.51433,0.103249,6.8,6.9,,
2020,14468,2020-10-03 14:00:00,premier,Everton,Brighton,4,2,2.34034,1.16568,7.0,7.1,,
2020,14469,2020-10-03 16:30:00,premier,Leeds,Manchester City,1,1,2.56662,1.41533,6.2,6.0,,
2020,14472,2020-10-03 19:00:00,premier,Newcastle United,Burnley,3,1,1.95629,0.438849,6.2,7.0,,
2020,14470,2020-10-04 11:00:00,premier,Leicester,West Ham,0,3,0.456022,2.03227,6.8,6.7,,
2020,14473,2020-10-04 11:00:00,premier,Southampton,West Bromwich Albion,2,0,0.949079,0.161283,7.7,7.8,,
2020,14465,2020-10-04 13:00:00,premier,Arsenal,Sheffield United,2,1,0.667131,0.144994,5.7,7.1,,
2020,14474,2020-10-04 13:00:00,premier,Wolverhampton Wanderers,Fulham,1,0,0.89359,0.969393,6.8,5.8,,
2020,14471,2020-10-04 15:30:00,premier,Manchester United,Tottenham,1,6,0.873435,3.3017,8.2,7.1,,
2020,14466,2020-10-04 18:15:00,premier,Aston Villa,Liverpool,7,2,3.07626,1.65705,6.1,6.0,,
2020,14477,2020-10-17 11:30:00,premier,Everton,Liverpool,2,2,1.35998,2.49492,13.9,12.7,,
2020,14475,2020-10-17 14:00:00,premier,Chelsea,Southampton,3,3,1.98708,1.42348,14.1,13.1,,
2020,14480,2020-10-17 16:30:00,premier,Manchester City,Arsenal,1,0,1.43023,0.838322,14.0,13.1,,
2020,14481,2020-10-17 19:00:00,premier,Newcastle United,Manchester United,1,4,0.867496,2.21729,14.0,13.1,,
2020,14482,2020-10-18 11:00:00,premier,Sheffield United,Fulham,1,1,1.66363,1.35611,13.9,13.9,,
2020,14476,2020-10-18 13:00:00,premier,Crystal Palace,Brighton,1,1,0.761169,1.0935,15.1,15.0,,
2020,14483,2020-10-18 15:30:00,premier,Tottenham,West Ham,3,3,1.77602,1.49992,14.0,14.2,,
2020,14479,2020-10-18 18:15:00,premier,Leicester,Aston Villa,0,1,0.671595,0.873776,14.3,14.0,,
2020,14484,2020-10-19 16:30:00,premier,West Bromwich Albion,Burnley,0,0,0.731692,1.08532,15.2,15.9,,
2020,14478,2020-10-19 19:00:00,premier,Leeds,Wolverhampton Wanderers,0,1,1.08332,0.618191,16.1,15.2,,
2020,14486,2020-10-23 19:00:00,premier,Aston Villa,Leeds,0,3,1.50125,2.37695,5.0,4.0,,
2020,14493,2020-10-24 11:30:00,premier,West Ham,Manchester City,1,1,0.263739,0.892456,5.8,6.8,,
2020,14489,2020-10-24 14:00:00,premier,Fulham,Crystal Palace,1,2,1.05258,2.81049,6.1,6.0,,
2020,14491,2020-10-24 16:30:00,premier,Manchester United,Chelsea,0,0,0.648427,0.219906,6.9,7.1,,
2020,14490,2020-10-24 19:00:00,premier,Liverpool,Sheffield United,2,1,2.40286,1.39788,7.3,6.3,,
2020,14492,2020-10-25 14:00:00,premier,Southampton,Everton,2,0,0.74151,0.287054,8.0,8.1,,
2020,14494,2020-10-25 16:30:00,premier,Wolverhampton Wanderers,Newcastle United,1,1,0.758626,0.253685,5.9,7.9,,
2020,14485,2020-10-25 19:15:00,premier,Arsenal,Leicester,0,1,0.73944,0.736172,8.1,7.0,,
2020,14487,2020-10-26 17:30:00,premier,Brighton,West Bromwich Albion,1,1,0.546807,0.295654,8.2,7.0,,
2020,14488,2020-10-26 20:00:00,premier,Burnley,Tottenham,0,1,0.95045,0.797344,7.1,8.2,,
2020,14504,2020-10-30 20:00:00,premier,Wolverhampton Wanderers,Crystal Palace,2,0,1.34895,0.802767,5.1,6.2,,
2020,14502,2020-10-31 12:30:00,premier,Sheffield United,Manchester City,0,1,0.687544,1.89643,6.7,7.0,,
2020,14496,2020-10-31 15:00:00,premier,Burnley,Chelsea,0,3,0.407341,1.23077,4.8,6.9,,
2020,14499,2020-10-31 17:30:00,premier,Liverpool,West Ham,2,1,1.56302,0.269048,6.9,7.2,,
2020,14495,2020-11-01 12:00:00,premier,Aston Villa,Southampton,3,4,2.44855,1.00333,8.7,6.9,,
2020,14501,2020-11-01 14:00:00,premier,Newcastle United,Everton,2,1,2.6311,1.21805,6.9,7.0,,
2020,14500,2020-11-01 16:30:00,premier,Manchester United,Arsenal,0,1,0.394113,0.998072,8.0,6.9,,
2020,14503,2020-11-01 19:15:00,premier,Tottenham,Brighton,2,1,1.97236,0.324457,6.0,6.1,,
2020,14497,2020-11-02 17:30:00,premier,Fulham,West Bromwich Albion,2,0,1.62247,0.482685,9.1,7.0,,
2020,14498,2020-11-02 20:00:00,premier,Leeds,Leicester,1,4,1.74822,3.07657,10.0,8.0,,
2020,14506,2020-11-06 17:30:00,premier,Brighton,Burnley,0,0,1.59022,0.326933,4.9,6.1,,
2020,14512,2020-11-06 20:00:00,premier,Southampton,Newcastle United,2,0,0.985828,0.175633,5.3,5.2,,
2020,14509,2020-11-07 12:30:00,premier,Everton,Manchester United,1,3,0.376464,1.59642,5.9,5.8,,
2020,14508,2020-11-07 15:00:00,premier,Crystal Palace,Leeds,4,1,1.30169,0.847913,7.8,4.8,,
2020,14507,2020-11-07 17:30:00,premier,Chelsea,Sheffield United,4,1,2.87622,0.743967,7.1,7.2,,
2020,14514,2020-11-07 20:00:00,premier,West Ham,Fulham,1,0,1.42614,1.84922,7.1,5.1,,
2020,14513,2020-11-08 12:00:00,premier,West Bromwich Albion,Tottenham,0,1,0.799352,1.87063,5.8,6.7,,
2020,14510,2020-11-08 14:00:00,premier,Leicester,Wolverhampton Wanderers,1,0,2.0545,0.57936,5.8,8.8,,
2020,14511,2020-11-08 16:30:00,premier,Manchester City,Liverpool,1,1,1.58487,1.18789,8.2,8.0,,
2020,14505,2020-11-08 19:15:00,premier,Arsenal,Aston Villa,0,3,1.39037,1.98553,7.1,7.3,,
2020,14521,2020-11-21 12:30:00,premier,Newcastle United,Chelsea,0,2,0.368286,1.81923,14.7,13.8,,
2020,14515,2020-11-21 15:00:00,premier,Aston Villa,Brighton,1,2,1.76514,1.50038,12.8,14.9,,
2020,14523,2020-11-21 17:30:00,premier,Tottenham,Manchester City,2,0,0.761142,1.66325,13.2,13.0,,
2020,14520,2020-11-21 20:00:00,premier,Manchester United,West Bromwich Albion,1,0,2.42994,0.438646,14.3,13.3,,
2020,14517,2020-11-22 12:00:00,premier,Fulham,Everton,2,3,1.87028,2.2508,14.7,15.0,,
2020,14522,2020-11-22 14:00:00,premier,Sheffield United,West Ham,0,1,0.692374,2.1142,14.9,14.8,,
2020,14518,2020-11-22 16:30:00,premier,Leeds,Arsenal,0,0,1.9617,0.710778,15.1,13.9,,
2020,14519,2020-11-22 19:15:00,premier,Liverpool,Leicester,3,0,3.77245,1.98397,14.1,14.2,,
2020,14516,2020-11-23 17:30:00,premier,Burnley,Crystal Palace,1,0,1.75343,1.28331,17.0,16.1,,
2020,14524,2020-11-23 20:00:00,premier,Wolverhampton Wanderers,Southampton,1,1,1.57479,1.0785,15.2,17.0,,
2020,14530,2020-11-27 20:00:00,premier,Crystal Palace,Newcastle United,0,2,0.534893,1.27929,4.1,6.3,,
2020,14528,2020-11-28 12:30:00,premier,Brighton,Liverpool,1,1,2.30722,0.28109,6.9,5.7,,
2020,14533,2020-11-28 15:00:00,premier,Manchester City,Burnley,5,0,2.26129,0.419877,6.9,4.9,,
2020,14531,2020-11-28 17:30:00,premier,Everton,Leeds,0,1,1.29229,3.11324,6.2,6.0,,
2020,14527,2020-11-28 20:00:00,premier,West Bromwich Albion,Sheffield United,1,0,1.71644,3.36544,7.0,6.2,,
2020,14534,2020-11-29 14:00:00,premier,Southampton,Manchester United,2,3,0.498783,2.47547,5.8,7.8,,
2020,14529,2020-11-29 16:30:00,premier,Chelsea,Tottenham,0,0,0.974755,0.22689,8.2,8.0,,
2020,14525,2020-11-29 19:15:00,premier,Arsenal,Wolverhampton Wanderers,1,2,1.1185,2.0069,7.1,6.0,,
2020,14532,2020-11-30 17:30:00,premier,Leicester,Fulham,1,2,1.27814,2.03719,7.9,8.2,,
2020,14526,2020-11-30 20:00:00,premier,West Ham,Aston Villa,2,1,0.571633,2.39051,8.2,9.2,,
2020,14537,2020-12-05 12:30:00,premier,Burnley,Everton,1,1,0.730434,2.28139,6.9,6.8,,
2020,14540,2020-12-05 15:00:00,premier,Manchester City,Fulham,2,0,3.26328,0.287444,7.0,4.9,,
2020,14544,2020-12-05 17:30:00,premier,West Ham,Manchester United,1,3,2.53006,1.78708,4.9,6.1,,
2020,14538,2020-12-05 20:00:00,premier,Chelsea,Leeds,3,1,4.89472,1.0277,6.1,7.1,,
2020,14543,2020-12-06 12:00:00,premier,West Bromwich Albion,Crystal Palace,1,5,0.567234,1.68656,7.7,8.7,,
2020,14541,2020-12-06 14:15:00,premier,Sheffield United,Leicester,1,2,0.290743,1.3904,7.8,5.9,,
2020,14542,2020-12-06 16:30:00,premier,Tottenham,Arsenal,2,0,0.390629,0.595216,7.0,6.9,,
2020,14539,2020-12-06 19:15:00,premier,Liverpool,Wolverhampton Wanderers,4,0,1.59454,0.357753,8.3,7.0,,
2020,14536,2020-12-07 20:00:00,premier,Brighton,Southampton,1,2,2.03376,1.34801,9.3,8.2,,
2020,14548,2020-12-11 20:00:00,premier,Leeds,West Ham,1,2,1.56644,1.7851,6.0,6.1,,
2020,14552,2020-12-12 12:30:00,premier,Wolverhampton Wanderers,Aston Villa,0,1,1.1356,1.26872,5.7,11.7,,
2020,14550,2020-12-12 15:00:00,premier,Newcastle United,West Bromwich Albion,2,1,0.904163,0.57319,14.8,6.1,,
2020,14549,2020-12-12 17:30:00,premier,Manchester United,Manchester City,0,0,0.591617,1.28434,7.0,7.1,,
2020,14546,2020-12-12 20:00:00,premier,Everton,Chelsea,1,0,1.2216,1.00627,7.3,7.0,,
2020,14551,2020-12-13 12:00:00,premier,Southampton,Sheffield United,3,0,2.27973,0.219115,5.7,6.9,,
2020,14545,2020-12-13 14:15:00,premier,Crystal Palace,Tottenham,1,1,1.84443,1.40792,7.1,6.9,,
2020,14547,2020-12-13 16:30:00,premier,Fulham,Liverpool,1,1,1.72509,1.82445,8.1,6.9,,
2020,14553,2020-12-13 19:15:00,premier,Leicester,Brighton,3,0,1.64351,0.791673,7.2,6.0,,
2020,14554,2020-12-13 19:15:00,premier,Arsenal,Burnley,0,1,1.85362,0.815375,7.1,8.3,,
2020,14562,2020-12-15 18:00:00,premier,Wolverhampton Wanderers,Chelsea,2,1,0.683783,1.56772,3.2,2.9,,
2020,14564,2020-12-15 20:00:00,premier,Manchester City,West Bromwich Albion,1,1,2.58593,0.210243,3.1,3.2,,
2020,14555,2020-12-16 18:00:00,premier,Arsenal,Southampton,1,1,0.661135,1.11296,2.9,3.2,,
2020,14558,2020-12-16 18:00:00,premier,Leeds,Newcastle United,5,2,2.95137,1.44437,4.9,4.1,,
2020,14559,2020-12-16 18:00:00,premier,Leicester,Everton,0,2,0.83883,1.51486,2.9,3.9,,
2020,14557,2020-12-16 20:00:00,premier,Fulham,Brighton,0,0,1.00448,0.462456,3.1,3.0,,
2020,14561,2020-12-16 20:00:00,premier,West Ham,Crystal Palace,1,1,0.449469,1.09108,5.0,3.2,,
2020,14563,2020-12-16 20:00:00,premier,Liverpool,Tottenham,2,1,1.21783,1.5161,3.1,3.2,,
2020,14556,2020-12-17 18:00:00,premier,Aston Villa,Burnley,0,0,1.81142,0.316737,5.2,3.9,,
2020,14560,2020-12-17 20:00:00,premier,Sheffield United,Manchester United,2,3,1.23525,1.78667,4.3,5.1,,
2020,14568,2020-12-19 12:30:00,premier,Crystal Palace,Liverpool,0,7,0.489318,2.86902,2.7,2.7,,
2020,14572,2020-12-19 15:00:00,premier,Southampton,Manchester City,0,1,0.586972,1.15599,2.9,3.8,,
2020,14569,2020-12-19 17:30:00,premier,Everton,Arsenal,2,1,0.661744,1.25206,3.0,3.0,,
2020,14571,2020-12-19 20:00:00,premier,Newcastle United,Fulham,1,1,1.26725,1.10645,3.1,3.0,,
2020,14565,2020-12-20 12:00:00,premier,Brighton,Sheffield United,1,1,2.90097,1.03713,3.7,2.7,,
2020,14573,2020-12-20 14:15:00,premier,Tottenham,Leicester,0,2,0.945932,1.74772,3.8,3.8,,
2020,14570,2020-12-20 16:30:00,premier,Manchester United,Leeds,6,2,4.77743,1.63467,2.9,3.9,,
2020,14574,2020-12-20 19:15:00,premier,West Bromwich Albion,Aston Villa,0,3,0.0388442,2.61964,5.0,3.1,,
2020,14566,2020-12-21 17:30:00,premier,Burnley,Wolverhampton Wanderers,2,1,1.20465,1.45722,4.0,6.0,,
2020,14567,2020-12-21 20:00:00,premier,Chelsea,West Ham,3,0,2.41157,0.277737,6.1,5.0,,
2020,14579,2020-12-26 12:30:00,premier,Leicester,Manchester United,2,2,1.0396,2.08423,5.9,5.8,,
2020,14576,2020-12-26 15:00:00,premier,Aston Villa,Crystal Palace,3,0,4.58214,0.849086,5.8,7.1,,
2020,14577,2020-12-26 15:00:00,premier,Fulham,Southampton,0,0,0.781855,0.119709,6.8,7.0,,
2020,14575,2020-12-26 17:30:00,premier,Arsenal,Chelsea,3,1,1.94485,2.25414,7.0,4.9,,
2020,14581,2020-12-26 20:00:00,premier,Manchester City,Newcastle United,2,0,3.19575,0.200953,7.2,7.0,,
2020,14582,2020-12-26 20:00:00,premier,Sheffield United,Everton,0,1,1.25106,0.568803,6.3,7.1,,
2020,14578,2020-12-27 12:00:00,premier,Leeds,Burnley,1,0,2.13271,1.54591,6.8,5.8,,
2020,14583,2020-12-27 14:15:00,premier,West Ham,Brighton,2,2,1.38877,1.50551,5.8,7.1,,
2020,14580,2020-12-27 16:30:00,premier,Liverpool,West Bromwich Albion,1,1,1.45485,0.739845,8.2,6.9,,
2020,14584,2020-12-27 19:15:00,premier,Wolverhampton Wanderers,Tottenham,1,1,0.742598,0.408109,6.1,7.2,,
2020,14594,2020-12-28 15:00:00,premier,Crystal Palace,Leicester,1,1,0.321348,1.72132,2.0,2.1,,
2020,14586,2020-12-28 17:30:00,premier,Chelsea,Aston Villa,1,1,1.53701,0.730859,2.0,2.1,,
2020,14585,2020-12-29 18:00:00,premier,Brighton,Arsenal,0,1,0.799368,1.31394,2.2,3.0,,
2020,14587,2020-12-29 18:00:00,premier,Burnley,Sheffield United,1,0,0.973831,0.492578,2.2,2.9,,
2020,14588,2020-12-29 18:00:00,premier,Southampton,West Ham,0,0,0.670996,1.07246,3.1,2.2,,
2020,14590,2020-12-29 18:00:00,premier,West Bromwich Albion,Leeds,0,5,0.43551,1.54225,2.1,2.2,,
2020,14592,2020-12-29 20:00:00,premier,Manchester United,Wolverhampton Wanderers,1,0,1.48207,0.411046,3.3,2.0,,
2020,14591,2020-12-30 20:00:00,premier,Newcastle United,Liverpool,0,0,0.817935,1.32047,4.0,3.1,,
2020,14595,2021-01-01 17:30:00,premier,Everton,West Ham,0,1,0.371045,1.19713,5.9,3.0,,
2020,14596,2021-01-01 20:00:00,premier,Manchester United,Aston Villa,2,1,2.46473,1.56434,3.0,4.1,,
2020,14599,2021-01-02 12:30:00,premier,Tottenham,Leeds,3,0,2.5286,1.15626,5.7,3.8,,
2020,14604,2021-01-02 15:00:00,premier,Crystal Palace,Sheffield United,2,0,0.598888,0.323158,5.0,3.9,,
2020,14601,2021-01-02 17:30:00,premier,Brighton,Wolverhampton Wanderers,3,3,2.4228,1.81856,4.0,3.9,,
2020,14600,2021-01-02 20:00:00,premier,West Bromwich Albion,Arsenal,0,4,0.869874,4.03429,4.1,4.1,,
2020,14597,2021-01-03 14:15:00,premier,Newcastle United,Leicester,1,2,0.264584,0.702081,3.8,6.0,,
2020,14603,2021-01-03 16:30:00,premier,Chelsea,Manchester City,1,3,0.691013,3.18063,6.0,7.9,,
2020,14598,2021-01-04 20:00:00,premier,Southampton,Liverpool,1,0,0.500436,1.37204,6.1,5.0,,
2020,14610,2021-01-12 18:00:00,premier,Sheffield United,Newcastle United,1,0,2.01315,1.04745,10.1,9.2,,
2020,14612,2021-01-12 20:15:00,premier,Wolverhampton Wanderers,Everton,1,2,0.852495,0.323445,10.1,11.1,,
2020,14088,2021-01-12 22:15:00,premier,Burnley,Manchester United,0,1,0.648582,1.23996,14.2,11.1,,
2020,14614,2021-01-13 18:00:00,premier,Manchester City,Brighton,1,0,2.90855,0.177084,10.1,11.0,,
2020,14589,2021-01-13 20:00:00,premier,Tottenham,Fulham,1,1,3.14372,1.05329,11.3,18.2,,
2020,14605,2021-01-14 20:00:00,premier,Arsenal,Crystal Palace,0,0,0.368554,0.709634,12.0,12.2,,
2020,14624,2021-01-16 12:30:00,premier,Wolverhampton Wanderers,West Bromwich Albion,2,3,1.94358,2.46332,3.7,13.7,,
2020,14618,2021-01-16 15:00:00,premier,Leeds,Brighton,0,1,0.245193,1.14424,14.1,2.9,,
2020,14623,2021-01-16 15:00:00,premier,West Ham,Burnley,1,0,1.73397,0.395668,14.9,3.7,,
2020,14617,2021-01-16 17:30:00,premier,Fulham,Chelsea,0,1,0.46126,1.37939,2.9,13.0,,
2020,14619,2021-01-16 20:00:00,premier,Leicester,Southampton,2,0,2.12019,0.378147,13.2,12.0,,
2020,14622,2021-01-17 14:00:00,premier,Sheffield United,Tottenham,1,3,0.978133,1.28385,4.8,3.8,,
2020,14620,2021-01-17 16:30:00,premier,Liverpool,Manchester United,0,0,1.20205,1.18929,12.9,4.8,,
2020,14621,2021-01-17 19:15:00,premier,Manchester City,Crystal Palace,4,0,0.961088,0.0515836,4.1,3.0,,
2020,14615,2021-01-18 20:00:00,premier,Arsenal,Newcastle United,3,0,2.30744,0.168796,4.0,6.1,,
2020,14611,2021-01-19 18:00:00,premier,West Ham,West Bromwich Albion,2,1,2.17512,0.464091,3.1,3.2,,
2020,14609,2021-01-19 20:15:00,premier,Leicester,Chelsea,2,0,1.1449,0.615727,3.0,3.1,,
2020,14089,2021-01-20 20:00:00,premier,Manchester City,Aston Villa,2,0,3.34385,0.601768,3.0,19.0,,
2020,14607,2021-01-20 20:15:00,premier,Fulham,Manchester United,1,2,0.753669,1.68401,4.1,3.2,,
2020,14613,2021-01-21 20:00:00,premier,Liverpool,Burnley,0,1,1.64907,1.08059,4.1,5.2,,
2020,14535,2021-01-23 20:00:00,premier,Aston Villa,Newcastle United,2,0,2.6026,0.400364,3.0,5.0,,
2020,14631,2021-01-26 18:00:00,premier,Newcastle United,Leeds,1,2,1.1364,0.785914,2.9,10.1,,
2020,14634,2021-01-26 18:00:00,premier,Crystal Palace,West Ham,2,3,0.629033,3.30321,8.9,7.0,,
2020,14629,2021-01-26 20:15:00,premier,West Bromwich Albion,Manchester City,0,5,0.568258,2.24838,7.1,6.0,,
2020,14632,2021-01-26 20:15:00,premier,Southampton,Arsenal,1,3,0.99504,2.4339,10.0,8.0,,
2020,14626,2021-01-27 18:00:00,premier,Burnley,Aston Villa,3,2,0.717681,2.70718,5.9,3.9,,
2020,14630,2021-01-27 18:00:00,premier,Chelsea,Wolverhampton Wanderers,0,0,0.663324,0.63192,7.9,11.2,,
2020,14625,2021-01-27 19:30:00,premier,Brighton,Fulham,0,0,2.29129,0.513226,11.2,7.0,,
2020,14627,2021-01-27 20:15:00,premier,Everton,Leicester,1,1,0.474981,0.792045,15.0,8.0,,
2020,14628,2021-01-27 20:15:00,premier,Manchester United,Sheffield United,1,2,0.9931,0.689548,7.0,10.3,,
2020,14633,2021-01-28 20:00:00,premier,Tottenham,Liverpool,1,3,0.104586,2.58798,11.2,7.0,,
2020,14644,2021-01-30 12:30:00,premier,Everton,Newcastle United,0,2,0.966012,2.08832,2.7,3.8,,
2020,14638,2021-01-30 15:00:00,premier,Crystal Palace,Wolverhampton Wanderers,1,0,1.36877,0.450907,3.9,2.9,,
2020,14640,2021-01-30 15:00:00,premier,West Bromwich Albion,Fulham,2,2,0.994664,1.52044,3.8,2.8,,
2020,14642,2021-01-30 15:00:00,premier,Manchester City,Sheffield United,1,0,1.53116,0.154537,3.8,2.8,,
2020,14635,2021-01-30 17:30:00,premier,Arsenal,Manchester United,0,0,0.747166,1.51332,3.9,2.9,,
2020,14641,2021-01-30 20:00:00,premier,Southampton,Aston Villa,0,1,2.22557,0.795508,4.0,3.1,,
2020,14637,2021-01-31 12:00:00,premier,Chelsea,Burnley,2,0,1.4405,0.390714,3.8,3.8,,
2020,14643,2021-01-31 14:00:00,premier,Leicester,Leeds,1,3,1.73432,1.8141,3.7,4.8,,
2020,14639,2021-01-31 16:30:00,premier,West Ham,Liverpool,1,3,0.883061,2.05809,4.9,2.9,,
2020,14636,2021-01-31 19:15:00,premier,Brighton,Tottenham,1,0,1.77386,0.372524,4.0,3.0,,
2020,14649,2021-02-02 18:00:00,premier,Sheffield United,West Bromwich Albion,2,1,1.35804,1.61871,3.1,3.1,,
2020,14650,2021-02-02 18:00:00,premier,Wolverhampton Wanderers,Arsenal,2,1,1.56162,0.716265,3.1,3.0,,
2020,14651,2021-02-02 20:15:00,premier,Manchester United,Southampton,9,0,5.0325,0.507893,3.1,3.0,,
2020,14652,2021-02-02 20:15:00,premier,Newcastle United,Crystal Palace,1,2,1.90755,0.809312,3.3,3.2,,
2020,14646,2021-02-03 18:00:00,premier,Burnley,Manchester City,0,2,0.0489155,2.12153,3.2,4.1,,
2020,14647,2021-02-03 18:00:00,premier,Fulham,Leicester,0,2,0.731288,1.71299,4.1,3.2,,
2020,14648,2021-02-03 19:30:00,premier,Leeds,Everton,1,2,1.14303,1.91539,3.2,4.3,,
2020,14645,2021-02-03 20:15:00,premier,Aston Villa,West Ham,1,3,0.741154,1.79064,4.0,3.2,,
2020,14654,2021-02-03 20:15:00,premier,Liverpool,Brighton,0,1,1.09518,1.18977,3.2,3.0,,
2020,14653,2021-02-04 20:00:00,premier,Tottenham,Chelsea,0,1,0.569446,2.393,4.0,4.3,,
2020,14655,2021-02-06 12:30:00,premier,Aston Villa,Arsenal,1,0,1.19792,0.679649,2.7,3.8,,
2020,14656,2021-02-06 15:00:00,premier,Burnley,Brighton,1,1,1.88934,0.612682,2.9,2.8,,
2020,14661,2021-02-06 15:00:00,premier,Newcastle United,Southampton,3,2,0.910553,1.43445,3.8,3.8,,
2020,14657,2021-02-06 17:30:00,premier,Fulham,West Ham,0,0,1.60884,0.943539,3.0,2.9,,
2020,14660,2021-02-06 20:00:00,premier,Manchester United,Everton,3,3,1.71769,1.5571,4.0,3.0,,
2020,14663,2021-02-07 12:00:00,premier,Tottenham,West Bromwich Albion,2,0,1.92997,0.698686,2.7,4.8,,
2020,14664,2021-02-07 14:00:00,premier,Wolverhampton Wanderers,Leicester,0,0,1.35506,0.632232,4.8,3.8,,
2020,14659,2021-02-07 16:30:00,premier,Liverpool,Manchester City,1,4,1.17728,3.55196,3.8,3.9,,
2020,14662,2021-02-07 19:15:00,premier,Sheffield United,Chelsea,1,2,0.623045,1.64144,5.1,3.0,,
2020,14658,2021-02-08 20:00:00,premier,Leeds,Crystal Palace,2,0,2.64769,0.370278,5.0,6.0,,
2020,14670,2021-02-13 12:30:00,premier,Leicester,Liverpool,3,1,2.07383,1.68325,5.9,5.8,,
2020,14668,2021-02-13 15:00:00,premier,Crystal Palace,Burnley,0,3,0.645616,1.95502,4.8,7.0,,
2020,14671,2021-02-13 17:30:00,premier,Manchester City,Tottenham,3,0,2.46219,0.4235,6.0,6.2,,
2020,14666,2021-02-13 20:00:00,premier,Brighton,Aston Villa,0,0,2.33232,0.144036,7.2,7.3,,
2020,14672,2021-02-14 12:00:00,premier,Southampton,Wolverhampton Wanderers,1,2,0.8536,1.09361,7.9,6.9,,
2020,14673,2021-02-14 14:00:00,premier,West Bromwich Albion,Manchester United,1,1,0.945964,0.423885,7.1,7.8,,
2020,14665,2021-02-14 16:30:00,premier,Arsenal,Leeds,4,2,2.50614,0.77074,8.2,5.9,,
2020,14669,2021-02-14 19:00:00,premier,Everton,Fulham,0,2,0.314075,2.55085,8.0,8.1,,
2020,14674,2021-02-15 18:00:00,premier,West Ham,Sheffield United,3,0,2.32735,0.926652,9.0,7.9,,
2020,14667,2021-02-15 20:00:00,premier,Chelsea,Newcastle United,2,0,2.5428,0.432603,8.0,9.2,,
2020,14602,2021-02-17 18:00:00,premier,Burnley,Fulham,1,1,1.20642,0.594471,4.1,3.0,,
2020,14593,2021-02-17 20:15:00,premier,Everton,Manchester City,1,3,1.04664,1.23218,3.1,4.1,,
2020,14684,2021-02-19 20:00:00,premier,Wolverhampton Wanderers,Leeds,1,0,0.592049,2.4793,5.3,5.1,,
2020,14682,2021-02-20 12:30:00,premier,Southampton,Chelsea,1,1,0.496603,1.44849,6.0,4.7,,
2020,14678,2021-02-20 15:00:00,premier,Burnley,West Bromwich Albion,0,0,0.535153,1.71922,2.9,6.0,,
2020,14680,2021-02-20 17:30:00,premier,Liverpool,Everton,0,2,1.54046,2.01468,7.2,2.9,,
2020,14679,2021-02-20 20:00:00,premier,Fulham,Sheffield United,1,0,1.21006,0.977747,3.1,5.1,,
2020,14683,2021-02-21 12:00:00,premier,West Ham,Tottenham,2,1,1.09246,0.770706,5.8,7.8,,
2020,14676,2021-02-21 14:00:00,premier,Aston Villa,Leicester,1,2,1.7084,1.23852,7.8,8.1,,
2020,14675,2021-02-21 16:30:00,premier,Arsenal,Manchester City,0,1,0.331188,2.08868,7.0,3.8,,
2020,14681,2021-02-21 19:00:00,premier,Manchester United,Newcastle United,3,1,1.7256,0.341778,7.2,6.0,,
2020,14677,2021-02-22 20:00:00,premier,Brighton,Crystal Palace,1,2,2.59204,0.179886,9.0,9.2,,
2020,14608,2021-02-23 20:00:00,premier,Leeds,Southampton,3,0,1.84753,1.47981,4.0,3.3,,
2020,14689,2021-02-27 12:30:00,premier,Manchester City,West Ham,2,1,0.760574,1.92892,5.8,6.0,,
2020,14692,2021-02-27 15:00:00,premier,West Bromwich Albion,Brighton,1,0,0.687091,3.12111,7.0,4.8,,
2020,14691,2021-02-27 17:30:00,premier,Leeds,Aston Villa,0,1,1.00106,0.876255,3.9,6.1,,
2020,14688,2021-02-27 20:00:00,premier,Newcastle United,Wolverhampton Wanderers,1,1,1.9519,1.27827,6.0,8.0,,
2020,14687,2021-02-28 12:00:00,premier,Crystal Palace,Fulham,0,0,0.0880148,0.813134,5.7,7.7,,
2020,14690,2021-02-28 12:00:00,premier,Leicester,Arsenal,1,3,0.533575,2.1065,6.9,6.8,,
2020,14693,2021-02-28 14:00:00,premier,Tottenham,Burnley,4,0,2.35788,0.603212,7.1,8.0,,
2020,14685,2021-02-28 16:30:00,premier,Chelsea,Manchester United,0,0,1.17294,0.35954,8.2,6.9,,
2020,14694,2021-02-28 19:15:00,premier,Sheffield United,Liverpool,0,2,0.777149,2.80551,8.0,8.1,,
2020,14686,2021-03-01 20:00:00,premier,Everton,Southampton,1,0,1.42054,0.665743,9.1,6.0,,
2020,14720,2021-03-02 20:00:00,premier,Manchester City,Wolverhampton Wanderers,4,1,3.26196,0.318824,3.3,3.0,,
2020,14716,2021-03-03 18:00:00,premier,Burnley,Leicester,1,1,1.26793,1.24109,3.2,3.2,,
2020,14721,2021-03-03 18:00:00,premier,Sheffield United,Aston Villa,1,0,0.716254,1.44176,2.9,4.0,,
2020,14717,2021-03-03 20:15:00,premier,Crystal Palace,Manchester United,0,0,0.742397,0.584016,3.3,3.2,,
2020,14723,2021-03-04 18:00:00,premier,West Bromwich Albion,Everton,0,1,1.02038,1.40789,5.1,2.9,,
2020,14757,2021-03-04 18:00:00,premier,Fulham,Tottenham,0,1,1.1715,1.5519,4.2,4.2,,
2020,14719,2021-03-04 20:15:00,premier,Liverpool,Chelsea,0,1,0.247034,1.22635,4.0,4.2,,
2020,14697,2021-03-06 12:30:00,premier,Burnley,Arsenal,1,1,1.10374,2.53692,2.8,6.0,,
2020,14701,2021-03-06 15:00:00,premier,Sheffield United,Southampton,0,2,0.908155,2.37386,2.9,4.8,,
2020,14695,2021-03-06 17:30:00,premier,Aston Villa,Wolverhampton Wanderers,0,0,0.956392,2.15087,3.0,3.9,,
2020,14696,2021-03-06 20:00:00,premier,Brighton,Leicester,1,2,0.75471,1.03801,7.2,3.1,,
2020,14703,2021-03-07 12:00:00,premier,West Bromwich Albion,Newcastle United,0,0,1.46503,0.454577,2.8,7.7,,
2020,14699,2021-03-07 14:00:00,premier,Liverpool,Fulham,0,1,0.701764,1.37047,2.7,2.8,,
2020,14700,2021-03-07 16:30:00,premier,Manchester City,Manchester United,0,2,1.27561,2.11411,4.9,3.8,,
2020,14702,2021-03-07 19:15:00,premier,Tottenham,Crystal Palace,4,1,2.24159,0.559383,3.1,4.0,,
2020,14698,2021-03-08 18:00:00,premier,Chelsea,Everton,2,0,2.57224,0.270757,3.9,4.0,,
2020,14704,2021-03-08 20:00:00,premier,West Ham,Leeds,2,0,2.37556,1.34971,9.3,9.1,,
2020,14761,2021-03-10 18:00:00,premier,Manchester City,Southampton,5,2,3.10503,1.60561,3.1,4.1,,
2020,14712,2021-03-12 20:00:00,premier,Newcastle United,Aston Villa,1,1,0.873171,0.748665,5.3,6.1,,
2020,14709,2021-03-13 12:30:00,premier,Leeds,Chelsea,0,0,0.382957,0.971054,4.7,4.8,,
2020,14706,2021-03-13 15:00:00,premier,Crystal Palace,West Bromwich Albion,1,0,1.30694,0.513439,5.8,6.1,,
2020,14707,2021-03-13 17:30:00,premier,Everton,Burnley,1,2,1.69849,0.74852,5.0,7.2,,
2020,14708,2021-03-13 20:00:00,premier,Fulham,Manchester City,0,3,0.449499,2.72578,6.2,3.1,,
2020,14713,2021-03-14 12:00:00,premier,Southampton,Brighton,1,2,1.03495,0.895967,3.8,7.7,,
2020,14710,2021-03-14 14:00:00,premier,Leicester,Sheffield United,5,0,4.54571,0.0934777,7.8,8.0,,
2020,14705,2021-03-14 16:30:00,premier,Arsenal,Tottenham,2,1,1.56529,0.705566,8.2,6.9,,
2020,14711,2021-03-14 19:15:00,premier,Manchester United,West Ham,1,0,1.70128,0.463737,7.1,6.0,,
2020,14714,2021-03-15 20:00:00,premier,Wolverhampton Wanderers,Liverpool,0,1,1.29175,1.0552,9.1,8.2,,
2020,14718,2021-03-19 20:00:00,premier,Fulham,Leeds,1,2,1.47498,1.40706,6.0,6.3,,
2020,14715,2021-03-20 20:00:00,premier,Brighton,Newcastle United,3,0,0.951921,0.100945,6.3,8.0,,
2020,14724,2021-03-21 15:00:00,premier,West Ham,Arsenal,3,3,2.50629,1.35217,6.8,6.9,,
2020,14606,2021-03-21 19:30:00,premier,Aston Villa,Tottenham,0,2,0.439681,1.72011,9.0,7.1,,
2020,14727,2021-04-03 11:30:00,premier,Chelsea,West Bromwich Albion,2,5,2.55917,1.38315,21.0,20.9,,
2020,14729,2021-04-03 14:00:00,premier,Leeds,Sheffield United,2,1,2.50597,0.867652,14.8,20.0,,
2020,14730,2021-04-03 16:30:00,premier,Leicester,Manchester City,0,2,0.284781,1.98438,20.1,20.9,,
2020,14725,2021-04-03 19:00:00,premier,Arsenal,Liverpool,0,3,0.161161,2.43732,13.2,19.0,,
2020,14733,2021-04-04 11:00:00,premier,Southampton,Burnley,3,2,2.40272,1.50285,21.0,21.7,,
2020,14732,2021-04-04 13:05:00,premier,Newcastle United,Tottenham,2,2,3.30098,2.43683,14.7,13.7,,
2020,14726,2021-04-04 15:30:00,premier,Aston Villa,Fulham,3,1,1.52229,1.52172,13.8,15.8,,
2020,14731,2021-04-04 18:30:00,premier,Manchester United,Brighton,2,1,1.73474,1.41071,21.0,14.9,,
2020,14728,2021-04-05 17:00:00,premier,Everton,Crystal Palace,1,1,2.53386,0.603749,23.0,23.1,,
2020,14734,2021-04-05 19:15:00,premier,Wolverhampton Wanderers,West Ham,2,3,1.95649,1.59694,21.0,15.2,,
2020,14738,2021-04-09 19:00:00,premier,Fulham,Wolverhampton Wanderers,0,1,0.733154,0.428134,5.1,4.0,,
2020,14740,2021-04-10 11:30:00,premier,Manchester City,Leeds,1,2,1.98825,0.17525,6.8,6.9,,
2020,14739,2021-04-10 14:00:00,premier,Liverpool,Aston Villa,2,1,2.14592,0.760621,6.8,5.9,,
2020,14737,2021-04-10 16:30:00,premier,Crystal Palace,Chelsea,1,4,0.602167,3.85472,5.0,7.2,,
2020,14736,2021-04-11 11:00:00,premier,Burnley,Newcastle United,1,2,1.84262,1.34279,7.0,6.9,,
2020,14744,2021-04-11 13:05:00,premier,West Ham,Leicester,3,2,1.02408,1.17188,5.7,7.9,,
2020,14742,2021-04-11 15:30:00,premier,Tottenham,Manchester United,1,3,0.921801,2.09737,7.1,6.9,,
2020,14741,2021-04-11 18:00:00,premier,Sheffield United,Arsenal,0,3,0.315121,1.93838,8.2,8.0,,
2020,14743,2021-04-12 17:00:00,premier,West Bromwich Albion,Southampton,3,0,2.77089,1.5002,9.2,8.2,,
2020,14735,2021-04-12 19:15:00,premier,Brighton,Everton,0,0,1.16465,0.306287,8.0,7.1,,
2020,14748,2021-04-16 19:00:00,premier,Everton,Tottenham,2,2,2.26022,1.4815,4.0,5.1,,
2020,14752,2021-04-17 11:30:00,premier,Newcastle United,West Ham,3,2,2.4314,2.06741,6.0,5.9,,
2020,14754,2021-04-17 19:15:00,premier,Wolverhampton Wanderers,Sheffield United,1,0,1.22604,0.295925,8.0,6.1,,
2020,14745,2021-04-18 12:30:00,premier,Arsenal,Fulham,1,1,2.85573,0.839128,6.8,8.7,,
2020,14751,2021-04-18 15:00:00,premier,Manchester United,Burnley,3,1,2.87455,0.959804,7.0,7.2,,
2020,14749,2021-04-19 19:00:00,premier,Leeds,Liverpool,1,1,2.59719,1.60043,9.3,9.2,,
2020,14747,2021-04-20 19:00:00,premier,Chelsea,Brighton,0,0,0.807348,0.459568,10.1,8.0,,
2020,14722,2021-04-21 19:00:00,premier,Tottenham,Southampton,2,1,1.28824,1.06134,5.0,9.1,,
2020,14746,2021-04-21 19:15:00,premier,Aston Villa,Manchester City,1,2,0.801733,1.5634,11.2,11.3,,
2020,14750,2021-04-22 19:00:00,premier,Leicester,West Bromwich Albion,3,0,2.6712,0.277126,11.2,10.1,,
2020,14755,2021-04-23 19:00:00,premier,Arsenal,Everton,0,1,0.735767,0.529676,5.3,7.0,,
2020,14760,2021-04-24 11:30:00,premier,Liverpool,Newcastle United,1,1,2.84708,0.860694,4.7,7.0,,
2020,14763,2021-04-24 16:30:00,premier,West Ham,Chelsea,0,1,0.267123,2.52059,7.2,3.9,,
2020,14762,2021-04-24 19:00:00,premier,Sheffield United,Brighton,1,0,0.786324,2.06038,7.0,4.0,,
2020,14764,2021-04-25 11:00:00,premier,Wolverhampton Wanderers,Burnley,0,4,0.351673,2.24049,7.7,6.8,,
2020,14758,2021-04-25 13:00:00,premier,Leeds,Manchester United,0,0,0.216834,1.11635,5.8,6.9,,
2020,14756,2021-04-25 18:00:00,premier,Aston Villa,West Bromwich Albion,2,2,2.65394,1.56764,3.9,3.0,,
2020,14759,2021-04-26 19:00:00,premier,Leicester,Crystal Palace,2,1,1.23419,0.723112,4.0,16.1,,
2020,14772,2021-04-30 19:00:00,premier,Southampton,Leicester,1,1,0.954057,2.51518,9.0,4.0,,
2020,14768,2021-05-01 11:30:00,premier,Crystal Palace,Manchester City,0,2,0.361866,2.04443,4.7,9.7,,
2020,14765,2021-05-01 14:00:00,premier,Brighton,Leeds,2,0,2.52542,0.510874,6.8,6.0,,
2020,14767,2021-05-01 16:30:00,premier,Chelsea,Fulham,2,0,1.8433,0.290042,7.0,13.2,,
2020,14769,2021-05-01 19:00:00,premier,Everton,Aston Villa,1,2,1.223,1.58811,8.0,6.0,,
2020,14771,2021-05-02 13:00:00,premier,Newcastle United,Arsenal,0,2,0.172988,1.78751,8.1,8.8,,
2020,14773,2021-05-02 18:15:00,premier,Tottenham,Sheffield United,4,0,2.26016,0.469026,11.0,8.0,,
2020,14774,2021-05-03 17:00:00,premier,West Bromwich Albion,Wolverhampton Wanderers,1,1,1.07133,0.844138,8.0,8.2,,
2020,14766,2021-05-03 19:15:00,premier,Burnley,West Ham,1,2,1.68312,2.42477,8.3,9.1,,
2020,14779,2021-05-07 19:00:00,premier,Leicester,Newcastle United,2,4,2.315,2.87261,7.0,5.2,,
2020,14778,2021-05-08 11:30:00,premier,Leeds,Tottenham,3,1,2.55216,1.03384,6.9,5.7,,
2020,14782,2021-05-08 14:00:00,premier,Sheffield United,Crystal Palace,0,2,0.639325,2.25382,5.8,7.1,,
2020,14781,2021-05-08 16:30:00,premier,Manchester City,Chelsea,1,2,1.79168,0.619724,7.2,7.0,,
2020,14780,2021-05-08 19:15:00,premier,Liverpool,Southampton,2,0,2.26367,1.2289,14.3,8.0,,
2020,14784,2021-05-09 11:00:00,premier,Wolverhampton Wanderers,Brighton,2,1,1.1199,0.27571,5.8,7.9,,
2020,14776,2021-05-09 13:05:00,premier,Aston Villa,Manchester United,1,3,0.565472,1.88793,7.8,14.0,,
2020,14783,2021-05-09 15:30:00,premier,West Ham,Everton,0,1,1.09704,1.56222,5.8,7.9,,
2020,14775,2021-05-09 18:00:00,premier,Arsenal,West Bromwich Albion,3,1,1.07042,1.83076,7.2,6.0,,
2020,14777,2021-05-10 19:00:00,premier,Fulham,Burnley,0,2,0.778074,1.65831,9.1,7.0,,
2020,14788,2021-05-11 17:00:00,premier,Manchester United,Leicester,1,2,0.212874,0.991522,2.2,3.9,,
2020,14753,2021-05-11 21:00:00,premier,Southampton,Crystal Palace,3,1,1.58872,1.32586,3.1,3.3,,
2020,14790,2021-05-12 19:15:00,premier,Chelsea,Arsenal,0,1,1.56786,0.692043,4.1,3.1,,
2020,14770,2021-05-13 19:15:00,premier,Manchester United,Liverpool,2,4,1.71328,2.938,2.1,5.0,,
2020,14616,2021-05-13 21:00:00,premier,Aston Villa,Everton,0,0,0.558976,0.975408,4.3,4.2,,
2020,14791,2021-05-14 19:00:00,premier,Newcastle United,Manchester City,3,4,2.18312,1.477,7.0,6.1,,
2020,14786,2021-05-15 11:30:00,premier,Burnley,Leeds,0,4,1.41338,1.85654,4.7,7.0,,
2020,14792,2021-05-15 14:00:00,premier,Southampton,Fulham,3,1,2.29146,0.875957,3.7,4.8,,
2020,14785,2021-05-15 19:00:00,premier,Brighton,West Ham,1,1,0.922587,1.92378,6.3,6.1,,
2020,14794,2021-05-16 11:00:00,premier,Crystal Palace,Aston Villa,3,2,1.95285,1.2303,4.6,2.6,,
2020,14793,2021-05-16 13:05:00,premier,Tottenham,Wolverhampton Wanderers,2,0,3.13947,1.09206,8.1,7.1,,
2020,14789,2021-05-16 15:30:00,premier,West Bromwich Albion,Liverpool,1,2,1.14202,2.07854,6.9,2.8,,
2020,14787,2021-05-16 18:00:00,premier,Everton,Sheffield United,0,1,1.24609,1.391,2.9,8.2,,
2020,14800,2021-05-18 17:00:00,premier,Manchester United,Fulham,1,1,0.92243,0.872643,4.9,3.1,,
2020,14802,2021-05-18 17:00:00,premier,Southampton,Leeds,0,2,1.3084,1.58132,3.1,3.2,,
2020,14795,2021-05-18 18:00:00,premier,Brighton,Manchester City,3,2,1.22824,1.07139,3.0,4.0,,
2020,14797,2021-05-18 19:15:00,premier,Chelsea,Leicester,2,1,2.86149,0.832596,6.0,7.1,,
2020,14799,2021-05-19 17:00:00,premier,Everton,Wolverhampton Wanderers,1,0,0.670997,0.265526,3.0,3.2,,
2020,14801,2021-05-19 17:00:00,premier,Newcastle United,Sheffield United,1,0,1.82508,0.882242,4.9,3.0,,
2020,14803,2021-05-19 17:00:00,premier,Tottenham,Aston Villa,1,2,0.89279,1.63669,3.2,3.2,,
2020,14798,2021-05-19 18:00:00,premier,Crystal Palace,Arsenal,1,3,0.998377,1.7945,3.3,6.9,,
2020,14796,2021-05-19 19:15:00,premier,Burnley,Liverpool,0,3,0.837048,2.73316,4.3,3.2,,
2020,14804,2021-05-19 19:15:00,premier,West Bromwich Albion,West Ham,1,3,1.10741,3.56991,3.2,4.0,,
2020,14805,2021-05-23 15:00:00,premier,Arsenal,Brighton,2,0,0.772904,0.193968,3.9,4.9,,
2020,14806,2021-05-23 15:00:00,premier,Aston Villa,Chelsea,2,1,0.980413,3.43414,3.9,4.8,,
2020,14807,2021-05-23 15:00:00,premier,Fulham,Newcastle United,0,2,0.98902,1.60157,4.9,3.9,,
2020,14808,2021-05-23 15:00:00,premier,Leeds,West Bromwich Albion,3,1,2.49009,1.02209,4.9,3.8,,
2020,14809,2021-05-23 15:00:00,premier,Leicester,Tottenham,2,4,1.82554,1.85229,4.8,3.9,,
2020,14810,2021-05-23 15:00:00,premier,Liverpool,Crystal Palace,2,0,2.20348,0.772317,3.8,3.9,,
2020,14811,2021-05-23 15:00:00,premier,Manchester City,Everton,5,0,2.88355,1.07258,4.9,3.9,,
2020,14812,2021-05-23 15:00:00,premier,Sheffield United,Burnley,1,0,0.420006,0.558508,3.9,3.8,,
2020,14813,2021-05-23 15:00:00,premier,West Ham,Southampton,3,0,1.98344,1.35179,3.8,4.9,,
2020,14814,2021-05-23 15:00:00,premier,Wolverhampton Wanderers,Manchester United,1,2,0.701256,2.05229,3.9,4.9,,
2021,16376,2021-08-13 19:00:00,premier,Brentford,Arsenal,2,0,1.88818,1.02385,14.0,60.0,,
2021,16377,2021-08-14 11:30:00,premier,Manchester United,Leeds,5,1,1.64248,0.568342,60.0,60.0,,
2021,16378,2021-08-14 14:00:00,premier,Burnley,Brighton,1,2,1.79548,1.6853,60.0,60.0,,
2021,16379,2021-08-14 14:00:00,premier,Chelsea,Crystal Palace,3,0,1.18709,0.321701,60.0,60.0,,
2021,16380,2021-08-14 14:00:00,premier,Everton,Southampton,3,1,2.38863,0.580601,60.0,60.0,,
2021,16381,2021-08-14 14:00:00,premier,Leicester,Wolverhampton Wanderers,1,0,0.668082,1.32714,60.0,60.0,,
2021,16382,2021-08-14 14:00:00,premier,Watford,Aston Villa,3,2,1.35036,1.13718,60.0,60.0,,
2021,16383,2021-08-14 16:30:00,premier,Norwich,Liverpool,0,3,1.3333,1.78728,60.0,60.0,,
2021,16384,2021-08-15 13:00:00,premier,Newcastle United,West Ham,2,4,1.67926,3.00939,60.0,60.0,,
2021,16385,2021-08-15 15:30:00,premier,Tottenham,Manchester City,1,0,1.06014,2.10585,60.0,60.0,,
2021,16386,2021-08-21 11:30:00,premier,Liverpool,Burnley,2,0,2.63945,0.690464,6.8,6.9,,
2021,16387,2021-08-21 14:00:00,premier,Manchester City,Norwich,5,0,2.43928,0.0250088,5.9,6.9,,
2021,16388,2021-08-21 14:00:00,premier,Aston Villa,Newcastle United,2,0,1.18426,0.63163,7.0,6.0,,
2021,16389,2021-08-21 14:00:00,premier,Crystal Palace,Brentford,0,0,0.606313,0.712439,7.0,7.8,,
2021,16390,2021-08-21 14:00:00,premier,Leeds,Everton,2,2,0.966093,1.85713,7.1,7.0,,
2021,16391,2021-08-21 16:30:00,premier,Brighton,Watford,2,0,1.77896,0.407224,7.1,7.1,,
2021,16392,2021-08-22 13:00:00,premier,Southampton,Manchester United,1,1,0.587526,2.26173,8.0,8.1,,
2021,16393,2021-08-22 13:00:00,premier,Wolverhampton Wanderers,Tottenham,0,1,1.51127,1.72636,8.0,6.9,,
2021,16394,2021-08-22 15:30:00,premier,Arsenal,Chelsea,0,2,0.630099,3.64132,8.9,8.1,,
2021,16395,2021-08-23 19:00:00,premier,West Ham,Leicester,4,1,2.28613,0.62676,8.2,9.2,,
2021,16396,2021-08-28 11:30:00,premier,Manchester City,Arsenal,5,0,4.47273,0.116805,6.9,5.8,,
2021,16397,2021-08-28 14:00:00,premier,Newcastle United,Southampton,2,2,1.19077,3.46036,7.0,6.0,,
2021,16398,2021-08-28 14:00:00,premier,Norwich,Leicester,1,2,1.44084,1.27371,7.0,4.8,,
2021,16399,2021-08-28 14:00:00,premier,Aston Villa,Brentford,1,1,0.431464,1.13312,7.0,7.0,,
2021,16400,2021-08-28 14:00:00,premier,Brighton,Everton,0,2,0.701622,1.54868,6.9,7.0,,
2021,16401,2021-08-28 14:00:00,premier,West Ham,Crystal Palace,2,2,1.44748,1.67658,4.8,7.0,,
2021,16402,2021-08-28 16:30:00,premier,Liverpool,Chelsea,1,1,2.08462,0.573638,7.2,6.0,,
2021,16403,2021-08-29 13:00:00,premier,Burnley,Leeds,1,1,1.71102,1.52078,8.1,8.0,,
2021,16404,2021-08-29 13:00:00,premier,Tottenham,Watford,1,0,0.920963,0.596016,7.0,7.9,,
2021,16405,2021-08-29 15:30:00,premier,Wolverhampton Wanderers,Manchester United,0,1,1.79575,0.944083,7.1,7.1,,
2021,16406,2021-09-11 11:30:00,premier,Crystal Palace,Tottenham,3,0,2.89372,0.0775646,13.9,12.9,,
2021,16407,2021-09-11 14:00:00,premier,Arsenal,Norwich,1,0,2.68515,0.577292,14.1,14.0,,
2021,16408,2021-09-11 14:00:00,premier,Brentford,Brighton,0,1,0.729786,0.287902,14.0,14.0,,
2021,16409,2021-09-11 14:00:00,premier,Leicester,Manchester City,0,1,0.8001,2.75058,14.0,14.1,,
2021,16410,2021-09-11 14:00:00,premier,Manchester United,Newcastle United,4,1,2.77326,0.622042,12.9,14.0,,
2021,16411,2021-09-11 14:00:00,premier,Southampton,West Ham,0,0,0.692135,0.725407,14.0,14.0,,
2021,16412,2021-09-11 14:00:00,premier,Watford,Wolverhampton Wanderers,0,2,0.185407,2.55922,13.0,12.9,,
2021,16413,2021-09-11 16:30:00,premier,Chelsea,Aston Villa,3,0,1.22153,1.17349,14.0,14.1,,
2021,16414,2021-09-12 15:30:00,premier,Leeds,Liverpool,0,3,0.652514,4.4016,14.1,15.0,,
2021,16415,2021-09-13 19:00:00,premier,Everton,Burnley,3,1,1.80386,1.82061,16.2,15.2,,
2021,16416,2021-09-17 19:00:00,premier,Newcastle United,Leeds,1,1,1.17668,1.42995,6.2,5.1,,
2021,16417,2021-09-18 11:30:00,premier,Wolverhampton Wanderers,Brentford,0,2,1.02316,2.32741,6.9,6.9,,
2021,16418,2021-09-18 14:00:00,premier,Norwich,Watford,1,3,0.782665,2.42487,7.0,7.0,,
2021,16419,2021-09-18 14:00:00,premier,Burnley,Arsenal,0,1,0.775574,1.09928,4.8,7.0,,
2021,16420,2021-09-18 14:00:00,premier,Liverpool,Crystal Palace,3,0,2.76793,0.644168,5.9,7.1,,
2021,16421,2021-09-18 14:00:00,premier,Manchester City,Southampton,0,0,1.22451,0.490923,7.0,7.0,,
2021,16422,2021-09-18 16:30:00,premier,Aston Villa,Everton,3,0,0.777716,0.755035,7.0,4.9,,
2021,16423,2021-09-19 13:00:00,premier,Brighton,Leicester,2,1,1.47438,1.25373,8.0,8.0,,
2021,16424,2021-09-19 13:00:00,premier,West Ham,Manchester United,1,2,1.6671,1.8954,8.0,8.0,,
2021,16425,2021-09-19 15:30:00,premier,Tottenham,Chelsea,0,3,0.70567,2.5869,8.2,8.0,,
2021,16426,2021-09-25 11:30:00,premier,Chelsea,Manchester City,0,1,0.194202,1.69244,5.8,6.9,,
2021,16431,2021-09-25 11:30:00,premier,Manchester United,Aston Villa,0,1,1.9251,1.57249,5.9,6.8,,
2021,16427,2021-09-25 14:00:00,premier,Watford,Newcastle United,1,1,0.904061,2.52338,7.0,7.8,,
2021,16428,2021-09-25 14:00:00,premier,Everton,Norwich,2,0,2.26681,0.800903,6.9,7.0,,
2021,16429,2021-09-25 14:00:00,premier,Leeds,West Ham,1,2,1.1967,1.98962,7.8,6.0,,
2021,16430,2021-09-25 14:00:00,premier,Leicester,Burnley,2,2,2.16233,0.428866,6.0,7.0,,
2021,16432,2021-09-25 16:30:00,premier,Brentford,Liverpool,3,3,2.94058,2.25736,7.2,7.1,,
2021,16433,2021-09-26 13:00:00,premier,Southampton,Wolverhampton Wanderers,0,1,0.909342,0.909833,8.0,8.1,,
2021,16434,2021-09-26 15:30:00,premier,Arsenal,Tottenham,3,1,1.44499,0.980166,8.1,7.0,,
2021,16435,2021-09-27 19:00:00,premier,Crystal Palace,Brighton,1,1,1.36836,0.649566,9.2,8.2,,
2021,16442,2021-10-02 11:30:00,premier,Manchester United,Everton,1,1,1.0496,1.32211,7.0,6.9,,
2021,16437,2021-10-02 14:00:00,premier,Burnley,Norwich,0,0,0.584725,0.673617,7.0,7.0,,
2021,16438,2021-10-02 14:00:00,premier,Chelsea,Southampton,3,1,3.79243,1.52634,7.1,6.0,,
2021,16440,2021-10-02 14:00:00,premier,Leeds,Watford,1,0,1.57388,0.192794,7.0,7.0,,
2021,16445,2021-10-02 14:00:00,premier,Wolverhampton Wanderers,Newcastle United,2,1,1.15849,0.865217,6.0,7.0,,
2021,16436,2021-10-02 16:30:00,premier,Brighton,Arsenal,0,0,1.11551,0.36431,4.9,6.0,,
2021,16439,2021-10-03 13:00:00,premier,Crystal Palace,Leicester,2,2,1.1703,1.04322,5.8,8.0,,
2021,16443,2021-10-03 13:00:00,premier,Tottenham,Aston Villa,2,1,1.78187,1.07395,6.9,8.1,,
2021,16444,2021-10-03 13:00:00,premier,West Ham,Brentford,1,2,1.37258,1.30098,8.0,7.9,,
2021,16441,2021-10-03 15:30:00,premier,Liverpool,Manchester City,2,2,0.949368,1.04319,8.0,8.2,,
2021,16455,2021-10-16 11:30:00,premier,Watford,Liverpool,0,5,0.302302,3.65553,13.9,12.8,,
2021,16447,2021-10-16 14:00:00,premier,Aston Villa,Wolverhampton Wanderers,2,3,1.21276,2.19633,13.0,14.0,,
2021,16450,2021-10-16 14:00:00,premier,Leicester,Manchester United,4,2,2.96611,1.02494,13.0,14.1,,
2021,16451,2021-10-16 14:00:00,premier,Manchester City,Burnley,2,0,2.15712,1.07719,12.9,14.0,,
2021,16453,2021-10-16 14:00:00,premier,Norwich,Brighton,0,0,1.16088,1.17572,14.0,13.9,,
2021,16454,2021-10-16 14:00:00,premier,Southampton,Leeds,1,0,1.83082,0.446173,14.0,14.0,,
2021,16448,2021-10-16 16:30:00,premier,Brentford,Chelsea,0,1,1.62169,0.248256,13.1,14.1,,
2021,16449,2021-10-17 13:00:00,premier,Everton,West Ham,0,1,0.854165,2.03034,15.1,14.0,,
2021,16452,2021-10-17 15:30:00,premier,Newcastle United,Tottenham,2,3,0.645658,1.55008,15.1,14.1,,
2021,16446,2021-10-18 19:00:00,premier,Arsenal,Crystal Palace,2,2,1.7436,0.492239,16.1,15.2,,
2021,16456,2021-10-22 19:00:00,premier,Arsenal,Aston Villa,3,1,3.4984,1.41088,4.0,6.2,,
2021,16459,2021-10-23 11:30:00,premier,Chelsea,Norwich,7,0,3.10509,0.267429,6.8,6.9,,
2021,16460,2021-10-23 14:00:00,premier,Crystal Palace,Newcastle United,1,1,2.25588,0.721813,4.8,5.9,,
2021,16461,2021-10-23 14:00:00,premier,Everton,Watford,2,5,1.84089,3.10344,6.0,7.1,,
2021,16462,2021-10-23 14:00:00,premier,Leeds,Wolverhampton Wanderers,1,1,1.71313,0.858644,7.0,7.0,,
2021,16464,2021-10-23 14:00:00,premier,Southampton,Burnley,2,2,1.42567,0.673195,7.0,7.0,,
2021,16458,2021-10-23 16:30:00,premier,Brighton,Manchester City,1,4,1.1695,3.57376,7.1,7.1,,
2021,16457,2021-10-24 13:00:00,premier,Brentford,Leicester,1,2,1.16789,1.00254,7.9,8.0,,
2021,16465,2021-10-24 13:00:00,premier,West Ham,Tottenham,1,0,1.73468,0.672198,7.0,6.9,,
2021,16463,2021-10-24 15:30:00,premier,Manchester United,Liverpool,0,5,1.35584,4.04765,8.1,8.2,,
2021,16468,2021-10-30 11:30:00,premier,Leicester,Arsenal,0,2,1.98801,1.10288,5.9,7.7,,
2021,16467,2021-10-30 14:00:00,premier,Burnley,Brentford,3,1,2.72901,0.834312,7.0,6.0,,
2021,16469,2021-10-30 14:00:00,premier,Liverpool,Brighton,2,2,1.39778,1.51032,5.9,6.9,,
2021,16470,2021-10-30 14:00:00,premier,Manchester City,Crystal Palace,0,2,0.65739,1.05029,6.9,7.0,,
2021,16471,2021-10-30 14:00:00,premier,Newcastle United,Chelsea,0,3,0.157616,2.16608,7.0,7.1,,
2021,16474,2021-10-30 14:00:00,premier,Watford,Southampton,0,1,0.852556,1.90757,7.0,7.0,,
2021,16473,2021-10-30 16:30:00,premier,Tottenham,Manchester United,0,3,1.15787,1.38612,6.1,6.0,,
2021,16472,2021-10-31 14:00:00,premier,Norwich,Leeds,1,2,0.661887,1.16855,8.1,8.0,,
2021,16466,2021-10-31 16:30:00,premier,Aston Villa,West Ham,1,4,0.687551,2.66391,8.9,7.1,,
2021,16475,2021-11-01 20:00:00,premier,Wolverhampton Wanderers,Everton,2,1,1.69344,1.69767,9.2,9.2,,
2021,16484,2021-11-05 20:00:00,premier,Southampton,Aston Villa,1,0,0.89818,0.536077,6.2,5.1,,
2021,16483,2021-11-06 12:30:00,premier,Manchester United,Manchester City,0,2,0.759561,2.04202,6.8,6.9,,
2021,16477,2021-11-06 15:00:00,premier,Brentford,Norwich,1,2,2.79229,1.15797,7.0,6.0,,
2021,16479,2021-11-06 15:00:00,premier,Chelsea,Burnley,1,1,3.00585,0.674072,7.0,7.0,,
2021,16480,2021-11-06 15:00:00,premier,Crystal Palace,Wolverhampton Wanderers,2,0,2.65161,0.25416,7.0,4.8,,
2021,16478,2021-11-06 17:30:00,premier,Brighton,Newcastle United,1,1,1.43123,0.227321,7.1,7.1,,
2021,16476,2021-11-07 14:00:00,premier,Arsenal,Watford,1,0,1.49208,0.491659,8.1,8.0,,
2021,16481,2021-11-07 14:00:00,premier,Everton,Tottenham,0,0,0.597906,0.801798,5.8,7.9,,
2021,16482,2021-11-07 14:00:00,premier,Leeds,Leicester,1,1,1.96551,0.795292,7.0,8.1,,
2021,16485,2021-11-07 16:30:00,premier,West Ham,Liverpool,3,2,1.25298,1.45641,7.0,8.1,,
2021,16488,2021-11-20 12:30:00,premier,Leicester,Chelsea,0,3,0.499504,2.57178,12.9,13.9,,
2021,16486,2021-11-20 15:00:00,premier,Aston Villa,Brighton,2,0,1.06946,0.582787,14.8,13.9,,
2021,16487,2021-11-20 15:00:00,premier,Burnley,Crystal Palace,3,3,1.04224,1.74839,14.0,14.0,,
2021,16491,2021-11-20 15:00:00,premier,Newcastle United,Brentford,3,3,2.18388,1.23275,13.9,14.0,,
2021,16492,2021-11-20 15:00:00,premier,Norwich,Southampton,2,1,0.43778,1.13118,14.0,14.8,,
2021,16494,2021-11-20 15:00:00,premier,Watford,Manchester United,4,1,2.73393,1.66794,13.0,14.1,,
2021,16495,2021-11-20 15:00:00,premier,Wolverhampton Wanderers,West Ham,1,0,1.31903,0.436331,14.0,12.9,,
2021,16489,2021-11-20 17:30:00,premier,Liverpool,Arsenal,4,0,3.97374,0.268025,13.0,13.1,,
2021,16490,2021-11-21 14:00:00,premier,Manchester City,Everton,3,0,2.61302,0.266894,15.1,14.0,,
2021,16493,2021-11-21 16:30:00,premier,Tottenham,Leeds,2,1,2.31744,1.46689,14.1,14.1,,
2021,16496,2021-11-27 12:30:00,premier,Arsenal,Newcastle United,2,0,2.84493,0.185383,6.8,6.9,,
2021,16501,2021-11-27 15:00:00,premier,Crystal Palace,Aston Villa,1,2,0.962129,0.454305,7.0,7.0,,
2021,16503,2021-11-27 15:00:00,premier,Liverpool,Southampton,4,0,3.07278,0.966132,6.9,7.0,,
2021,16505,2021-11-27 15:00:00,premier,Norwich,Wolverhampton Wanderers,0,0,1.4047,0.297157,7.0,7.0,,
2021,16498,2021-11-27 17:30:00,premier,Brighton,Leeds,0,0,1.90498,0.864829,7.1,6.0,,
2021,16497,2021-11-28 14:00:00,premier,Brentford,Everton,1,0,1.19813,0.968075,8.0,7.0,,
2021,16502,2021-11-28 14:00:00,premier,Leicester,Watford,4,2,2.16027,2.38383,8.1,8.0,,
2021,16504,2021-11-28 14:00:00,premier,Manchester City,West Ham,2,1,2.72187,0.171763,7.0,8.0,,
2021,16500,2021-11-28 16:30:00,premier,Chelsea,Manchester United,1,1,2.34525,0.563367,8.2,8.1,,
2021,16513,2021-11-30 19:30:00,premier,Newcastle United,Norwich,1,1,1.15636,1.51084,3.3,3.2,,
2021,16508,2021-11-30 20:15:00,premier,Leeds,Crystal Palace,1,0,1.9818,0.707328,3.1,3.2,,
2021,16509,2021-12-01 19:30:00,premier,Watford,Chelsea,1,2,0.990877,0.908574,3.2,3.1,,
2021,16510,2021-12-01 19:30:00,premier,West Ham,Brighton,1,1,1.14679,1.2607,3.2,4.1,,
2021,16511,2021-12-01 19:30:00,premier,Wolverhampton Wanderers,Burnley,0,0,0.711691,0.195537,4.2,11.2,,
2021,16514,2021-12-01 19:30:00,premier,Southampton,Leicester,2,2,1.91169,1.4401,4.2,3.2,,
2021,16506,2021-12-01 20:15:00,premier,Aston Villa,Manchester City,1,2,0.772083,1.01897,4.2,3.3,,
2021,16507,2021-12-01 20:15:00,premier,Everton,Liverpool,1,4,0.512263,2.86067,3.3,4.2,,
2021,16515,2021-12-02 19:30:00,premier,Tottenham,Brentford,2,0,2.07248,0.225492,11.1,4.2,,
2021,16512,2021-12-02 20:15:00,premier,Manchester United,Arsenal,3,2,1.85597,1.16638,4.2,5.3,,
2021,16524,2021-12-04 12:30:00,premier,West Ham,Chelsea,3,2,2.0174,1.37049,2.7,2.7,,
2021,16520,2021-12-04 15:00:00,premier,Newcastle United,Burnley,1,0,1.70609,0.604599,3.8,2.8,,
2021,16521,2021-12-04 15:00:00,premier,Southampton,Brighton,1,1,1.34236,1.4872,2.8,2.8,,
2021,16525,2021-12-04 15:00:00,premier,Wolverhampton Wanderers,Liverpool,0,1,0.095167,2.42332,2.8,2.8,,
2021,16523,2021-12-04 17:30:00,premier,Watford,Manchester City,1,3,0.675105,4.03223,2.9,2.9,,
2021,16518,2021-12-05 14:00:00,premier,Leeds,Brentford,2,2,1.41896,1.19959,4.7,2.8,,
2021,16519,2021-12-05 14:00:00,premier,Manchester United,Crystal Palace,1,0,0.870376,0.520593,2.7,4.7,,
2021,16522,2021-12-05 14:00:00,premier,Tottenham,Norwich,3,0,2.00668,1.06562,2.8,4.8,,
2021,16516,2021-12-05 16:30:00,premier,Aston Villa,Leicester,2,1,1.84818,0.982614,3.8,3.9,,
2021,16517,2021-12-06 20:00:00,premier,Everton,Arsenal,2,1,1.06108,1.05723,5.0,4.0,,
2021,16527,2021-12-10 20:00:00,premier,Brentford,Watford,2,1,1.82799,0.561554,5.2,6.1,,
2021,16534,2021-12-11 12:30:00,premier,Manchester City,Wolverhampton Wanderers,1,0,2.99915,0.0762839,6.8,6.9,,
2021,16526,2021-12-11 15:00:00,premier,Arsenal,Southampton,3,0,2.08429,0.502215,4.8,7.0,,
2021,16530,2021-12-11 15:00:00,premier,Chelsea,Leeds,3,2,2.74844,1.72934,7.1,6.0,,
2021,16533,2021-12-11 15:00:00,premier,Liverpool,Aston Villa,1,0,2.71181,0.140573,7.0,5.9,,
2021,16535,2021-12-11 17:30:00,premier,Norwich,Manchester United,0,1,0.986107,2.09817,6.1,6.1,,
2021,16529,2021-12-12 14:00:00,premier,Burnley,West Ham,0,0,0.54801,0.998813,8.0,8.1,,
2021,16532,2021-12-12 14:00:00,premier,Leicester,Newcastle United,4,0,2.05771,0.511934,6.9,8.0,,
2021,16531,2021-12-12 16:30:00,premier,Crystal Palace,Everton,3,1,2.09864,1.27556,7.1,5.9,,
2021,16541,2021-12-14 19:45:00,premier,Norwich,Aston Villa,0,2,0.502647,1.96261,3.1,3.2,,
2021,16545,2021-12-14 20:00:00,premier,Manchester City,Leeds,7,0,3.31349,0.227498,3.3,3.2,,
2021,16538,2021-12-15 19:30:00,premier,Brighton,Wolverhampton Wanderers,0,1,1.20118,1.11736,11.2,4.3,,
2021,16542,2021-12-15 19:30:00,premier,Crystal Palace,Southampton,2,2,1.49244,0.625183,3.1,4.2,,
2021,16536,2021-12-15 20:00:00,premier,Arsenal,West Ham,2,0,2.81482,0.338855,4.2,3.2,,
2021,16543,2021-12-16 19:45:00,premier,Chelsea,Everton,1,1,3.20239,0.627528,5.2,4.1,,
2021,16544,2021-12-16 20:00:00,premier,Liverpool,Newcastle United,3,1,2.93912,0.2064,5.2,4.2,,
2021,16548,2021-12-18 17:30:00,premier,Leeds,Arsenal,1,4,1.31408,3.69008,3.9,2.9,,
2021,16555,2021-12-19 14:00:00,premier,Wolverhampton Wanderers,Chelsea,0,0,0.321371,0.793952,3.8,2.8,,
2021,16550,2021-12-19 14:15:00,premier,Newcastle United,Manchester City,0,4,0.174208,3.64686,2.8,4.8,,
2021,16552,2021-12-19 16:30:00,premier,Tottenham,Liverpool,2,2,2.79777,1.54944,14.1,2.9,,
2021,16560,2021-12-26 15:00:00,premier,Manchester City,Leicester,6,3,3.82869,2.43425,7.0,14.0,,
2021,16562,2021-12-26 15:00:00,premier,Norwich,Arsenal,0,5,0.154212,2.87539,11.8,7.9,,
2021,16563,2021-12-26 15:00:00,premier,Tottenham,Crystal Palace,3,0,2.82148,0.178324,6.9,10.8,,
2021,16564,2021-12-26 15:00:00,premier,West Ham,Southampton,2,3,1.53745,1.35643,10.8,10.8,,
2021,16556,2021-12-26 17:30:00,premier,Aston Villa,Chelsea,1,3,0.474029,2.8285,11.9,7.1,,
2021,16557,2021-12-26 20:00:00,premier,Brighton,Brentford,2,0,0.943363,1.10342,11.0,16.0,,
2021,16561,2021-12-27 20:00:00,premier,Newcastle United,Manchester United,1,1,1.26586,1.75587,8.2,16.1,,
2021,16569,2021-12-28 15:00:00,premier,Watford,West Ham,1,4,1.0143,2.84084,17.8,2.0,,
2021,16570,2021-12-28 15:00:00,premier,Crystal Palace,Norwich,3,0,2.38978,0.594134,2.0,2.0,,
2021,16575,2021-12-28 15:00:00,premier,Southampton,Tottenham,1,1,0.353043,2.80917,2.0,2.0,,
2021,16573,2021-12-28 20:00:00,premier,Leicester,Liverpool,1,0,0.615892,2.72682,2.2,9.1,,
2021,16568,2021-12-29 19:30:00,premier,Chelsea,Brighton,1,1,0.763458,0.78663,3.1,3.0,,
2021,16567,2021-12-29 20:15:00,premier,Brentford,Manchester City,0,1,0.238829,1.01763,3.0,3.2,,
2021,16574,2021-12-30 20:15:00,premier,Manchester United,Burnley,3,1,1.80776,0.871738,3.0,18.3,,
2021,16576,2022-01-01 12:30:00,premier,Arsenal,Manchester City,1,2,0.836949,1.94623,5.9,2.7,,
2021,16585,2022-01-01 15:00:00,premier,Watford,Tottenham,0,1,0.303514,1.93752,4.0,4.0,,
2021,16579,2022-01-01 17:30:00,premier,Crystal Palace,West Ham,2,3,2.69204,2.23146,4.1,4.1,,
2021,16577,2022-01-02 14:00:00,premier,Brentford,Aston Villa,2,1,0.501329,1.13821,3.7,6.9,,
2021,16580,2022-01-02 14:00:00,premier,Everton,Brighton,2,3,1.82698,1.48397,16.8,3.8,,
2021,16581,2022-01-02 14:00:00,premier,Leeds,Burnley,3,1,2.04186,0.960493,14.9,2.7,,
2021,16578,2022-01-02 16:30:00,premier,Chelsea,Liverpool,2,2,1.389,1.78897,3.9,4.9,,
2021,16583,2022-01-03 17:30:00,premier,Manchester United,Wolverhampton Wanderers,0,1,0.768752,0.840925,3.9,15.1,,
2021,16551,2022-01-11 21:45:00,premier,Southampton,Brentford,4,1,1.59306,0.621466,14.3,9.3,,
2021,16554,2022-01-12 21:45:00,premier,West Ham,Norwich,2,0,2.89217,0.343347,11.2,15.3,,
2021,16587,2022-01-14 20:00:00,premier,Brighton,Crystal Palace,1,1,2.18053,0.509681,12.2,13.1,,
2021,16590,2022-01-15 12:30:00,premier,Manchester City,Chelsea,1,0,0.901703,0.613757,14.0,12.8,,
2021,16591,2022-01-15 15:00:00,premier,Newcastle United,Watford,1,1,1.03855,1.49623,18.8,14.0,,
2021,16592,2022-01-15 15:00:00,premier,Norwich,Everton,2,1,1.00153,0.541027,2.7,13.0,,
2021,16595,2022-01-15 15:00:00,premier,Wolverhampton Wanderers,Southampton,3,1,2.29917,0.91728,11.9,3.7,,
2021,16586,2022-01-15 17:30:00,premier,Aston Villa,Manchester United,2,2,1.82784,1.35378,13.1,12.0,,
2021,16589,2022-01-16 14:00:00,premier,Liverpool,Brentford,3,0,3.49099,0.376656,13.9,4.7,,
2021,16594,2022-01-16 14:00:00,premier,West Ham,Leeds,2,3,2.3549,2.26884,3.7,14.0,,
2021,16607,2022-01-18 09:45:00,premier,Brighton,Chelsea,1,1,0.747557,0.572994,3.6,2.9,,
2021,16540,2022-01-19 19:30:00,premier,Leicester,Tottenham,2,3,1.95031,4.24711,22.0,18.2,,
2021,16537,2022-01-19 20:00:00,premier,Brentford,Manchester United,1,3,2.081,2.05969,3.2,4.1,,
2021,16605,2022-01-21 20:00:00,premier,Watford,Norwich,0,3,1.30606,0.925212,6.2,6.2,,
2021,16600,2022-01-22 12:30:00,premier,Everton,Aston Villa,0,1,1.2384,0.860245,6.9,6.8,,
2021,16597,2022-01-22 15:00:00,premier,Brentford,Wolverhampton Wanderers,1,2,0.742573,0.218211,2.8,7.0,,
2021,16601,2022-01-22 15:00:00,premier,Leeds,Newcastle United,0,1,1.12992,1.15904,6.0,7.0,,
2021,16603,2022-01-22 15:00:00,premier,Manchester United,West Ham,1,0,1.75857,0.238027,2.8,6.0,,
2021,16604,2022-01-22 17:30:00,premier,Southampton,Manchester City,1,1,1.00222,1.62907,7.1,7.2,,
2021,16596,2022-01-23 14:00:00,premier,Arsenal,Burnley,0,0,1.35507,0.388963,22.1,21.0,,
2021,16599,2022-01-23 14:00:00,premier,Crystal Palace,Liverpool,1,3,1.62615,1.49697,8.8,7.0,,
2021,16602,2022-01-23 14:00:00,premier,Leicester,Brighton,1,1,1.70979,1.19738,3.8,5.2,,
2021,16598,2022-01-23 16:30:00,premier,Chelsea,Tottenham,2,0,1.04212,0.328818,5.3,3.9,,
2021,16539,2022-02-05 18:00:00,premier,Burnley,Watford,0,0,0.765905,0.933965,13.2,14.9,,
2021,16610,2022-02-08 19:45:00,premier,West Ham,Watford,1,0,0.905143,0.335474,17.2,3.1,,
2021,16612,2022-02-08 19:45:00,premier,Newcastle United,Everton,3,1,2.68732,0.823607,17.2,17.3,,
2021,16608,2022-02-08 20:00:00,premier,Burnley,Manchester United,1,1,0.772721,1.83387,3.1,17.2,,
2021,16609,2022-02-09 19:45:00,premier,Norwich,Crystal Palace,1,1,0.296411,1.22883,19.0,17.2,,
2021,16613,2022-02-09 19:45:00,premier,Tottenham,Southampton,2,3,1.74286,1.73293,17.1,18.1,,
2021,16615,2022-02-09 19:45:00,premier,Manchester City,Brentford,2,0,1.98246,0.461305,18.1,18.2,,
2021,16606,2022-02-09 20:00:00,premier,Aston Villa,Leeds,3,3,1.5013,2.52914,18.3,18.2,,
2021,16611,2022-02-10 19:45:00,premier,Wolverhampton Wanderers,Arsenal,0,1,0.641359,1.45247,19.2,18.2,,
2021,16614,2022-02-10 19:45:00,premier,Liverpool,Leicester,2,0,2.72997,0.544954,18.2,18.2,,
2021,16621,2022-02-12 12:30:00,premier,Manchester United,Southampton,1,1,2.99207,0.677386,3.7,2.7,,
2021,16616,2022-02-12 15:00:00,premier,Brentford,Crystal Palace,0,0,1.97576,0.49802,2.8,2.8,,
2021,16619,2022-02-12 15:00:00,premier,Everton,Leeds,3,0,2.58561,0.242668,3.8,2.8,,
2021,16625,2022-02-12 15:00:00,premier,Watford,Brighton,0,2,0.532979,1.80456,3.8,20.0,,
2021,16623,2022-02-12 17:30:00,premier,Norwich,Manchester City,0,4,0.356755,4.44653,2.9,2.9,,
2021,16617,2022-02-13 14:00:00,premier,Burnley,Liverpool,0,1,1.16081,1.95722,4.8,2.8,,
2021,16622,2022-02-13 14:00:00,premier,Newcastle United,Aston Villa,1,0,0.527571,0.455206,4.8,3.8,,
2021,16624,2022-02-13 14:00:00,premier,Tottenham,Wolverhampton Wanderers,0,2,0.838197,1.87026,3.8,2.8,,
2021,16620,2022-02-13 16:30:00,premier,Leicester,West Ham,2,2,1.40693,0.745068,2.9,4.9,,
2021,16549,2022-02-15 20:15:00,premier,Manchester United,Brighton,2,0,2.74936,1.26179,3.3,3.2,,
2021,16634,2022-02-19 12:30:00,premier,West Ham,Newcastle United,1,1,0.847948,0.932574,5.8,5.9,,
2021,16626,2022-02-19 15:00:00,premier,Arsenal,Brentford,2,1,1.52247,0.640726,8.8,7.0,,
2021,16627,2022-02-19 15:00:00,premier,Aston Villa,Watford,0,1,1.0267,1.82051,6.0,7.0,,
2021,16628,2022-02-19 15:00:00,premier,Brighton,Burnley,0,3,0.44587,0.821228,3.8,6.0,,
2021,16629,2022-02-19 15:00:00,premier,Crystal Palace,Chelsea,0,1,0.624023,1.12339,7.0,26.9,,
2021,16631,2022-02-19 15:00:00,premier,Liverpool,Norwich,3,1,3.15449,0.66975,6.0,6.9,,
2021,16633,2022-02-19 15:00:00,premier,Southampton,Everton,2,0,2.72851,0.19991,7.1,7.0,,
2021,16632,2022-02-19 17:30:00,premier,Manchester City,Tottenham,2,3,2.31773,2.00235,7.0,6.1,,
2021,16630,2022-02-20 14:00:00,premier,Leeds,Manchester United,2,4,1.74476,2.60999,8.0,4.7,,
2021,16635,2022-02-20 16:30:00,premier,Wolverhampton Wanderers,Leicester,2,1,0.472777,1.55048,7.1,7.0,,
2021,16499,2022-02-23 19:30:00,premier,Burnley,Tottenham,1,0,1.55576,0.691655,4.2,4.1,,
2021,16553,2022-02-23 19:30:00,premier,Watford,Crystal Palace,1,4,1.71917,0.818403,4.2,4.2,,
2021,16559,2022-02-23 19:45:00,premier,Liverpool,Leeds,6,0,5.3303,0.141547,4.2,3.2,,
2021,16566,2022-02-24 19:45:00,premier,Arsenal,Wolverhampton Wanderers,2,1,2.50961,1.10934,5.2,4.1,,
2021,16644,2022-02-25 20:00:00,premier,Southampton,Norwich,2,0,3.08863,0.424877,6.2,6.2,,
2021,16642,2022-02-26 12:30:00,premier,Leeds,Tottenham,0,4,1.89569,2.47025,2.7,2.7,,
2021,16637,2022-02-26 15:00:00,premier,Brentford,Newcastle United,0,2,0.494232,2.25373,7.0,7.1,,
2021,16640,2022-02-26 15:00:00,premier,Crystal Palace,Burnley,1,1,1.03765,0.255988,2.8,2.8,,
2021,16643,2022-02-26 15:00:00,premier,Manchester United,Watford,0,0,2.41457,0.437185,6.0,2.8,,
2021,16638,2022-02-26 15:30:00,premier,Brighton,Aston Villa,0,2,0.627107,1.3027,7.0,7.0,,
2021,16641,2022-02-26 17:30:00,premier,Everton,Manchester City,0,1,0.770819,1.93422,7.1,7.0,,
2021,16645,2022-02-27 14:00:00,premier,West Ham,Wolverhampton Wanderers,1,0,1.62241,0.892018,8.1,2.8,,
2021,16588,2022-03-01 19:45:00,premier,Burnley,Leicester,0,2,1.04214,1.79558,3.2,9.1,,
2021,16648,2022-03-05 12:30:00,premier,Leicester,Leeds,1,0,0.359129,2.14389,3.7,7.0,,
2021,16646,2022-03-05 15:00:00,premier,Aston Villa,Southampton,4,0,2.85379,1.32947,7.0,7.8,,
2021,16647,2022-03-05 15:00:00,premier,Burnley,Chelsea,0,4,0.849232,2.2868,3.8,14.0,,
2021,16651,2022-03-05 15:00:00,premier,Newcastle United,Brighton,2,1,1.58028,1.64995,7.0,7.0,,
2021,16652,2022-03-05 15:00:00,premier,Norwich,Brentford,1,3,0.77334,2.22064,7.8,7.0,,
2021,16655,2022-03-05 15:00:00,premier,Wolverhampton Wanderers,Crystal Palace,0,2,0.710865,2.53759,6.0,7.0,,
2021,16649,2022-03-05 17:30:00,premier,Liverpool,West Ham,1,0,2.18865,1.33829,9.9,6.1,,
2021,16654,2022-03-06 14:00:00,premier,Watford,Arsenal,2,3,1.29603,1.00457,8.0,9.8,,
2021,16650,2022-03-06 16:30:00,premier,Manchester City,Manchester United,4,1,2.74434,0.361782,8.0,8.1,,
2021,16653,2022-03-07 20:00:00,premier,Tottenham,Everton,5,0,3.24279,0.208263,9.3,9.1,,
2021,16565,2022-03-10 19:30:00,premier,Wolverhampton Wanderers,Watford,4,0,1.55037,0.498696,5.2,4.2,,
2021,16584,2022-03-10 19:30:00,premier,Southampton,Newcastle United,1,2,1.79835,0.812233,5.2,5.2,,
2021,16672,2022-03-10 19:30:00,premier,Norwich,Chelsea,1,3,0.965723,2.1308,5.2,5.2,,
2021,16572,2022-03-10 19:45:00,premier,Leeds,Aston Villa,0,3,0.194028,1.2729,5.3,5.2,,
2021,16658,2022-03-12 12:30:00,premier,Brighton,Liverpool,0,2,0.629316,2.48312,6.9,6.8,,
2021,16657,2022-03-12 15:00:00,premier,Brentford,Burnley,2,0,1.82002,0.825311,7.0,7.0,,
2021,16663,2022-03-12 17:30:00,premier,Manchester United,Tottenham,3,2,1.0181,1.62374,6.0,4.9,,
2021,16659,2022-03-13 14:00:00,premier,Chelsea,Newcastle United,1,0,1.07072,0.246037,2.8,2.8,,
2021,16661,2022-03-13 14:00:00,premier,Everton,Wolverhampton Wanderers,0,1,0.397268,0.712135,5.8,2.8,,
2021,16662,2022-03-13 14:00:00,premier,Leeds,Norwich,2,1,3.11755,1.40148,2.8,2.8,,
2021,16664,2022-03-13 14:00:00,premier,Southampton,Watford,1,2,1.25696,1.29385,2.8,2.8,,
2021,16665,2022-03-13 14:00:00,premier,West Ham,Aston Villa,2,1,1.58468,1.05391,7.9,2.8,,
2021,16656,2022-03-13 16:30:00,premier,Arsenal,Leicester,2,0,2.93665,0.54911,7.1,8.2,,
2021,16660,2022-03-14 20:00:00,premier,Crystal Palace,Manchester City,0,0,0.474002,2.04021,9.2,8.1,,
2021,16528,2022-03-16 19:30:00,premier,Brighton,Tottenham,0,2,1.04171,2.05196,4.3,4.1,,
2021,16636,2022-03-16 20:15:00,premier,Arsenal,Liverpool,0,2,0.534265,1.27681,3.2,4.3,,
2021,16571,2022-03-17 19:45:00,premier,Everton,Newcastle United,1,0,0.708809,0.75803,4.2,4.2,,
2021,16675,2022-03-18 20:00:00,premier,Wolverhampton Wanderers,Leeds,2,3,1.24075,2.82103,5.2,5.2,,
2021,16666,2022-03-19 12:30:00,premier,Aston Villa,Arsenal,0,1,0.309375,1.14522,5.9,2.7,,
2021,16668,2022-03-20 14:00:00,premier,Leicester,Brentford,2,1,1.27865,1.72466,6.9,8.0,,
2021,16673,2022-03-20 16:30:00,premier,Tottenham,West Ham,3,1,2.54795,0.644964,3.9,7.1,,
2021,16680,2022-04-02 11:30:00,premier,Liverpool,Watford,2,0,2.23651,0.753307,16.6,19.9,,
2021,16676,2022-04-02 14:00:00,premier,Wolverhampton Wanderers,Aston Villa,2,1,1.62151,1.91256,14.8,14.1,,
2021,16681,2022-04-02 14:00:00,premier,Leeds,Southampton,1,1,1.50715,2.06387,14.8,20.0,,
2021,16683,2022-04-02 14:00:00,premier,Chelsea,Brentford,1,4,1.29014,2.43422,20.0,13.0,,
2021,16684,2022-04-02 14:00:00,premier,Burnley,Manchester City,0,2,0.0591223,1.62008,21.0,18.8,,
2021,16685,2022-04-02 14:00:00,premier,Brighton,Norwich,0,0,2.38297,0.494112,16.8,20.0,,
2021,16679,2022-04-02 16:30:00,premier,Manchester United,Leicester,1,1,0.902127,1.07638,21.0,13.1,,
2021,16677,2022-04-03 13:00:00,premier,West Ham,Everton,2,1,1.49657,0.657846,13.9,16.7,,
2021,16678,2022-04-03 15:30:00,premier,Tottenham,Newcastle United,5,1,3.6081,0.538152,14.0,16.8,,
2021,16682,2022-04-04 19:00:00,premier,Crystal Palace,Arsenal,3,0,1.39707,1.05199,21.0,16.3,,
2021,16558,2022-04-06 18:30:00,premier,Burnley,Everton,3,2,2.24439,2.31574,4.2,3.2,,
2021,16689,2022-04-08 19:00:00,premier,Newcastle United,Wolverhampton Wanderers,1,0,1.43878,0.306867,5.1,6.2,,
2021,16692,2022-04-09 11:30:00,premier,Everton,Manchester United,1,0,0.357295,0.762357,2.7,6.8,,
2021,16686,2022-04-09 14:00:00,premier,Watford,Leeds,0,3,1.07422,0.895612,7.1,7.0,,
2021,16687,2022-04-09 14:00:00,premier,Southampton,Chelsea,0,6,0.564726,4.39683,7.0,7.0,,
2021,16695,2022-04-09 14:00:00,premier,Arsenal,Brighton,1,2,2.35153,0.596106,4.8,7.0,,
2021,16694,2022-04-09 16:30:00,premier,Aston Villa,Tottenham,0,4,1.48712,0.983601,7.1,6.0,,
2021,16688,2022-04-10 13:00:00,premier,Norwich,Burnley,2,0,1.6723,1.44652,8.0,3.8,,
2021,16691,2022-04-10 13:00:00,premier,Leicester,Crystal Palace,2,1,0.879235,1.52767,7.9,5.8,,
2021,16693,2022-04-10 13:00:00,premier,Brentford,West Ham,2,0,1.85534,0.244824,8.0,7.0,,
2021,16690,2022-04-10 15:30:00,premier,Manchester City,Liverpool,2,2,1.34647,1.29983,8.1,8.2,,
2021,16699,2022-04-16 11:30:00,premier,Tottenham,Brighton,0,1,0.58624,0.711155,6.8,6.9,,
2021,16698,2022-04-16 14:00:00,premier,Watford,Brentford,1,2,1.50381,2.12457,7.0,6.0,,
2021,16700,2022-04-16 14:00:00,premier,Southampton,Arsenal,1,0,1.04007,1.35002,7.0,7.0,,
2021,16702,2022-04-16 14:00:00,premier,Manchester United,Norwich,3,2,1.66737,1.79754,7.1,6.0,,
2021,16697,2022-04-17 13:15:00,premier,West Ham,Burnley,1,1,2.79175,1.88137,7.0,7.0,,
2021,16701,2022-04-17 13:15:00,premier,Newcastle United,Leicester,2,1,2.54294,0.541084,8.8,7.0,,
2021,16669,2022-04-19 19:00:00,premier,Liverpool,Manchester United,4,0,2.25967,0.110227,9.1,3.2,,
2021,16547,2022-04-20 18:45:00,premier,Everton,Leicester,1,1,1.68819,0.786333,11.3,3.2,,
2021,16618,2022-04-20 18:45:00,premier,Chelsea,Arsenal,2,4,0.593801,1.87331,11.2,4.2,,
2021,16671,2022-04-20 18:45:00,premier,Newcastle United,Crystal Palace,1,0,0.767855,0.432788,3.2,10.2,,
2021,16670,2022-04-20 19:00:00,premier,Manchester City,Brighton,3,0,1.52844,0.117354,10.1,4.3,,
2021,16667,2022-04-21 18:45:00,premier,Burnley,Southampton,2,0,2.14743,1.31837,4.2,5.2,,
2021,16715,2022-04-23 11:30:00,premier,Arsenal,Manchester United,3,1,2.54173,2.04244,2.7,3.7,,
2021,16706,2022-04-23 14:00:00,premier,Norwich,Newcastle United,0,3,0.657661,1.87558,7.0,2.8,,
2021,16707,2022-04-23 14:00:00,premier,Manchester City,Watford,5,1,3.68,0.42632,2.8,7.0,,
2021,16709,2022-04-23 14:00:00,premier,Leicester,Aston Villa,0,0,0.235635,0.593202,2.8,13.9,,
2021,16714,2022-04-23 16:30:00,premier,Brentford,Tottenham,0,0,1.3153,0.517755,7.1,7.2,,
2021,16711,2022-04-24 13:00:00,premier,Chelsea,West Ham,1,0,2.34959,0.388975,3.8,7.0,,
2021,16712,2022-04-24 13:00:00,premier,Burnley,Wolverhampton Wanderers,1,0,1.27298,0.592902,2.8,15.8,,
2021,16713,2022-04-24 13:00:00,premier,Brighton,Southampton,2,2,1.87343,0.926764,3.8,2.8,,
2021,16708,2022-04-24 15:30:00,premier,Liverpool,Everton,2,0,1.70397,0.424961,4.9,3.9,,
2021,16710,2022-04-25 19:00:00,premier,Crystal Palace,Leeds,0,0,1.61656,0.374044,5.0,16.2,,
2021,16742,2022-04-28 18:45:00,premier,Manchester United,Chelsea,1,1,0.618456,2.46868,5.3,4.2,,
2021,16721,2022-04-30 11:30:00,premier,Newcastle United,Liverpool,0,1,0.115353,2.73435,6.9,5.8,,
2021,16716,2022-04-30 14:00:00,premier,Wolverhampton Wanderers,Brighton,0,3,0.525912,2.90679,6.0,6.0,,
2021,16718,2022-04-30 14:00:00,premier,Watford,Burnley,1,2,0.785742,1.37022,7.0,6.0,,
2021,16720,2022-04-30 14:00:00,premier,Southampton,Crystal Palace,1,2,0.650256,0.756217,6.0,4.8,,
2021,16725,2022-04-30 14:00:00,premier,Aston Villa,Norwich,2,0,2.31192,0.352212,7.0,7.0,,
2021,16723,2022-04-30 16:30:00,premier,Leeds,Manchester City,0,4,1.03608,3.01431,4.9,7.1,,
2021,16719,2022-05-01 13:00:00,premier,Tottenham,Leicester,3,1,1.65338,0.274133,7.9,8.0,,
2021,16724,2022-05-01 13:00:00,premier,Everton,Chelsea,1,0,1.11712,1.21141,6.9,2.8,,
2021,16717,2022-05-01 15:30:00,premier,West Ham,Arsenal,1,2,0.451976,0.964564,7.1,8.2,,
2021,16722,2022-05-02 19:00:00,premier,Manchester United,Brentford,3,0,1.84111,0.681425,4.0,9.1,,
2021,16730,2022-05-07 14:00:00,premier,Crystal Palace,Watford,1,0,2.49142,0.255373,7.0,7.0,,
2021,16731,2022-05-07 14:00:00,premier,Chelsea,Wolverhampton Wanderers,2,2,1.82098,1.6842,6.0,7.0,,
2021,16732,2022-05-07 14:00:00,premier,Burnley,Aston Villa,1,3,1.31028,1.81256,7.0,7.0,,
2021,16734,2022-05-07 14:00:00,premier,Brentford,Southampton,3,0,3.68223,0.988574,4.8,7.0,,
2021,16733,2022-05-07 16:30:00,premier,Brighton,Manchester United,4,0,2.82636,0.930715,7.1,4.9,,
2021,16728,2022-05-07 18:45:00,premier,Liverpool,Tottenham,1,1,1.0481,0.982635,7.3,6.2,,
2021,16726,2022-05-08 13:00:00,premier,Norwich,West Ham,0,4,0.77895,3.25894,8.0,6.9,,
2021,16729,2022-05-08 13:00:00,premier,Leicester,Everton,1,2,1.47479,1.55635,7.0,7.0,,
2021,16735,2022-05-08 13:00:00,premier,Arsenal,Leeds,2,1,2.7227,0.696785,6.9,7.9,,
2021,16727,2022-05-08 15:30:00,premier,Manchester City,Newcastle United,5,0,4.05613,0.995099,8.0,8.2,,
2021,16705,2022-05-10 19:00:00,premier,Aston Villa,Liverpool,1,2,1.44726,1.75417,3.2,3.0,,
2021,16703,2022-05-11 18:30:00,premier,Leeds,Chelsea,0,3,0.499789,1.46853,3.2,4.2,,
2021,16582,2022-05-11 18:45:00,premier,Leicester,Norwich,3,0,2.57058,1.21966,3.2,3.2,,
2021,16674,2022-05-11 18:45:00,premier,Watford,Everton,0,0,0.232236,0.812193,4.2,3.2,,
2021,16696,2022-05-11 19:15:00,premier,Wolverhampton Wanderers,Manchester City,1,5,0.411857,3.39304,4.2,3.2,,
2021,16593,2022-05-12 18:45:00,premier,Tottenham,Arsenal,3,0,3.42522,0.387446,5.0,4.2,,
2021,16739,2022-05-15 11:00:00,premier,Tottenham,Burnley,1,0,2.39449,0.629888,2.7,7.9,,
2021,16736,2022-05-15 13:00:00,premier,Wolverhampton Wanderers,Norwich,1,1,0.999066,1.53212,3.7,3.8,,
2021,16737,2022-05-15 13:00:00,premier,West Ham,Manchester City,2,2,1.0088,2.14723,7.0,3.7,,
2021,16738,2022-05-15 13:00:00,premier,Watford,Leicester,1,5,2.58968,2.27297,3.8,3.8,,
2021,16743,2022-05-15 13:00:00,premier,Leeds,Brighton,1,1,2.22282,2.25898,3.8,7.9,,
2021,16745,2022-05-15 13:00:00,premier,Aston Villa,Crystal Palace,1,1,0.799443,1.39009,4.8,8.0,,
2021,16744,2022-05-15 15:30:00,premier,Everton,Brentford,2,3,2.69589,1.81626,3.9,8.1,,
2021,16741,2022-05-16 19:00:00,premier,Newcastle United,Arsenal,2,0,1.68299,0.492454,8.1,4.0,,
2021,16740,2022-05-17 18:45:00,premier,Southampton,Liverpool,1,2,0.121506,1.19178,10.2,7.0,,
2021,16704,2022-05-19 18:45:00,premier,Everton,Crystal Palace,3,2,0.813157,1.6023,4.1,4.2,,
2021,16546,2022-05-19 19:00:00,premier,Aston Villa,Burnley,1,1,0.996403,1.63117,4.2,4.3,,
2021,16639,2022-05-19 19:00:00,premier,Chelsea,Leicester,1,1,1.61996,0.0417972,8.0,4.2,,
2021,16746,2022-05-22 15:00:00,premier,Arsenal,Everton,5,1,4.35597,1.08601,5.8,2.8,,
2021,16747,2022-05-22 15:00:00,premier,Brentford,Leeds,1,2,0.844985,1.47786,7.0,7.1,,
2021,16748,2022-05-22 15:00:00,premier,Brighton,West Ham,3,1,1.67774,0.268845,7.1,7.1,,
2021,16749,2022-05-22 15:00:00,premier,Burnley,Newcastle United,1,2,1.49164,1.74291,2.8,5.8,,
2021,16750,2022-05-22 15:00:00,premier,Chelsea,Watford,2,1,2.59231,0.575755,2.8,7.1,,
2021,16751,2022-05-22 15:00:00,premier,Crystal Palace,Manchester United,1,0,0.354618,0.782005,2.8,14.9,,
2021,16752,2022-05-22 15:00:00,premier,Leicester,Southampton,4,1,3.42058,1.05141,2.8,4.8,,
2021,16753,2022-05-22 15:00:00,premier,Liverpool,Wolverhampton Wanderers,3,1,3.19385,1.11708,4.8,7.1,,
2021,16754,2022-05-22 15:00:00,premier,Manchester City,Aston Villa,3,2,3.3209,0.247841,7.1,2.8,,
2021,16755,2022-05-22 15:00:00,premier,Norwich,Tottenham,0,5,0.310789,3.815,7.1,7.2,,
2022,18202,2022-08-05 19:00:00,premier,Crystal Palace,Arsenal,0,2,1.20637,1.43601,60.0,60.0,,
2022,18203,2022-08-06 11:30:00,premier,Fulham,Liverpool,2,2,1.26822,2.34111,60.0,60.0,,
2022,18204,2022-08-06 14:00:00,premier,Bournemouth,Aston Villa,2,0,0.588341,0.488895,60.0,60.0,,
2022,18205,2022-08-06 14:00:00,premier,Leeds,Wolverhampton Wanderers,2,1,0.88917,1.10119,60.0,60.0,,
2022,18206,2022-08-06 14:00:00,premier,Newcastle United,Nottingham Forest,2,0,1.8591,0.235825,60.0,14.0,,
2022,18207,2022-08-06 14:00:00,premier,Tottenham,Southampton,4,1,1.6172,0.386546,60.0,60.0,,
2022,18208,2022-08-06 16:30:00,premier,Everton,Chelsea,0,1,0.541983,1.92315,60.0,60.0,,
2022,18209,2022-08-07 13:00:00,premier,Manchester United,Brighton,1,2,1.42103,1.7289,60.0,60.0,,
2022,18210,2022-08-07 13:00:00,premier,Leicester,Brentford,2,2,0.455695,0.931067,60.0,60.0,,
2022,18211,2022-08-07 15:30:00,premier,West Ham,Manchester City,0,2,0.246188,2.58739,60.0,60.0,,
2022,18212,2022-08-13 11:30:00,premier,Aston Villa,Everton,2,1,2.66696,1.37507,6.9,6.8,,
2022,18213,2022-08-13 14:00:00,premier,Brighton,Newcastle United,0,0,1.60835,0.183952,6.0,7.0,,
2022,18214,2022-08-13 14:00:00,premier,Manchester City,Bournemouth,4,0,1.69064,0.123946,5.9,7.0,,
2022,18215,2022-08-13 14:00:00,premier,Southampton,Leeds,2,2,1.40906,1.99694,7.0,7.0,,
2022,18216,2022-08-13 14:00:00,premier,Wolverhampton Wanderers,Fulham,0,0,0.975375,1.08813,7.0,7.1,,
2022,18217,2022-08-13 14:00:00,premier,Arsenal,Leicester,4,2,3.0107,0.690679,7.8,6.0,,
2022,18218,2022-08-13 16:30:00,premier,Brentford,Manchester United,4,0,1.38785,0.896038,6.1,6.1,,
2022,18219,2022-08-14 13:00:00,premier,Nottingham Forest,West Ham,1,0,1.9717,2.08634,8.0,6.9,,
2022,18220,2022-08-14 15:30:00,premier,Chelsea,Tottenham,2,2,1.83945,1.58708,8.0,8.1,,
2022,18221,2022-08-15 19:00:00,premier,Liverpool,Crystal Palace,1,1,2.23596,1.64468,9.3,10.0,,
2022,18222,2022-08-20 11:30:00,premier,Tottenham,Wolverhampton Wanderers,1,0,1.46608,0.686123,5.8,6.9,,
2022,18223,2022-08-20 14:00:00,premier,Crystal Palace,Aston Villa,3,1,2.91137,0.803828,4.8,7.1,,
2022,18224,2022-08-20 14:00:00,premier,Everton,Nottingham Forest,1,1,1.43408,0.918315,7.1,6.0,,
2022,18225,2022-08-20 14:00:00,premier,Fulham,Brentford,3,2,2.89934,1.59352,7.0,6.9,,
2022,18226,2022-08-20 14:00:00,premier,Leicester,Southampton,1,2,0.242948,1.24155,7.0,7.0,,
2022,18227,2022-08-20 16:30:00,premier,Bournemouth,Arsenal,0,3,0.211335,1.71081,7.1,7.1,,
2022,18228,2022-08-21 13:00:00,premier,Leeds,Chelsea,3,0,2.20971,0.692492,8.0,6.9,,
2022,18229,2022-08-21 13:00:00,premier,West Ham,Brighton,0,2,0.768634,1.82645,7.0,8.0,,
2022,18230,2022-08-21 15:30:00,premier,Newcastle United,Manchester City,3,3,2.2127,3.67382,8.1,8.1,,
2022,18231,2022-08-22 19:00:00,premier,Manchester United,Liverpool,2,1,2.01764,1.52301,9.1,7.0,,
2022,18232,2022-08-27 11:30:00,premier,Southampton,Manchester United,0,1,1.35887,1.34359,6.9,4.7,,
2022,18233,2022-08-27 14:00:00,premier,Brentford,Everton,1,1,2.28391,1.65465,7.0,7.0,,
2022,18234,2022-08-27 14:00:00,premier,Brighton,Leeds,1,0,1.60986,1.14874,6.0,6.0,,
2022,18235,2022-08-27 14:00:00,premier,Chelsea,Leicester,2,1,1.74916,1.96023,6.0,7.0,,
2022,18236,2022-08-27 14:00:00,premier,Liverpool,Bournemouth,9,0,4.86035,0.180991,4.8,6.9,,
2022,18237,2022-08-27 14:00:00,premier,Manchester City,Crystal Palace,4,2,2.3853,0.091976,5.9,7.0,,
2022,18238,2022-08-27 16:30:00,premier,Arsenal,Fulham,2,1,2.47427,0.926007,7.0,7.1,,
2022,18239,2022-08-28 13:00:00,premier,Aston Villa,West Ham,0,1,0.304555,0.334589,8.0,7.0,,
2022,18240,2022-08-28 13:00:00,premier,Wolverhampton Wanderers,Newcastle United,1,1,1.13248,1.93362,8.1,6.9,,
2022,18241,2022-08-28 15:30:00,premier,Nottingham Forest,Tottenham,0,2,0.801369,2.44473,8.1,8.2,,
2022,18242,2022-08-30 18:30:00,premier,Fulham,Brighton,2,1,1.07093,1.75359,3.1,3.2,,
2022,18243,2022-08-30 18:30:00,premier,Crystal Palace,Brentford,1,1,0.777363,1.61808,3.2,3.2,,
2022,18244,2022-08-30 18:45:00,premier,Southampton,Chelsea,2,1,1.44086,1.5047,3.3,3.2,,
2022,18245,2022-08-30 19:00:00,premier,Leeds,Everton,1,1,1.04551,1.17189,3.2,3.2,,
2022,18246,2022-08-31 18:30:00,premier,Manchester City,Nottingham Forest,6,0,3.83759,0.729752,4.2,3.1,,
2022,18247,2022-08-31 18:30:00,premier,Arsenal,Aston Villa,2,1,2.79971,0.297168,4.1,3.2,,
2022,18248,2022-08-31 18:30:00,premier,Bournemouth,Wolverhampton Wanderers,0,0,0.362035,1.53246,4.2,3.2,,
2022,18249,2022-08-31 18:45:00,premier,West Ham,Tottenham,1,1,1.52267,0.723285,3.2,3.1,,
2022,18250,2022-08-31 19:00:00,premier,Liverpool,Newcastle United,2,1,1.76119,0.643546,4.2,3.2,,
2022,18251,2022-09-01 19:00:00,premier,Leicester,Manchester United,0,1,0.615266,1.09969,5.2,5.3,,
2022,18252,2022-09-03 11:30:00,premier,Everton,Liverpool,0,0,1.39169,1.38617,3.7,2.7,,
2022,18253,2022-09-03 14:00:00,premier,Newcastle United,Crystal Palace,0,0,2.90672,0.920595,2.8,3.8,,
2022,18254,2022-09-03 14:00:00,premier,Nottingham Forest,Bournemouth,2,3,1.32895,0.905041,2.8,2.8,,
2022,18255,2022-09-03 14:00:00,premier,Tottenham,Fulham,2,1,2.67823,0.381556,2.8,3.8,,
2022,18256,2022-09-03 14:00:00,premier,Wolverhampton Wanderers,Southampton,1,0,1.10039,1.20838,2.8,3.8,,
2022,18257,2022-09-03 14:00:00,premier,Brentford,Leeds,5,2,2.7485,1.796,3.8,3.8,,
2022,18260,2022-09-03 14:00:00,premier,Chelsea,West Ham,2,1,0.707333,1.4196,3.8,2.8,,
2022,18258,2022-09-03 16:30:00,premier,Aston Villa,Manchester City,1,1,0.279392,1.92143,2.9,2.9,,
2022,18259,2022-09-04 13:00:00,premier,Brighton,Leicester,5,2,2.73166,1.06549,4.8,2.8,,
2022,18261,2022-09-04 15:30:00,premier,Manchester United,Arsenal,3,1,2.02904,1.42238,2.9,3.9,,
2022,18272,2022-09-16 19:00:00,premier,Aston Villa,Southampton,1,0,1.34365,0.218302,13.1,13.2,,
2022,18273,2022-09-16 19:00:00,premier,Nottingham Forest,Fulham,2,3,1.41541,1.3496,13.2,13.2,,
2022,18274,2022-09-17 11:30:00,premier,Wolverhampton Wanderers,Manchester City,0,3,0.310995,1.4242,13.9,13.8,,
2022,18275,2022-09-17 14:00:00,premier,Newcastle United,Bournemouth,1,1,1.54758,0.976948,14.0,14.0,,
2022,18278,2022-09-17 16:30:00,premier,Tottenham,Leicester,6,2,1.98619,1.59449,14.1,13.1,,
2022,18280,2022-09-18 11:00:00,premier,Brentford,Arsenal,0,3,0.54011,1.32021,14.9,13.8,,
2022,18277,2022-09-18 13:15:00,premier,Everton,West Ham,1,0,0.39773,0.655351,15.1,15.0,,
2022,18282,2022-10-01 11:30:00,premier,Arsenal,Tottenham,3,1,2.48403,1.5027,13.0,13.8,,
2022,18283,2022-10-01 14:00:00,premier,Bournemouth,Brentford,0,0,0.758128,1.046,14.0,13.1,,
2022,18284,2022-10-01 14:00:00,premier,Crystal Palace,Chelsea,1,2,0.70987,1.25506,28.0,28.0,,
2022,18285,2022-10-01 14:00:00,premier,Fulham,Newcastle United,1,4,0.683701,4.67198,14.8,14.0,,
2022,18288,2022-10-01 14:00:00,premier,Liverpool,Brighton,3,3,2.1515,2.36567,28.1,27.0,,
2022,18290,2022-10-01 14:00:00,premier,Southampton,Everton,1,2,1.95961,1.99979,14.8,13.0,,
2022,18291,2022-10-01 16:30:00,premier,West Ham,Wolverhampton Wanderers,2,0,1.03934,0.575988,13.1,14.2,,
2022,18289,2022-10-02 13:00:00,premier,Manchester City,Manchester United,6,3,3.01103,1.71335,15.1,27.9,,
2022,18286,2022-10-02 15:30:00,premier,Leeds,Aston Villa,0,0,0.298626,1.89645,29.1,15.9,,
2022,18287,2022-10-03 19:00:00,premier,Leicester,Nottingham Forest,4,0,1.2497,1.22169,16.1,17.0,,
2022,18293,2022-10-08 14:00:00,premier,Bournemouth,Leicester,2,1,1.14891,1.18125,7.0,4.8,,
2022,18295,2022-10-08 14:00:00,premier,Chelsea,Wolverhampton Wanderers,3,0,2.43092,0.748449,7.0,6.9,,
2022,18298,2022-10-08 14:00:00,premier,Manchester City,Southampton,4,0,2.73536,0.101148,6.0,7.0,,
2022,18299,2022-10-08 14:00:00,premier,Newcastle United,Brentford,5,1,2.44631,1.13466,7.0,7.0,,
2022,18294,2022-10-08 16:30:00,premier,Brighton,Tottenham,0,1,0.899735,0.771641,7.1,7.2,,
2022,18296,2022-10-09 13:00:00,premier,Crystal Palace,Leeds,2,1,1.65194,1.06564,8.0,6.9,,
2022,18301,2022-10-09 13:00:00,premier,West Ham,Fulham,3,1,3.43676,0.549848,7.9,8.0,,
2022,18292,2022-10-09 15:30:00,premier,Arsenal,Liverpool,3,2,2.81968,0.765151,8.2,8.1,,
2022,18297,2022-10-09 18:00:00,premier,Everton,Manchester United,1,2,0.365844,1.82612,8.2,7.2,,
2022,18300,2022-10-10 19:00:00,premier,Nottingham Forest,Aston Villa,1,1,0.221346,0.657187,7.0,8.1,,
2022,18303,2022-10-14 19:00:00,premier,Brentford,Brighton,2,0,1.90636,2.15668,6.2,6.1,,
2022,18306,2022-10-15 11:30:00,premier,Leicester,Crystal Palace,0,0,0.973426,0.346808,6.9,5.9,,
2022,18304,2022-10-15 14:00:00,premier,Fulham,Bournemouth,2,2,1.61738,1.62829,6.0,7.0,,
2022,18311,2022-10-15 14:00:00,premier,Wolverhampton Wanderers,Nottingham Forest,1,0,1.22368,1.24761,7.0,4.8,,
2022,18310,2022-10-15 16:30:00,premier,Tottenham,Everton,2,0,2.49409,0.560039,7.0,5.9,,
2022,18302,2022-10-16 13:00:00,premier,Aston Villa,Chelsea,0,2,2.44542,1.23643,5.8,8.0,,
2022,18305,2022-10-16 13:00:00,premier,Leeds,Arsenal,0,1,2.02232,0.821757,7.0,6.9,,
2022,18308,2022-10-16 13:00:00,premier,Manchester United,Newcastle United,0,0,1.41606,0.78815,6.8,8.0,,
2022,18309,2022-10-16 13:00:00,premier,Southampton,West Ham,1,1,0.524479,1.70727,8.0,7.0,,
2022,18307,2022-10-16 15:30:00,premier,Liverpool,Manchester City,1,0,1.9992,0.911493,7.0,8.1,,
2022,18315,2022-10-18 18:30:00,premier,Brighton,Nottingham Forest,0,0,2.10188,0.195003,4.0,3.2,,
2022,18318,2022-10-18 19:15:00,premier,Crystal Palace,Wolverhampton Wanderers,2,1,1.25617,0.857837,3.3,3.2,,
2022,18313,2022-10-19 18:30:00,premier,Bournemouth,Southampton,0,1,0.810452,1.23878,4.2,3.2,,
2022,18314,2022-10-19 18:30:00,premier,Brentford,Chelsea,0,0,1.45228,0.557405,5.0,3.2,,
2022,18319,2022-10-19 18:30:00,premier,Newcastle United,Everton,1,0,1.13393,0.0609567,3.2,4.1,,
2022,18320,2022-10-19 18:30:00,premier,Liverpool,West Ham,1,0,2.24066,2.48649,3.1,3.2,,
2022,18321,2022-10-19 19:15:00,premier,Manchester United,Tottenham,2,0,1.70973,0.658526,3.3,4.1,,
2022,18316,2022-10-20 18:30:00,premier,Fulham,Aston Villa,3,0,2.892,0.711487,5.2,4.2,,
2022,18317,2022-10-20 19:15:00,premier,Leicester,Leeds,2,0,0.655249,1.19464,5.3,4.3,,
2022,18327,2022-10-22 11:30:00,premier,Nottingham Forest,Liverpool,1,0,2.50163,2.19752,3.7,2.7,,
2022,18324,2022-10-22 14:00:00,premier,Everton,Crystal Palace,3,0,1.93396,0.597167,2.8,3.8,,
2022,18326,2022-10-22 14:00:00,premier,Manchester City,Brighton,3,1,1.86239,0.52863,5.9,3.8,,
2022,18323,2022-10-22 15:30:00,premier,Chelsea,Manchester United,1,1,1.20238,0.730935,2.9,2.8,,
2022,18322,2022-10-23 13:00:00,premier,Aston Villa,Brentford,4,0,3.45617,1.00462,2.8,3.8,,
2022,18325,2022-10-23 13:00:00,premier,Leeds,Fulham,2,3,1.96384,2.47512,2.7,2.8,,
2022,18328,2022-10-23 13:00:00,premier,Southampton,Arsenal,1,1,0.622653,1.57897,3.8,7.0,,
2022,18331,2022-10-23 13:00:00,premier,Wolverhampton Wanderers,Leicester,0,4,1.61785,0.989075,4.7,2.7,,
2022,18329,2022-10-23 15:30:00,premier,Tottenham,Newcastle United,1,2,1.56513,1.1294,3.8,3.9,,
2022,18330,2022-10-24 19:00:00,premier,West Ham,Bournemouth,2,0,1.97715,0.730443,5.0,5.0,,
2022,18338,2022-10-29 11:30:00,premier,Leicester,Manchester City,0,1,0.693597,0.703827,5.9,6.9,,
2022,18333,2022-10-29 14:00:00,premier,Bournemouth,Tottenham,2,3,0.887533,2.1946,4.8,5.9,,
2022,18334,2022-10-29 14:00:00,premier,Brentford,Wolverhampton Wanderers,1,1,1.29257,0.557605,6.0,6.0,,
2022,18335,2022-10-29 14:00:00,premier,Brighton,Chelsea,4,1,2.881,1.07554,7.0,6.9,,
2022,18336,2022-10-29 14:00:00,premier,Crystal Palace,Southampton,1,0,1.00384,1.35803,7.0,6.0,,
2022,18341,2022-10-29 14:00:00,premier,Newcastle United,Aston Villa,4,0,4.18808,0.270814,5.9,6.0,,
2022,18337,2022-10-29 16:30:00,premier,Fulham,Everton,0,0,1.76438,1.19166,6.1,7.1,,
2022,18339,2022-10-29 18:45:00,premier,Liverpool,Leeds,1,2,1.90889,1.61271,7.3,6.2,,
2022,18332,2022-10-30 14:00:00,premier,Arsenal,Nottingham Forest,5,0,3.00699,0.206127,7.0,8.1,,
2022,18340,2022-10-30 16:15:00,premier,Manchester United,West Ham,1,0,1.7514,1.00033,8.0,5.9,,
2022,18345,2022-11-05 15:00:00,premier,Leeds,Bournemouth,4,3,2.22532,1.55594,6.8,7.0,,
2022,18346,2022-11-05 15:00:00,premier,Manchester City,Fulham,2,1,2.39332,0.843884,7.1,6.9,,
2022,18347,2022-11-05 15:00:00,premier,Nottingham Forest,Brentford,2,2,1.29696,1.2204,6.0,7.0,,
2022,18351,2022-11-05 15:00:00,premier,Wolverhampton Wanderers,Brighton,2,3,1.29252,1.87375,7.0,7.0,,
2022,18344,2022-11-05 17:30:00,premier,Everton,Leicester,0,2,1.3729,2.2679,7.0,7.2,,
2022,18343,2022-11-06 12:00:00,premier,Chelsea,Arsenal,0,1,0.278815,2.37846,7.9,6.9,,
2022,18342,2022-11-06 14:00:00,premier,Aston Villa,Manchester United,3,1,0.578563,0.517189,8.0,6.9,,
2022,18348,2022-11-06 14:00:00,premier,Southampton,Newcastle United,1,4,1.65228,1.42101,8.0,8.0,,
2022,18350,2022-11-06 14:00:00,premier,West Ham,Crystal Palace,1,2,0.192579,1.03344,6.9,8.0,,
2022,18349,2022-11-06 16:30:00,premier,Tottenham,Liverpool,1,2,1.81736,1.46548,8.1,7.9,,
2022,18356,2022-11-12 12:30:00,premier,Manchester City,Brentford,1,2,1.605,3.29012,6.9,6.9,,
2022,18352,2022-11-12 15:00:00,premier,Bournemouth,Everton,3,0,2.45642,0.768756,7.0,6.9,,
2022,18355,2022-11-12 15:00:00,premier,Liverpool,Southampton,3,1,2.74418,1.43427,5.9,6.0,,
2022,18358,2022-11-12 15:00:00,premier,Nottingham Forest,Crystal Palace,1,0,1.23752,1.14552,7.0,6.0,,
2022,18359,2022-11-12 15:00:00,premier,Tottenham,Leeds,4,3,2.58046,1.71731,5.9,7.0,,
2022,18360,2022-11-12 15:00:00,premier,West Ham,Leicester,0,2,0.720721,1.60566,6.0,6.9,,
2022,18357,2022-11-12 17:30:00,premier,Newcastle United,Chelsea,1,0,1.3601,0.359105,6.1,6.2,,
2022,18361,2022-11-12 19:45:00,premier,Wolverhampton Wanderers,Arsenal,0,2,0.512339,2.27996,7.2,6.3,,
2022,18353,2022-11-13 14:00:00,premier,Brighton,Aston Villa,1,2,0.829107,1.15437,8.0,7.0,,
2022,18354,2022-11-13 16:30:00,premier,Fulham,Manchester United,1,2,1.70218,3.37664,8.1,7.1,,
2022,18364,2022-12-26 12:30:00,premier,Brentford,Tottenham,2,2,2.25263,0.883787,44.0,43.9,,
2022,18366,2022-12-26 15:00:00,premier,Crystal Palace,Fulham,0,3,0.421754,2.69927,44.0,42.9,,
2022,18367,2022-12-26 15:00:00,premier,Everton,Wolverhampton Wanderers,1,2,1.22653,1.22076,44.0,43.8,,
2022,18369,2022-12-26 15:00:00,premier,Leicester,Newcastle United,0,3,0.31099,1.76382,44.0,43.9,,
2022,18371,2022-12-26 15:00:00,premier,Southampton,Brighton,1,3,1.70709,1.00714,44.0,43.0,,
2022,18363,2022-12-26 17:30:00,premier,Aston Villa,Liverpool,1,3,1.69155,3.50694,43.1,44.1,,
2022,18362,2022-12-26 20:00:00,premier,Arsenal,West Ham,3,1,1.88828,1.02652,44.0,44.2,,
2022,18365,2022-12-27 17:30:00,premier,Chelsea,Bournemouth,2,0,1.91378,0.44307,45.0,45.1,,
2022,18370,2022-12-27 20:00:00,premier,Manchester United,Nottingham Forest,3,0,2.13668,0.477076,44.1,45.2,,
2022,18368,2022-12-28 20:00:00,premier,Leeds,Manchester City,1,3,0.603751,4.16249,46.2,46.3,,
2022,18380,2022-12-30 19:45:00,premier,West Ham,Brentford,0,2,1.13979,1.51436,4.0,4.3,,
2022,18375,2022-12-30 20:00:00,premier,Liverpool,Leicester,2,1,2.02463,0.863312,4.1,4.2,,
2022,18381,2022-12-31 12:30:00,premier,Wolverhampton Wanderers,Manchester United,0,1,0.587672,2.44728,4.9,3.7,,
2022,18372,2022-12-31 15:00:00,premier,Bournemouth,Crystal Palace,0,2,0.895819,1.75264,3.9,5.0,,
2022,18374,2022-12-31 15:00:00,premier,Fulham,Southampton,2,1,1.49305,0.698711,5.0,5.0,,
2022,18376,2022-12-31 15:00:00,premier,Manchester City,Everton,1,1,2.36333,0.0760019,2.8,5.0,,
2022,18377,2022-12-31 15:00:00,premier,Newcastle United,Leeds,0,0,2.78846,0.517099,5.0,2.8,,
2022,18373,2022-12-31 17:30:00,premier,Brighton,Arsenal,2,4,1.15663,3.22106,5.1,4.9,,
2022,18379,2023-01-01 14:00:00,premier,Tottenham,Aston Villa,0,2,0.569383,1.21733,6.1,5.9,,
2022,18378,2023-01-01 16:30:00,premier,Nottingham Forest,Chelsea,1,1,0.985219,1.37305,4.9,5.0,,
2022,18384,2023-01-02 17:30:00,premier,Brentford,Liverpool,3,1,2.0991,2.10461,2.9,2.9,,
2022,18382,2023-01-03 19:45:00,premier,Arsenal,Newcastle United,0,0,0.970637,0.959523,3.1,3.2,,
2022,18387,2023-01-03 19:45:00,premier,Everton,Brighton,1,4,1.16896,2.50731,3.2,3.1,,
2022,18389,2023-01-03 19:45:00,premier,Leicester,Fulham,0,1,1.45221,1.33493,4.0,3.2,,
2022,18390,2023-01-03 20:00:00,premier,Manchester United,Bournemouth,3,0,2.97383,0.679022,3.3,3.2,,
2022,18391,2023-01-04 19:30:00,premier,Southampton,Nottingham Forest,0,1,0.62937,1.22324,4.2,3.1,,
2022,18388,2023-01-04 19:45:00,premier,Leeds,West Ham,2,2,1.2577,1.29245,4.2,5.0,,
2022,18383,2023-01-04 20:00:00,premier,Aston Villa,Wolverhampton Wanderers,1,1,1.03226,0.832522,3.2,4.3,,
2022,18386,2023-01-04 20:00:00,premier,Crystal Palace,Tottenham,0,4,0.787525,1.66514,4.2,3.2,,
2022,18385,2023-01-05 20:00:00,premier,Chelsea,Manchester City,0,1,0.493576,1.71972,4.1,5.2,,
2022,18262,2023-01-12 19:00:00,premier,Fulham,Chelsea,2,1,0.711266,2.39911,9.0,7.0,,
2022,18392,2023-01-13 20:00:00,premier,Aston Villa,Leeds,2,1,1.64599,2.46295,9.0,9.0,,
2022,18397,2023-01-14 12:30:00,premier,Manchester United,Manchester City,2,1,1.98228,0.73695,10.7,8.7,,
2022,18394,2023-01-14 15:00:00,premier,Brighton,Liverpool,3,0,2.40062,1.28853,10.8,11.9,,
2022,18396,2023-01-14 15:00:00,premier,Everton,Southampton,1,2,1.18191,1.08412,10.8,9.8,,
2022,18399,2023-01-14 15:00:00,premier,Nottingham Forest,Leicester,2,0,1.75313,0.803421,9.8,10.8,,
2022,18401,2023-01-14 15:00:00,premier,Wolverhampton Wanderers,West Ham,1,0,0.806232,0.735105,9.8,9.8,,
2022,18393,2023-01-14 17:30:00,premier,Brentford,Bournemouth,2,0,1.29815,0.269283,12.0,10.9,,
2022,18395,2023-01-15 14:00:00,premier,Chelsea,Crystal Palace,1,0,2.12987,0.837366,2.8,10.8,,
2022,18398,2023-01-15 14:00:00,premier,Newcastle United,Fulham,1,0,1.96256,0.989872,11.8,2.8,,
2022,18400,2023-01-15 16:30:00,premier,Tottenham,Arsenal,0,2,1.71032,2.04232,10.9,11.9,,
2022,18270,2023-01-18 15:30:00,premier,Crystal Palace,Manchester United,1,1,0.413339,1.39437,3.1,4.1,,
2022,18267,2023-01-19 19:00:00,premier,Manchester City,Tottenham,4,2,2.34166,1.16499,5.3,4.1,,
2022,18408,2023-01-21 12:30:00,premier,Liverpool,Chelsea,0,0,1.30125,1.84467,6.9,5.9,,
2022,18403,2023-01-21 15:00:00,premier,Bournemouth,Nottingham Forest,1,1,1.80549,1.57544,6.9,7.0,,
2022,18407,2023-01-21 15:00:00,premier,Leicester,Brighton,2,2,1.35941,1.94491,7.0,7.0,,
2022,18410,2023-01-21 15:00:00,premier,Southampton,Aston Villa,0,1,0.672444,1.16432,7.0,7.8,,
2022,18411,2023-01-21 15:00:00,premier,West Ham,Everton,2,0,2.46879,0.286826,7.0,7.0,,
2022,18404,2023-01-21 17:30:00,premier,Crystal Palace,Newcastle United,0,0,0.333154,1.44384,3.1,6.1,,
2022,18406,2023-01-22 14:00:00,premier,Leeds,Brentford,0,0,0.374736,0.17114,8.8,7.9,,
2022,18409,2023-01-22 14:00:00,premier,Manchester City,Wolverhampton Wanderers,3,0,3.32757,0.469277,2.8,8.0,,
2022,18402,2023-01-22 16:30:00,premier,Arsenal,Manchester United,3,2,2.90273,0.272246,7.0,4.0,,
2022,18405,2023-01-23 20:00:00,premier,Fulham,Tottenham,0,1,1.09339,0.993805,8.2,4.0,,
2022,18415,2023-02-03 20:00:00,premier,Chelsea,Fulham,0,0,1.41471,0.493341,13.3,11.0,,
2022,18416,2023-02-04 12:30:00,premier,Everton,Arsenal,1,0,2.09191,0.690102,13.9,12.8,,
2022,18412,2023-02-04 15:00:00,premier,Aston Villa,Leicester,2,4,1.4989,2.49784,14.0,14.0,,
2022,18413,2023-02-04 15:00:00,premier,Brentford,Southampton,3,0,2.36747,0.644385,13.0,14.0,,
2022,18414,2023-02-04 15:00:00,premier,Brighton,Bournemouth,1,0,2.55696,0.908298,14.0,14.0,,
2022,18417,2023-02-04 15:00:00,premier,Manchester United,Crystal Palace,2,1,2.07035,1.3798,12.9,13.9,,
2022,18421,2023-02-04 15:00:00,premier,Wolverhampton Wanderers,Liverpool,3,0,2.63328,1.30193,13.0,14.1,,
2022,18418,2023-02-04 17:30:00,premier,Newcastle United,West Ham,1,1,1.22883,1.27831,14.0,14.1,,
2022,18419,2023-02-05 14:00:00,premier,Nottingham Forest,Leeds,1,0,0.3325,1.12331,15.0,14.0,,
2022,18420,2023-02-05 16:30:00,premier,Tottenham,Manchester City,1,0,1.42168,0.773747,12.9,14.1,,
2022,18279,2023-02-08 19:00:00,premier,Manchester United,Leeds,2,2,2.00007,0.554798,4.2,3.2,,
2022,18431,2023-02-11 12:30:00,premier,West Ham,Chelsea,1,1,1.07615,0.900465,6.8,7.7,,
2022,18422,2023-02-11 15:00:00,premier,Arsenal,Brentford,1,1,1.36738,2.17538,7.1,7.0,,
2022,18424,2023-02-11 15:00:00,premier,Crystal Palace,Brighton,1,1,0.928279,2.64981,7.0,7.0,,
2022,18425,2023-02-11 15:00:00,premier,Fulham,Nottingham Forest,2,0,1.69704,0.686824,7.8,6.0,,
2022,18427,2023-02-11 15:00:00,premier,Leicester,Tottenham,4,1,1.41208,1.11709,7.0,5.9,,
2022,18430,2023-02-11 15:00:00,premier,Southampton,Wolverhampton Wanderers,1,2,1.30203,0.615651,7.0,7.0,,
2022,18423,2023-02-11 17:30:00,premier,Bournemouth,Newcastle United,1,1,1.54458,1.54853,7.1,7.0,,
2022,18426,2023-02-12 14:00:00,premier,Leeds,Manchester United,0,2,1.89163,1.30375,3.8,3.8,,
2022,18429,2023-02-12 16:30:00,premier,Manchester City,Aston Villa,3,1,3.60987,0.275348,7.0,8.1,,
2022,18428,2023-02-13 20:00:00,premier,Liverpool,Everton,2,0,2.23291,0.402331,9.2,9.3,,
2022,18312,2023-02-15 18:30:00,premier,Arsenal,Manchester City,1,3,1.70139,2.00841,4.1,3.1,,
2022,18432,2023-02-18 12:30:00,premier,Aston Villa,Arsenal,2,4,0.335752,2.85981,5.8,2.8,,
2022,18433,2023-02-18 15:00:00,premier,Brentford,Crystal Palace,1,1,0.610105,1.12202,7.0,7.0,,
2022,18434,2023-02-18 15:00:00,premier,Brighton,Fulham,0,1,2.71375,0.224214,7.0,7.0,,
2022,18435,2023-02-18 15:00:00,premier,Chelsea,Southampton,0,1,1.61723,0.619532,7.1,7.0,,
2022,18436,2023-02-18 15:00:00,premier,Everton,Leeds,1,0,1.53811,0.597403,4.8,6.0,,
2022,18439,2023-02-18 15:00:00,premier,Nottingham Forest,Manchester City,1,1,1.12735,2.80966,7.0,2.9,,
2022,18441,2023-02-18 15:00:00,premier,Wolverhampton Wanderers,Bournemouth,0,1,0.911415,1.15274,7.0,6.9,,
2022,18438,2023-02-18 17:30:00,premier,Newcastle United,Liverpool,0,2,1.74852,2.16549,7.0,4.9,,
2022,18437,2023-02-19 14:00:00,premier,Manchester United,Leicester,3,0,4.24663,1.39678,7.0,8.0,,
2022,18440,2023-02-19 16:30:00,premier,Tottenham,West Ham,2,0,1.43042,0.365173,8.1,8.2,,
2022,18445,2023-02-24 20:00:00,premier,Fulham,Wolverhampton Wanderers,1,1,0.913133,0.997097,6.2,6.2,,
2022,18444,2023-02-25 15:00:00,premier,Everton,Aston Villa,0,2,1.54109,2.06037,7.0,7.1,,
2022,18446,2023-02-25 15:00:00,premier,Leeds,Southampton,1,0,0.720048,0.391128,7.0,7.0,,
2022,18447,2023-02-25 15:00:00,premier,Leicester,Arsenal,0,1,0.0203463,0.722059,6.0,7.1,,
2022,18451,2023-02-25 15:00:00,premier,West Ham,Nottingham Forest,4,0,3.05032,0.350849,5.9,7.0,,
2022,18442,2023-02-25 17:30:00,premier,Bournemouth,Manchester City,1,4,1.08527,2.98206,7.1,7.1,,
2022,18443,2023-02-25 19:45:00,premier,Crystal Palace,Liverpool,0,0,0.989086,1.35123,7.2,7.1,,
2022,18450,2023-02-26 13:30:00,premier,Tottenham,Chelsea,2,0,0.926313,0.262281,6.9,7.9,,
2022,18264,2023-03-01 20:00:00,premier,Liverpool,Wolverhampton Wanderers,2,0,2.70191,0.78681,4.0,5.0,,
2022,18269,2023-03-01 20:00:00,premier,Arsenal,Everton,4,0,3.06919,1.604,4.2,4.2,,
2022,18458,2023-03-04 12:30:00,premier,Manchester City,Newcastle United,2,0,1.34144,0.359809,6.8,13.8,,
2022,18452,2023-03-04 15:00:00,premier,Arsenal,Bournemouth,3,2,2.46279,1.74267,2.8,6.9,,
2022,18453,2023-03-04 15:00:00,premier,Aston Villa,Crystal Palace,1,0,0.890605,0.152761,7.0,6.8,,
2022,18455,2023-03-04 15:00:00,premier,Brighton,West Ham,4,0,3.49993,0.250045,14.0,7.0,,
2022,18456,2023-03-04 15:00:00,premier,Chelsea,Leeds,1,0,1.8678,0.633995,6.1,7.0,,
2022,18461,2023-03-04 15:00:00,premier,Wolverhampton Wanderers,Tottenham,1,0,0.562477,1.25588,2.8,6.1,,
2022,18460,2023-03-04 17:30:00,premier,Southampton,Leicester,1,0,1.34332,1.67051,7.1,7.1,,
2022,18459,2023-03-05 14:00:00,premier,Nottingham Forest,Everton,2,2,0.799733,1.70877,8.0,3.8,,
2022,18457,2023-03-05 16:30:00,premier,Liverpool,Manchester United,7,0,3.44269,0.837542,3.9,14.1,,
2022,18454,2023-03-06 20:00:00,premier,Brentford,Fulham,3,2,2.44358,1.67531,16.2,10.0,,
2022,18462,2023-03-11 12:30:00,premier,Bournemouth,Liverpool,1,0,1.10128,2.13465,6.9,5.8,,
2022,18464,2023-03-11 15:00:00,premier,Everton,Brentford,1,0,1.71599,1.95088,6.0,4.8,,
2022,18466,2023-03-11 15:00:00,premier,Leeds,Brighton,2,2,0.596738,1.51388,7.0,7.0,,
2022,18467,2023-03-11 15:00:00,premier,Leicester,Chelsea,1,3,2.36139,1.49478,6.9,7.0,,
2022,18470,2023-03-11 15:00:00,premier,Tottenham,Nottingham Forest,3,1,1.73482,1.62805,7.0,6.0,,
2022,18463,2023-03-11 17:30:00,premier,Crystal Palace,Manchester City,0,1,0.185498,2.1884,7.1,7.2,,
2022,18465,2023-03-12 14:00:00,premier,Fulham,Arsenal,0,3,0.61832,2.64355,5.8,8.0,,
2022,18468,2023-03-12 14:00:00,premier,Manchester United,Southampton,0,0,0.910911,1.18053,6.9,7.9,,
2022,18471,2023-03-12 14:00:00,premier,West Ham,Aston Villa,1,1,2.14634,1.99139,8.0,8.0,,
2022,18469,2023-03-12 16:30:00,premier,Newcastle United,Wolverhampton Wanderers,2,1,2.45527,0.709895,8.2,8.1,,
2022,18265,2023-03-15 19:30:00,premier,Southampton,Brentford,0,2,0.358977,1.66591,3.2,4.2,,
2022,18276,2023-03-15 19:30:00,premier,Brighton,Crystal Palace,1,0,0.588727,1.21452,4.2,4.1,,
2022,18479,2023-03-17 20:00:00,premier,Nottingham Forest,Newcastle United,1,2,0.531985,2.50027,6.2,5.1,,
2022,18473,2023-03-18 15:00:00,premier,Aston Villa,Bournemouth,3,0,3.45474,0.50014,6.0,7.1,,
2022,18474,2023-03-18 15:00:00,premier,Brentford,Leicester,1,1,0.476467,1.42133,2.8,7.0,,
2022,18480,2023-03-18 15:00:00,premier,Southampton,Tottenham,3,3,2.52077,1.88473,2.8,7.0,,
2022,18481,2023-03-18 15:00:00,premier,Wolverhampton Wanderers,Leeds,2,4,2.76358,1.6549,5.9,7.0,,
2022,18476,2023-03-18 17:30:00,premier,Chelsea,Everton,2,2,1.90027,1.64675,7.1,7.1,,
2022,18472,2023-03-19 14:00:00,premier,Arsenal,Crystal Palace,4,1,1.53568,1.19194,7.0,3.8,,
2022,18488,2023-04-01 11:30:00,premier,Manchester City,Liverpool,4,1,3.01243,0.318171,20.8,21.0,,
2022,18482,2023-04-01 14:00:00,premier,Arsenal,Leeds,4,1,3.29548,0.497609,13.0,14.0,,
2022,18483,2023-04-01 14:00:00,premier,Bournemouth,Fulham,2,1,3.14054,0.601049,14.0,20.0,,
2022,18484,2023-04-01 14:00:00,premier,Brighton,Brentford,3,3,3.8195,1.2788,16.8,14.0,,
2022,18486,2023-04-01 14:00:00,premier,Crystal Palace,Leicester,2,1,1.93471,0.198959,13.0,14.0,,
2022,18490,2023-04-01 14:00:00,premier,Nottingham Forest,Wolverhampton Wanderers,1,1,1.11441,0.383739,14.8,14.0,,
2022,18485,2023-04-01 16:30:00,premier,Chelsea,Aston Villa,0,2,2.38024,0.765794,14.0,14.1,,
2022,18491,2023-04-02 13:00:00,premier,West Ham,Southampton,1,0,1.40363,0.318261,21.0,14.9,,
2022,18489,2023-04-02 15:30:00,premier,Newcastle United,Manchester United,2,0,3.33162,0.334127,15.8,21.1,,
2022,18487,2023-04-03 19:00:00,premier,Everton,Tottenham,1,1,0.823365,1.39177,16.1,16.2,,
2022,18263,2023-04-04 18:45:00,premier,Leicester,Aston Villa,1,2,0.671597,1.00159,3.2,3.1,,
2022,18266,2023-04-04 18:45:00,premier,Bournemouth,Brighton,0,2,1.15322,2.63392,3.2,3.2,,
2022,18271,2023-04-04 18:45:00,premier,Leeds,Nottingham Forest,2,1,2.43248,0.613917,3.2,3.2,,
2022,18281,2023-04-04 19:00:00,premier,Chelsea,Liverpool,0,0,2.18903,0.202217,3.1,3.3,,
2022,18268,2023-04-05 19:00:00,premier,West Ham,Newcastle United,1,5,0.83342,2.84091,3.2,3.1,,
2022,18448,2023-04-05 19:00:00,premier,Manchester United,Brentford,1,0,1.1445,0.64499,3.1,4.2,,
2022,18498,2023-04-08 11:30:00,premier,Manchester United,Everton,2,0,4.38578,0.949183,2.7,4.7,,
2022,18492,2023-04-08 14:00:00,premier,Aston Villa,Nottingham Forest,2,0,1.42718,0.232452,3.8,3.8,,
2022,18493,2023-04-08 14:00:00,premier,Brentford,Newcastle United,1,2,2.06521,1.02337,2.8,2.8,,
2022,18494,2023-04-08 14:00:00,premier,Fulham,West Ham,0,1,0.456524,1.23261,7.0,2.8,,
2022,18496,2023-04-08 14:00:00,premier,Leicester,Bournemouth,0,1,0.731965,1.92396,3.8,3.8,,
2022,18500,2023-04-08 14:00:00,premier,Tottenham,Brighton,2,1,0.594139,1.47549,4.8,3.8,,
2022,18501,2023-04-08 14:00:00,premier,Wolverhampton Wanderers,Chelsea,1,0,0.601153,0.815308,7.0,3.8,,
2022,18499,2023-04-08 16:30:00,premier,Southampton,Manchester City,1,4,0.492801,3.05999,6.1,7.2,,
2022,18495,2023-04-09 13:00:00,premier,Leeds,Crystal Palace,1,5,1.02075,3.22687,4.8,8.0,,
2022,18497,2023-04-09 15:30:00,premier,Liverpool,Arsenal,2,2,4.64012,1.53631,4.9,8.1,,
2022,18502,2023-04-15 11:30:00,premier,Aston Villa,Newcastle United,3,0,1.91802,0.425086,6.9,6.9,,
2022,18503,2023-04-15 14:00:00,premier,Chelsea,Brighton,1,2,0.46331,2.52107,7.0,7.0,,
2022,18504,2023-04-15 14:00:00,premier,Everton,Fulham,1,3,2.24262,1.92209,7.1,7.0,,
2022,18508,2023-04-15 14:00:00,premier,Southampton,Crystal Palace,0,2,0.678449,0.86306,6.9,6.0,,
2022,18509,2023-04-15 14:00:00,premier,Tottenham,Bournemouth,2,3,2.30604,1.20598,7.0,7.0,,
2022,18511,2023-04-15 14:00:00,premier,Wolverhampton Wanderers,Brentford,2,0,0.93912,1.5133,7.0,7.0,,
2022,18506,2023-04-15 16:30:00,premier,Manchester City,Leicester,3,1,1.60702,1.92692,7.0,7.1,,
2022,18510,2023-04-16 13:00:00,premier,West Ham,Arsenal,2,2,1.96095,2.71782,8.0,6.9,,
2022,18507,2023-04-16 15:30:00,premier,Nottingham Forest,Manchester United,0,2,1.05289,3.33747,8.1,8.2,,
2022,18505,2023-04-17 19:00:00,premier,Leeds,Liverpool,1,6,1.16748,2.65476,8.2,8.1,,
2022,18512,2023-04-21 19:00:00,premier,Arsenal,Southampton,3,3,2.39609,1.43063,5.2,6.2,,
2022,18517,2023-04-22 11:30:00,premier,Fulham,Leeds,2,1,1.43763,1.07482,6.9,4.7,,
2022,18514,2023-04-22 14:00:00,premier,Brentford,Aston Villa,1,1,2.03162,1.66602,7.0,7.1,,
2022,18516,2023-04-22 14:00:00,premier,Crystal Palace,Everton,0,0,0.368137,0.433712,7.0,7.0,,
2022,18518,2023-04-22 14:00:00,premier,Leicester,Wolverhampton Wanderers,2,1,2.66929,0.59626,6.9,7.0,,
2022,18519,2023-04-22 14:00:00,premier,Liverpool,Nottingham Forest,3,2,3.32745,0.724666,4.8,5.9,,
2022,18513,2023-04-23 13:00:00,premier,Bournemouth,West Ham,0,4,0.974687,2.52322,8.0,7.0,,
2022,18521,2023-04-23 13:00:00,premier,Newcastle United,Tottenham,6,1,3.98532,0.883001,8.1,8.0,,
2022,18527,2023-04-25 18:30:00,premier,Wolverhampton Wanderers,Crystal Palace,2,0,1.12829,0.580294,3.2,3.2,,
2022,18528,2023-04-25 18:45:00,premier,Aston Villa,Fulham,1,0,0.839159,0.079864,3.2,3.3,,
2022,18523,2023-04-25 19:00:00,premier,Leeds,Leicester,1,1,2.09645,2.08594,3.3,3.2,,
2022,18524,2023-04-26 18:30:00,premier,Nottingham Forest,Brighton,3,1,2.43846,2.33064,4.2,11.2,,
2022,18526,2023-04-26 18:45:00,premier,West Ham,Liverpool,1,2,0.939348,1.7045,3.2,4.2,,
2022,18529,2023-04-26 18:45:00,premier,Chelsea,Brentford,0,2,1.21124,0.695344,11.2,4.2,,
2022,18531,2023-04-26 19:00:00,premier,Manchester City,Arsenal,4,1,2.01168,0.398372,11.1,5.0,,
2022,18522,2023-04-27 18:45:00,premier,Everton,Newcastle United,1,4,0.777008,2.86368,5.2,4.2,,
2022,18530,2023-04-27 18:45:00,premier,Southampton,Bournemouth,0,1,0.477034,0.988554,6.0,4.2,,
2022,18525,2023-04-27 19:15:00,premier,Tottenham,Manchester United,2,2,2.37239,1.96508,4.3,11.2,,
2022,18536,2023-04-29 11:30:00,premier,Crystal Palace,West Ham,4,3,2.31888,1.98262,3.7,2.7,,
2022,18534,2023-04-29 14:00:00,premier,Brentford,Nottingham Forest,2,1,1.32059,0.939693,2.8,2.8,,
2022,18535,2023-04-29 14:00:00,premier,Brighton,Wolverhampton Wanderers,6,0,3.60471,0.603985,2.8,3.8,,
2022,18533,2023-04-30 13:00:00,premier,Bournemouth,Leeds,4,1,2.51723,1.33691,2.8,4.8,,
2022,18537,2023-04-30 13:00:00,premier,Fulham,Manchester City,1,2,0.431813,2.32338,4.8,3.8,,
2022,18540,2023-04-30 13:00:00,premier,Manchester United,Aston Villa,1,0,1.3056,0.434738,2.7,4.8,,
2022,18541,2023-04-30 13:00:00,premier,Newcastle United,Southampton,3,1,3.91457,0.897175,2.8,2.8,,
2022,18539,2023-04-30 15:30:00,premier,Liverpool,Tottenham,4,3,2.42911,1.44927,3.9,2.8,,
2022,18538,2023-05-01 19:00:00,premier,Leicester,Everton,2,2,3.32486,3.28648,6.0,4.0,,
2022,18532,2023-05-02 19:00:00,premier,Arsenal,Chelsea,3,1,2.7832,0.785202,6.0,6.0,,
2022,18477,2023-05-03 19:00:00,premier,Liverpool,Fulham,1,0,1.67372,0.740125,3.1,3.2,,
2022,18478,2023-05-03 19:00:00,premier,Manchester City,West Ham,3,0,2.99908,0.492075,3.2,4.3,,
2022,18475,2023-05-04 19:00:00,premier,Brighton,Manchester United,1,0,2.09953,1.32105,5.2,4.2,,
2022,18542,2023-05-06 14:00:00,premier,Bournemouth,Chelsea,1,3,1.21755,1.76852,6.0,3.8,,
2022,18546,2023-05-06 14:00:00,premier,Manchester City,Leeds,2,1,2.83472,0.140924,2.8,6.0,,
2022,18549,2023-05-06 14:00:00,premier,Tottenham,Crystal Palace,1,0,1.15665,0.306669,5.9,7.1,,
2022,18551,2023-05-06 14:00:00,premier,Wolverhampton Wanderers,Aston Villa,1,0,0.80605,1.50158,7.0,6.0,,
2022,18545,2023-05-06 16:30:00,premier,Liverpool,Brentford,1,0,1.992,0.183892,2.9,7.1,,
2022,18547,2023-05-07 15:30:00,premier,Newcastle United,Arsenal,0,2,1.37224,1.29061,7.1,4.9,,
2022,18550,2023-05-07 18:00:00,premier,West Ham,Manchester United,1,0,1.76618,1.1942,4.0,3.0,,
2022,18544,2023-05-08 14:00:00,premier,Fulham,Leicester,5,3,1.75276,2.92566,4.8,6.8,,
2022,18543,2023-05-08 16:30:00,premier,Brighton,Everton,1,5,3.23717,2.94223,3.9,6.9,,
2022,18548,2023-05-08 19:00:00,premier,Nottingham Forest,Southampton,4,3,1.91326,3.31096,9.2,8.2,,
2022,18558,2023-05-13 11:30:00,premier,Leeds,Newcastle United,2,2,2.01567,2.35118,6.9,5.8,,
2022,18553,2023-05-13 14:00:00,premier,Aston Villa,Tottenham,2,1,1.79987,1.18505,7.0,7.0,,
2022,18555,2023-05-13 14:00:00,premier,Chelsea,Nottingham Forest,2,2,0.999181,1.96797,7.0,4.8,,
2022,18556,2023-05-13 14:00:00,premier,Crystal Palace,Bournemouth,2,0,1.40237,0.262022,7.0,7.0,,
2022,18560,2023-05-13 14:00:00,premier,Manchester United,Wolverhampton Wanderers,2,0,3.10118,0.268789,5.8,7.0,,
2022,18561,2023-05-13 14:00:00,premier,Southampton,Fulham,0,2,0.149649,1.27085,4.8,5.0,,
2022,18554,2023-05-14 13:00:00,premier,Brentford,West Ham,2,0,4.42571,0.203312,7.9,6.8,,
2022,18557,2023-05-14 13:00:00,premier,Everton,Manchester City,0,3,1.18597,1.04338,5.9,8.0,,
2022,18552,2023-05-14 15:30:00,premier,Arsenal,Brighton,0,3,0.958651,2.21276,7.0,6.0,,
2022,18559,2023-05-15 19:00:00,premier,Leicester,Liverpool,0,3,0.527496,1.77085,7.2,9.1,,
2022,18449,2023-05-18 18:30:00,premier,Newcastle United,Brighton,4,1,4.11359,0.593493,5.3,4.1,,
2022,18569,2023-05-20 11:30:00,premier,Tottenham,Brentford,1,3,1.61667,1.15344,6.9,5.9,,
2022,18562,2023-05-20 14:00:00,premier,Bournemouth,Manchester United,0,1,0.815723,1.71783,7.0,7.0,,
2022,18564,2023-05-20 14:00:00,premier,Fulham,Crystal Palace,2,2,1.95519,1.70785,7.0,7.0,,
2022,18565,2023-05-20 14:00:00,premier,Liverpool,Aston Villa,1,1,0.918508,1.46948,4.8,7.0,,
2022,18571,2023-05-20 14:00:00,premier,Wolverhampton Wanderers,Everton,1,1,1.28976,2.46976,7.0,6.0,,
2022,18568,2023-05-20 16:30:00,premier,Nottingham Forest,Arsenal,1,0,1.1397,0.4902,7.1,6.0,,
2022,18570,2023-05-21 12:30:00,premier,West Ham,Leeds,3,1,2.48001,0.645828,7.0,8.0,,
2022,18563,2023-05-21 13:00:00,premier,Brighton,Southampton,3,1,2.41418,0.863659,2.8,8.0,,
2022,18566,2023-05-21 15:00:00,premier,Manchester City,Chelsea,1,0,1.20557,1.15648,7.1,8.0,,
2022,18567,2023-05-22 19:00:00,premier,Newcastle United,Leicester,0,0,2.05089,0.0839072,4.0,7.0,,
2022,18515,2023-05-24 19:00:00,premier,Brighton,Manchester City,1,1,2.11486,1.92973,3.2,3.2,,
2022,18520,2023-05-25 19:00:00,premier,Manchester United,Chelsea,4,1,4.92231,1.68364,5.2,4.2,,
2022,18572,2023-05-28 15:30:00,premier,Arsenal,Wolverhampton Wanderers,5,0,3.02466,0.38772,8.0,8.1,,
2022,18573,2023-05-28 15:30:00,premier,Aston Villa,Brighton,2,1,2.55845,1.23117,8.1,3.9,,
2022,18574,2023-05-28 15:30:00,premier,Brentford,Manchester City,1,0,1.43893,1.18649,8.2,3.9,,
2022,18575,2023-05-28 15:30:00,premier,Chelsea,Newcastle United,1,1,2.01924,1.51899,2.9,5.9,,
2022,18576,2023-05-28 15:30:00,premier,Crystal Palace,Nottingham Forest,1,1,1.00786,0.436439,8.1,8.0,,
2022,18577,2023-05-28 15:30:00,premier,Everton,Bournemouth,1,0,1.12933,0.432084,8.1,8.1,,
2022,18578,2023-05-28 15:30:00,premier,Leeds,Tottenham,1,4,1.19151,2.03315,7.1,8.2,,
2022,18579,2023-05-28 15:30:00,premier,Leicester,West Ham,2,1,2.03013,0.970352,5.9,7.1,,
2022,18580,2023-05-28 15:30:00,premier,Manchester United,Fulham,2,1,2.74766,1.88167,2.9,8.1,,
2022,18581,2023-05-28 15:30:00,premier,Southampton,Liverpool,4,4,1.33964,4.00345,7.1,8.1,,
2023,22275,2023-08-11 19:00:00,premier,Burnley,Manchester City,0,3,0.311032,2.40074,60.0,60.0,,
2023,22276,2023-08-12 11:30:00,premier,Arsenal,Nottingham Forest,2,1,0.84262,0.966305,60.0,60.0,,
2023,22277,2023-08-12 14:00:00,premier,Bournemouth,West Ham,1,1,1.51025,1.4834,60.0,60.0,,
2023,22278,2023-08-12 14:00:00,premier,Brighton,Luton,4,1,4.36748,1.88594,60.0,14.0,,
2023,22279,2023-08-12 14:00:00,premier,Everton,Fulham,0,1,2.59001,1.58144,60.0,60.0,,
2023,22280,2023-08-12 14:00:00,premier,Sheffield United,Crystal Palace,0,1,0.422704,2.27616,60.0,60.0,,
2023,22281,2023-08-12 16:30:00,premier,Newcastle United,Aston Villa,5,1,4.32208,1.486,60.0,60.0,,
2023,22282,2023-08-13 13:00:00,premier,Brentford,Tottenham,2,2,1.90756,1.45316,60.0,60.0,,
2023,22283,2023-08-13 15:30:00,premier,Chelsea,Liverpool,1,1,1.93258,1.29994,60.0,60.0,,
2023,22284,2023-08-14 19:00:00,premier,Manchester United,Wolverhampton Wanderers,1,0,1.97087,1.72228,60.0,60.0,,
2023,22285,2023-08-18 18:45:00,premier,Nottingham Forest,Sheffield United,2,1,1.37181,0.551038,6.3,6.2,,
2023,22286,2023-08-19 14:00:00,premier,Wolverhampton Wanderers,Brighton,1,4,2.68821,3.15562,4.8,7.0,,
2023,22287,2023-08-19 14:00:00,premier,Fulham,Brentford,0,3,0.399899,3.46888,7.0,6.0,,
2023,22288,2023-08-19 14:00:00,premier,Liverpool,Bournemouth,3,1,3.25448,1.3867,5.9,7.0,,
2023,22290,2023-08-19 16:30:00,premier,Tottenham,Manchester United,2,0,2.53904,2.44604,6.1,4.9,,
2023,22291,2023-08-19 19:00:00,premier,Manchester City,Newcastle United,1,0,1.22528,0.257154,8.0,7.1,,
2023,22292,2023-08-20 13:00:00,premier,Aston Villa,Everton,4,0,3.24336,0.721465,7.9,8.0,,
2023,22293,2023-08-20 15:30:00,premier,West Ham,Chelsea,3,1,1.71234,1.60916,8.1,7.0,,
2023,22294,2023-08-21 19:00:00,premier,Crystal Palace,Arsenal,0,1,1.06916,2.20593,9.2,9.3,,
2023,22295,2023-08-25 19:00:00,premier,Chelsea,Luton,3,0,3.41419,0.465741,5.1,13.2,,
2023,22296,2023-08-26 11:30:00,premier,Bournemouth,Tottenham,0,2,0.483582,2.26115,6.9,6.8,,
2023,22297,2023-08-26 14:00:00,premier,Arsenal,Fulham,2,2,3.23088,0.849817,4.8,7.0,,
2023,22298,2023-08-26 14:00:00,premier,Brentford,Crystal Palace,1,1,0.948011,1.06061,7.0,4.8,,
2023,22299,2023-08-26 14:00:00,premier,Everton,Wolverhampton Wanderers,0,1,1.89792,1.40228,6.0,7.0,,
2023,22300,2023-08-26 14:00:00,premier,Manchester United,Nottingham Forest,3,2,3.02803,0.960354,6.9,7.8,,
2023,22301,2023-08-26 16:30:00,premier,Brighton,West Ham,1,3,1.3743,2.9527,7.1,6.0,,
2023,22302,2023-08-27 13:00:00,premier,Burnley,Aston Villa,1,3,0.630605,2.83691,15.8,7.0,,
2023,22303,2023-08-27 13:00:00,premier,Sheffield United,Manchester City,1,2,0.762232,3.84804,8.8,7.8,,
2023,22304,2023-08-27 15:30:00,premier,Newcastle United,Liverpool,1,2,1.62037,0.856121,7.9,8.1,,
2023,21925,2023-09-01 19:00:00,premier,Luton,West Ham,1,2,2.02244,1.22528,7.0,6.1,,
2023,21926,2023-09-02 11:30:00,premier,Sheffield United,Everton,2,2,1.575,2.73871,5.9,6.9,,
2023,21927,2023-09-02 14:00:00,premier,Manchester City,Fulham,5,1,2.00152,1.46427,6.0,7.0,,
2023,21928,2023-09-02 14:00:00,premier,Brentford,Bournemouth,2,2,3.07185,2.11013,7.0,7.1,,
2023,21929,2023-09-02 14:00:00,premier,Burnley,Tottenham,2,5,1.66604,2.39785,6.0,7.1,,
2023,21930,2023-09-02 14:00:00,premier,Chelsea,Nottingham Forest,0,1,2.28442,1.1505,7.8,7.0,,
2023,21931,2023-09-02 16:30:00,premier,Brighton,Newcastle United,3,1,1.32258,0.90476,7.0,6.0,,
2023,21932,2023-09-03 13:00:00,premier,Crystal Palace,Wolverhampton Wanderers,3,2,2.32935,1.13911,8.0,8.0,,
2023,21933,2023-09-03 13:00:00,premier,Liverpool,Aston Villa,3,0,2.73138,0.615503,6.9,7.0,,
2023,21934,2023-09-03 15:30:00,premier,Arsenal,Manchester United,3,1,1.90973,0.966109,8.1,8.1,,
2023,21935,2023-09-16 11:30:00,premier,Wolverhampton Wanderers,Liverpool,1,3,0.538833,2.82701,12.9,12.9,,
2023,21936,2023-09-16 14:00:00,premier,Tottenham,Sheffield United,2,1,2.15909,0.790655,14.0,14.1,,
2023,21937,2023-09-16 14:00:00,premier,West Ham,Manchester City,1,3,0.895632,4.15046,14.8,14.0,,
2023,21938,2023-09-16 14:00:00,premier,Aston Villa,Crystal Palace,3,1,2.31518,1.11696,13.0,13.0,,
2023,21939,2023-09-16 14:00:00,premier,Fulham,Luton,1,0,1.75704,1.45705,14.0,14.8,,
2023,21940,2023-09-16 14:00:00,premier,Manchester United,Brighton,1,3,0.719951,1.93908,12.9,13.9,,
2023,21943,2023-09-16 16:30:00,premier,Newcastle United,Brentford,1,0,1.50126,0.633678,14.0,14.1,,
2023,21942,2023-09-17 13:00:00,premier,Bournemouth,Chelsea,0,0,1.32515,1.39677,15.0,15.0,,
2023,21941,2023-09-17 15:30:00,premier,Everton,Arsenal,0,1,0.28317,0.802605,15.2,14.0,,
2023,21944,2023-09-18 18:45:00,premier,Nottingham Forest,Burnley,1,1,0.705795,0.807651,16.2,16.2,,
2023,21945,2023-09-23 14:00:00,premier,Luton,Wolverhampton Wanderers,1,1,2.24101,0.762984,7.0,7.1,,
2023,21946,2023-09-23 14:00:00,premier,Manchester City,Nottingham Forest,2,0,1.33984,0.729109,7.0,4.8,,
2023,21948,2023-09-23 14:00:00,premier,Crystal Palace,Fulham,0,0,0.37236,0.542678,7.0,7.0,,
2023,21949,2023-09-23 16:30:00,premier,Brentford,Everton,1,3,1.57402,2.51497,7.0,6.0,,
2023,21950,2023-09-23 19:00:00,premier,Burnley,Manchester United,0,1,0.935444,0.840273,5.0,7.2,,
2023,21947,2023-09-24 13:00:00,premier,Chelsea,Aston Villa,0,1,1.19716,1.13479,7.0,8.0,,
2023,21951,2023-09-24 13:00:00,premier,Brighton,Bournemouth,3,1,2.14533,1.58984,8.0,7.0,,
2023,21952,2023-09-24 13:00:00,premier,Arsenal,Tottenham,2,2,2.3429,2.21166,6.9,8.0,,
2023,21953,2023-09-24 13:00:00,premier,Liverpool,West Ham,3,1,4.14262,1.53878,8.1,8.0,,
2023,21954,2023-09-24 15:30:00,premier,Sheffield United,Newcastle United,0,8,0.579392,5.1082,8.1,8.0,,
2023,21955,2023-09-30 11:30:00,premier,Aston Villa,Brighton,6,1,1.90746,1.72819,5.9,5.9,,
2023,21956,2023-09-30 14:00:00,premier,Everton,Luton,1,2,3.65377,1.5102,6.9,7.0,,
2023,21957,2023-09-30 14:00:00,premier,Manchester United,Crystal Palace,0,1,1.55408,1.19015,6.8,7.0,,
2023,21958,2023-09-30 14:00:00,premier,Newcastle United,Burnley,2,0,3.08516,0.801849,5.9,6.8,,
2023,21959,2023-09-30 14:00:00,premier,Bournemouth,Arsenal,0,4,0.644443,4.0742,6.0,6.0,,
2023,21960,2023-09-30 14:00:00,premier,West Ham,Sheffield United,2,0,3.19753,0.911997,6.0,5.9,,
2023,21961,2023-09-30 14:00:00,premier,Wolverhampton Wanderers,Manchester City,2,1,0.673985,0.98075,7.0,7.0,,
2023,21962,2023-09-30 16:30:00,premier,Tottenham,Liverpool,2,1,2.18823,1.12299,6.1,6.1,,
2023,21963,2023-10-01 13:00:00,premier,Nottingham Forest,Brentford,1,1,0.800317,1.75862,8.0,7.9,,
2023,21964,2023-10-02 19:00:00,premier,Fulham,Chelsea,0,2,0.889383,1.98461,9.2,8.2,,
2023,22289,2023-10-03 18:30:00,premier,Luton,Burnley,1,2,1.53058,0.920206,3.2,3.2,,
2023,21971,2023-10-07 11:30:00,premier,Luton,Tottenham,0,1,0.848118,2.37947,3.7,6.8,,
2023,21967,2023-10-07 14:00:00,premier,Burnley,Chelsea,1,4,0.956642,1.97566,3.8,4.8,,
2023,21969,2023-10-07 14:00:00,premier,Everton,Bournemouth,3,0,3.16482,0.981732,7.0,7.0,,
2023,21970,2023-10-07 14:00:00,premier,Fulham,Sheffield United,3,1,2.26612,0.251809,4.8,7.0,,
2023,21972,2023-10-07 14:00:00,premier,Manchester United,Brentford,2,1,1.29356,1.02509,7.0,6.0,,
2023,21968,2023-10-07 16:30:00,premier,Crystal Palace,Nottingham Forest,0,0,0.982452,1.22105,7.1,6.1,,
2023,21966,2023-10-08 13:00:00,premier,Brighton,Liverpool,2,2,2.23187,2.51029,8.1,7.9,,
2023,21973,2023-10-08 13:00:00,premier,West Ham,Newcastle United,2,2,0.931345,1.97865,8.0,8.0,,
2023,21974,2023-10-08 13:00:00,premier,Wolverhampton Wanderers,Aston Villa,1,1,1.76232,1.81618,8.0,8.1,,
2023,21965,2023-10-08 15:30:00,premier,Arsenal,Manchester City,1,0,0.386558,0.858071,8.1,8.1,,
2023,21979,2023-10-21 11:30:00,premier,Liverpool,Everton,2,0,2.28568,0.0937725,12.9,13.9,,
2023,21975,2023-10-21 14:00:00,premier,Bournemouth,Wolverhampton Wanderers,1,2,1.01839,2.30454,14.0,13.0,,
2023,21977,2023-10-21 14:00:00,premier,Brentford,Burnley,3,0,3.15685,0.693129,14.0,14.0,,
2023,21980,2023-10-21 14:00:00,premier,Manchester City,Brighton,2,1,0.962509,0.963733,12.9,13.0,,
2023,21981,2023-10-21 14:00:00,premier,Newcastle United,Crystal Palace,4,0,3.73336,1.08795,13.0,13.9,,
2023,21982,2023-10-21 14:00:00,premier,Nottingham Forest,Luton,2,2,3.27549,1.49555,13.9,14.1,,
2023,21978,2023-10-21 16:30:00,premier,Chelsea,Arsenal,2,2,1.71838,1.05791,14.1,13.0,,
2023,21983,2023-10-21 19:00:00,premier,Sheffield United,Manchester United,1,2,1.41074,1.46187,14.2,14.2,,
2023,21976,2023-10-22 15:30:00,premier,Aston Villa,West Ham,4,1,2.34143,0.659622,14.1,14.1,,
2023,21984,2023-10-23 19:00:00,premier,Tottenham,Fulham,2,0,1.63523,0.745838,16.3,16.2,,
2023,21990,2023-10-27 19:00:00,premier,Crystal Palace,Tottenham,1,2,0.561834,0.989103,6.2,4.0,,
2023,21989,2023-10-28 11:30:00,premier,Chelsea,Brentford,0,2,1.71801,2.48137,6.8,6.9,,
2023,21985,2023-10-28 14:00:00,premier,Bournemouth,Burnley,2,1,1.10052,0.90255,7.0,7.0,,
2023,21986,2023-10-28 14:00:00,premier,Arsenal,Sheffield United,5,0,3.03496,0.0281554,6.9,6.8,,
2023,21994,2023-10-28 16:30:00,premier,Wolverhampton Wanderers,Newcastle United,2,2,0.863393,2.31987,7.1,7.1,,
2023,21993,2023-10-29 13:00:00,premier,West Ham,Everton,0,1,0.618578,0.733813,6.9,8.1,,
2023,21987,2023-10-29 14:00:00,premier,Aston Villa,Luton,3,1,3.07654,0.453117,6.9,8.0,,
2023,21988,2023-10-29 14:00:00,premier,Brighton,Fulham,1,1,1.31996,0.552523,8.0,5.8,,
2023,21991,2023-10-29 14:00:00,premier,Liverpool,Nottingham Forest,3,0,2.70428,0.642014,8.1,8.0,,
2023,21992,2023-10-29 15:30:00,premier,Manchester United,Manchester City,0,3,0.714628,4.54595,7.9,8.1,,
2023,21998,2023-11-04 12:30:00,premier,Fulham,Manchester United,0,1,1.18241,0.697095,5.9,5.9,,
2023,21995,2023-11-04 15:00:00,premier,Brentford,West Ham,3,2,1.82944,1.75505,7.1,6.1,,
2023,21996,2023-11-04 15:00:00,premier,Burnley,Crystal Palace,0,2,1.4998,1.43653,7.0,7.8,,
2023,21997,2023-11-04 15:00:00,premier,Everton,Brighton,1,1,0.617607,0.442489,6.1,6.0,,
2023,22000,2023-11-04 15:00:00,premier,Manchester City,Bournemouth,6,1,2.39949,0.643127,6.0,7.0,,
2023,22003,2023-11-04 15:00:00,premier,Sheffield United,Wolverhampton Wanderers,2,1,1.10165,1.14803,7.0,6.9,,
2023,22001,2023-11-04 17:30:00,premier,Newcastle United,Arsenal,1,0,1.12355,0.535473,7.0,7.1,,
2023,22002,2023-11-05 14:00:00,premier,Nottingham Forest,Aston Villa,2,0,0.592447,1.33116,7.0,7.0,,
2023,21999,2023-11-05 16:30:00,premier,Luton,Liverpool,1,1,1.3411,3.03925,7.1,7.1,,
2023,22004,2023-11-06 20:00:00,premier,Tottenham,Chelsea,1,4,0.959108,4.05865,10.0,9.4,,
2023,22014,2023-11-11 12:30:00,premier,Wolverhampton Wanderers,Tottenham,2,1,1.90884,0.432315,6.9,4.7,,
2023,22006,2023-11-11 15:00:00,premier,Arsenal,Burnley,3,1,2.63194,0.327706,6.9,7.0,,
2023,22010,2023-11-11 15:00:00,premier,Crystal Palace,Everton,2,3,1.89194,1.7904,7.0,7.0,,
2023,22012,2023-11-11 15:00:00,premier,Manchester United,Luton,1,0,2.74105,0.408265,7.1,5.9,,
2023,22005,2023-11-11 17:30:00,premier,Bournemouth,Newcastle United,2,0,2.78424,0.306141,7.1,7.0,,
2023,22007,2023-11-12 14:00:00,premier,Aston Villa,Fulham,3,1,2.86039,0.648745,7.0,8.1,,
2023,22008,2023-11-12 14:00:00,premier,Brighton,Sheffield United,1,1,1.08601,0.84434,8.0,8.0,,
2023,22011,2023-11-12 14:00:00,premier,Liverpool,Brentford,3,0,1.56004,1.44954,6.9,8.0,,
2023,22013,2023-11-12 14:00:00,premier,West Ham,Nottingham Forest,3,2,2.06402,1.42128,8.0,7.0,,
2023,22009,2023-11-12 16:30:00,premier,Chelsea,Manchester City,4,4,3.47238,3.19324,5.9,8.1,,
2023,22020,2023-11-25 12:30:00,premier,Manchester City,Liverpool,1,1,1.79622,0.766278,12.8,12.9,,
2023,22016,2023-11-25 15:00:00,premier,Burnley,West Ham,1,2,1.44228,1.36963,14.0,13.0,,
2023,22019,2023-11-25 15:00:00,premier,Luton,Crystal Palace,2,1,0.996153,1.83546,14.0,14.0,,
2023,22021,2023-11-25 15:00:00,premier,Newcastle United,Chelsea,4,1,2.15227,0.968061,13.9,12.9,,
2023,22022,2023-11-25 15:00:00,premier,Nottingham Forest,Brighton,2,3,2.22655,1.21792,13.0,13.0,,
2023,22023,2023-11-25 15:00:00,premier,Sheffield United,Bournemouth,1,3,0.816227,3.13975,13.0,13.9,,
2023,22015,2023-11-25 17:30:00,premier,Brentford,Arsenal,0,1,1.66315,1.82699,13.1,14.1,,
2023,22024,2023-11-26 14:00:00,premier,Tottenham,Aston Villa,1,2,2.22542,2.39755,15.1,14.0,,
2023,22017,2023-11-26 16:30:00,premier,Everton,Manchester United,0,3,2.49764,2.07334,15.1,15.1,,
2023,22018,2023-11-27 20:00:00,premier,Fulham,Wolverhampton Wanderers,3,2,2.49057,1.57875,15.2,16.3,,
2023,22026,2023-12-02 15:00:00,premier,Arsenal,Wolverhampton Wanderers,2,1,3.30368,1.07886,6.9,4.8,,
2023,22027,2023-12-02 15:00:00,premier,Brentford,Luton,3,1,3.25952,0.227176,6.9,7.0,,
2023,22028,2023-12-02 15:00:00,premier,Burnley,Sheffield United,5,0,2.60469,0.618131,7.0,7.0,,
2023,22033,2023-12-02 17:30:00,premier,Nottingham Forest,Everton,0,1,0.673085,0.623789,7.1,6.0,,
2023,22032,2023-12-02 20:00:00,premier,Newcastle United,Manchester United,1,0,2.90191,0.422674,7.2,6.1,,
2023,22025,2023-12-03 14:00:00,premier,Bournemouth,Aston Villa,2,2,2.54937,0.89511,8.0,7.0,,
2023,22029,2023-12-03 14:00:00,premier,Chelsea,Brighton,3,2,1.66304,0.855058,8.0,8.0,,
2023,22030,2023-12-03 14:00:00,premier,Liverpool,Fulham,4,3,2.72831,1.51005,8.1,5.8,,
2023,22034,2023-12-03 14:00:00,premier,West Ham,Crystal Palace,1,1,1.1466,0.987682,8.0,8.0,,
2023,22031,2023-12-03 16:30:00,premier,Manchester City,Tottenham,3,3,2.90729,0.433077,8.2,7.1,,
2023,22042,2023-12-05 19:30:00,premier,Wolverhampton Wanderers,Burnley,1,0,1.11886,0.781542,3.2,3.2,,
2023,22039,2023-12-05 20:15:00,premier,Luton,Arsenal,3,4,0.526254,2.58815,3.2,3.2,,
2023,22036,2023-12-06 19:30:00,premier,Brighton,Brentford,2,1,1.54099,1.22007,3.2,4.2,,
2023,22038,2023-12-06 19:30:00,premier,Fulham,Nottingham Forest,5,0,3.09427,0.218659,3.2,4.1,,
2023,22040,2023-12-06 19:30:00,premier,Sheffield United,Liverpool,0,2,0.834172,1.80116,4.2,3.2,,
2023,22043,2023-12-06 19:30:00,premier,Crystal Palace,Bournemouth,0,2,1.26441,1.79997,3.2,3.2,,
2023,22035,2023-12-06 20:15:00,premier,Aston Villa,Manchester City,1,0,2.1922,1.00198,3.3,3.2,,
2023,22044,2023-12-06 20:15:00,premier,Manchester United,Chelsea,2,1,4.03949,2.3512,4.0,3.3,,
2023,22037,2023-12-07 19:30:00,premier,Everton,Newcastle United,3,0,2.95393,1.29564,5.1,5.0,,
2023,22041,2023-12-07 20:15:00,premier,Tottenham,West Ham,1,2,1.61268,1.7409,4.2,4.3,,
2023,22047,2023-12-09 12:30:00,premier,Crystal Palace,Liverpool,1,2,1.79152,1.3708,2.7,2.7,,
2023,22046,2023-12-09 15:00:00,premier,Brighton,Burnley,1,1,2.96247,1.05162,2.8,3.8,,
2023,22051,2023-12-09 15:00:00,premier,Manchester United,Bournemouth,0,3,1.11296,1.9742,2.8,2.8,,
2023,22052,2023-12-09 15:00:00,premier,Sheffield United,Brentford,1,0,0.841976,0.644638,2.8,2.8,,
2023,22054,2023-12-09 15:00:00,premier,Wolverhampton Wanderers,Nottingham Forest,1,1,1.02199,1.21801,3.8,2.8,,
2023,22045,2023-12-09 17:30:00,premier,Aston Villa,Arsenal,1,0,0.628499,1.71667,2.9,3.9,,
2023,22048,2023-12-10 14:00:00,premier,Everton,Chelsea,2,0,1.11437,0.885512,2.8,3.7,,
2023,22049,2023-12-10 14:00:00,premier,Fulham,West Ham,5,0,2.1884,0.983,3.8,2.7,,
2023,22050,2023-12-10 14:00:00,premier,Luton,Manchester City,1,2,0.689037,2.23353,4.7,3.7,,
2023,22053,2023-12-10 16:30:00,premier,Tottenham,Newcastle United,4,1,4.40118,1.61368,2.8,2.9,,
2023,22063,2023-12-15 20:00:00,premier,Nottingham Forest,Tottenham,0,2,1.70569,1.60738,6.2,5.1,,
2023,22059,2023-12-16 15:00:00,premier,Chelsea,Sheffield United,2,0,3.27322,0.44014,6.0,7.0,,
2023,22061,2023-12-16 15:00:00,premier,Manchester City,Crystal Palace,2,2,2.41646,1.64977,6.0,7.1,,
2023,22062,2023-12-16 15:00:00,premier,Newcastle United,Fulham,3,0,4.27933,0.471042,5.9,6.0,,
2023,22058,2023-12-16 17:30:00,premier,Burnley,Everton,0,2,0.811435,2.22305,7.1,6.1,,
2023,22056,2023-12-17 14:00:00,premier,Arsenal,Brighton,2,0,2.76976,0.663054,7.9,8.0,,
2023,22057,2023-12-17 14:00:00,premier,Brentford,Aston Villa,1,2,0.796812,1.4664,8.0,7.9,,
2023,22064,2023-12-17 14:00:00,premier,West Ham,Wolverhampton Wanderers,3,0,1.03828,0.556206,7.0,8.0,,
2023,22060,2023-12-17 16:30:00,premier,Liverpool,Manchester United,0,0,1.97111,0.632715,8.2,8.1,,
2023,22066,2023-12-21 20:00:00,premier,Crystal Palace,Brighton,1,1,1.65409,1.33653,5.2,4.2,,
2023,22065,2023-12-22 20:00:00,premier,Aston Villa,Sheffield United,1,1,1.21861,0.646159,5.2,6.2,,
2023,22072,2023-12-23 12:30:00,premier,West Ham,Manchester United,2,0,1.51468,0.730496,5.9,5.8,,
2023,22067,2023-12-23 15:00:00,premier,Fulham,Burnley,0,2,1.38096,0.41714,7.0,6.9,,
2023,22069,2023-12-23 15:00:00,premier,Luton,Newcastle United,1,0,1.81844,1.41488,13.0,7.0,,
2023,22070,2023-12-23 15:00:00,premier,Nottingham Forest,Bournemouth,2,3,0.791806,1.89067,7.8,14.0,,
2023,22071,2023-12-23 15:00:00,premier,Tottenham,Everton,2,1,1.57527,1.98385,7.8,6.9,,
2023,22068,2023-12-23 17:30:00,premier,Liverpool,Arsenal,1,1,0.982901,0.851681,6.0,6.1,,
2023,22073,2023-12-24 13:00:00,premier,Wolverhampton Wanderers,Chelsea,2,1,1.74626,1.75447,7.0,7.9,,
2023,22083,2023-12-26 12:30:00,premier,Newcastle United,Nottingham Forest,1,3,2.79106,3.1074,2.9,2.9,,
2023,22075,2023-12-26 15:00:00,premier,Bournemouth,Fulham,3,0,2.07911,0.324365,3.0,3.0,,
2023,22084,2023-12-26 15:00:00,premier,Sheffield United,Luton,2,3,3.61788,0.715575,3.8,3.0,,
2023,22079,2023-12-26 17:30:00,premier,Burnley,Liverpool,0,2,0.972389,1.68451,3.1,3.0,,
2023,22082,2023-12-26 20:00:00,premier,Manchester United,Aston Villa,3,2,1.20104,1.83637,3.3,4.0,,
2023,22077,2023-12-27 19:30:00,premier,Brentford,Wolverhampton Wanderers,1,4,2.59347,1.89483,10.2,3.3,,
2023,22080,2023-12-27 19:30:00,premier,Chelsea,Crystal Palace,2,1,2.73005,0.958077,3.3,6.0,,
2023,22081,2023-12-27 20:15:00,premier,Everton,Manchester City,1,3,1.23529,2.28321,4.2,11.2,,
2023,22078,2023-12-28 19:30:00,premier,Brighton,Tottenham,4,2,3.84702,2.06955,7.0,5.2,,
2023,22076,2023-12-28 20:15:00,premier,Arsenal,West Ham,0,2,2.7884,1.59711,5.1,5.3,,
2023,22089,2023-12-30 12:30:00,premier,Luton,Chelsea,2,3,2.64093,1.57463,3.9,2.7,,
2023,22085,2023-12-30 15:00:00,premier,Aston Villa,Burnley,3,2,2.92587,1.11923,3.8,3.9,,
2023,22086,2023-12-30 15:00:00,premier,Crystal Palace,Brentford,3,1,1.61057,1.28731,2.8,2.8,,
2023,22090,2023-12-30 15:00:00,premier,Manchester City,Sheffield United,2,0,2.24229,0.263211,2.8,4.0,,
2023,22094,2023-12-30 15:00:00,premier,Wolverhampton Wanderers,Everton,3,0,2.64477,0.519641,2.8,2.8,,
2023,22091,2023-12-30 17:30:00,premier,Nottingham Forest,Manchester United,2,1,0.744348,0.651905,4.2,3.9,,
2023,22087,2023-12-31 14:00:00,premier,Fulham,Arsenal,2,1,1.52829,1.6591,5.0,2.7,,
2023,22092,2023-12-31 14:00:00,premier,Tottenham,Bournemouth,3,1,2.15027,1.58229,2.8,5.0,,
2023,22088,2024-01-01 19:00:00,premier,Liverpool,Newcastle United,4,2,6.67151,0.910974,6.1,6.3,,
2023,22093,2024-01-02 18:30:00,premier,West Ham,Brighton,0,0,0.9831,2.1552,4.9,5.0,,
2023,22096,2024-01-12 19:45:00,premier,Burnley,Luton,1,1,1.52023,0.965167,13.2,13.3,,
2023,22097,2024-01-13 12:30:00,premier,Chelsea,Fulham,1,0,2.0456,0.697847,14.0,12.9,,
2023,22100,2024-01-13 17:30:00,premier,Newcastle United,Manchester City,2,3,1.23638,2.55452,11.9,14.1,,
2023,22098,2024-01-14 14:00:00,premier,Everton,Aston Villa,0,0,1.03664,1.3435,15.0,15.0,,
2023,22099,2024-01-14 16:30:00,premier,Manchester United,Tottenham,2,2,0.923233,1.31224,15.0,14.1,,
2023,22103,2024-01-20 12:30:00,premier,Arsenal,Crystal Palace,5,0,3.52167,0.288083,19.9,20.9,,
2023,22104,2024-01-20 17:30:00,premier,Brentford,Nottingham Forest,3,2,1.94219,1.22251,21.1,21.0,,
2023,22101,2024-01-21 14:00:00,premier,Sheffield United,West Ham,2,2,2.61362,2.4241,22.0,18.8,,
2023,22102,2024-01-21 16:30:00,premier,Bournemouth,Liverpool,0,4,0.834585,1.53344,21.1,19.9,,
2023,22095,2024-01-22 19:45:00,premier,Brighton,Wolverhampton Wanderers,0,0,1.3701,1.14116,20.1,23.2,,
2023,22108,2024-01-30 19:30:00,premier,Nottingham Forest,Arsenal,1,2,0.631618,1.39143,10.1,10.3,,
2023,22106,2024-01-30 19:45:00,premier,Fulham,Everton,0,0,2.37499,2.83317,17.3,16.2,,
2023,22107,2024-01-30 19:45:00,premier,Luton,Brighton,4,0,3.63312,1.01366,18.0,8.0,,
2023,22112,2024-01-30 20:00:00,premier,Crystal Palace,Sheffield United,3,2,1.1601,0.768467,10.3,9.2,,
2023,22105,2024-01-30 20:15:00,premier,Aston Villa,Newcastle United,1,3,1.44485,3.3224,16.3,17.1,,
2023,22109,2024-01-31 19:30:00,premier,Tottenham,Brentford,3,2,3.36194,1.59637,17.1,11.1,,
2023,22114,2024-01-31 19:30:00,premier,Manchester City,Burnley,3,1,1.84756,1.49114,18.1,19.0,,
2023,22113,2024-01-31 20:15:00,premier,Liverpool,Chelsea,4,1,3.6627,0.477972,10.2,18.3,,
2023,22110,2024-02-01 19:30:00,premier,West Ham,Bournemouth,1,1,1.3128,1.13487,11.2,11.1,,
2023,22111,2024-02-01 20:15:00,premier,Wolverhampton Wanderers,Manchester United,3,4,2.27609,3.22698,10.0,18.2,,
2023,22121,2024-02-03 12:30:00,premier,Everton,Tottenham,2,2,3.25881,0.922371,3.7,2.7,,
2023,22118,2024-02-03 15:00:00,premier,Brighton,Crystal Palace,4,1,1.92591,0.241137,3.8,3.8,,
2023,22119,2024-02-03 15:00:00,premier,Burnley,Fulham,2,2,1.00428,1.28806,2.8,3.8,,
2023,22123,2024-02-03 15:00:00,premier,Newcastle United,Luton,4,4,2.37353,2.67463,3.8,3.8,,
2023,22124,2024-02-03 17:30:00,premier,Sheffield United,Aston Villa,0,5,1.52784,2.99015,3.9,3.9,,
2023,22115,2024-02-04 14:00:00,premier,Bournemouth,Nottingham Forest,1,1,1.1895,0.456548,2.8,4.8,,
2023,22120,2024-02-04 14:00:00,premier,Chelsea,Wolverhampton Wanderers,2,4,2.35967,2.48996,3.7,2.7,,
2023,22122,2024-02-04 14:00:00,premier,Manchester United,West Ham,3,0,0.96721,1.1807,2.7,2.8,,
2023,22116,2024-02-04 16:30:00,premier,Arsenal,Liverpool,3,1,2.8526,0.542052,4.9,3.8,,
2023,22117,2024-02-05 20:00:00,premier,Brentford,Manchester City,1,3,0.865741,2.10785,5.0,5.0,,
2023,22130,2024-02-10 12:30:00,premier,Manchester City,Everton,2,0,1.58971,0.192072,4.7,7.0,,
2023,22127,2024-02-10 15:00:00,premier,Fulham,Bournemouth,3,1,1.7456,2.60612,7.0,6.0,,
2023,22128,2024-02-10 15:00:00,premier,Liverpool,Burnley,3,1,3.14734,1.11123,5.9,7.0,,
2023,22129,2024-02-10 15:00:00,premier,Luton,Sheffield United,1,3,1.76215,1.98283,7.0,6.9,,
2023,22132,2024-02-10 15:00:00,premier,Tottenham,Brighton,2,1,2.10928,1.49285,7.1,7.0,,
2023,22134,2024-02-10 15:00:00,premier,Wolverhampton Wanderers,Brentford,0,2,1.05781,1.84908,6.0,4.8,,
2023,22131,2024-02-10 17:30:00,premier,Nottingham Forest,Newcastle United,2,3,0.968075,0.511375,6.1,7.1,,
2023,22133,2024-02-11 14:00:00,premier,West Ham,Arsenal,0,6,0.191065,3.99893,7.0,6.9,,
2023,22125,2024-02-11 16:30:00,premier,Aston Villa,Manchester United,1,2,2.64675,2.44591,8.0,7.1,,
2023,22126,2024-02-12 20:00:00,premier,Crystal Palace,Chelsea,1,3,0.719516,1.26948,9.2,8.2,,
2023,22135,2024-02-17 12:30:00,premier,Brentford,Liverpool,1,4,1.69518,3.08952,6.9,6.9,,
2023,22136,2024-02-17 15:00:00,premier,Burnley,Arsenal,0,5,0.335143,2.20575,7.0,6.0,,
2023,22138,2024-02-17 15:00:00,premier,Fulham,Aston Villa,1,2,1.41796,1.57297,7.0,5.9,,
2023,22141,2024-02-17 15:00:00,premier,Newcastle United,Bournemouth,2,2,2.38425,2.08098,6.9,7.0,,
2023,22142,2024-02-17 15:00:00,premier,Nottingham Forest,West Ham,2,0,2.66942,0.520016,6.9,6.0,,
2023,22144,2024-02-17 15:00:00,premier,Tottenham,Wolverhampton Wanderers,1,2,1.59768,1.77591,7.0,7.0,,
2023,22140,2024-02-17 17:30:00,premier,Manchester City,Chelsea,1,1,2.77713,1.82903,7.2,4.9,,
2023,22143,2024-02-18 14:00:00,premier,Sheffield United,Brighton,0,5,0.586214,3.35549,8.0,8.0,,
2023,22139,2024-02-18 16:30:00,premier,Luton,Manchester United,1,2,1.57234,3.58973,8.1,7.0,,
2023,22137,2024-02-19 20:00:00,premier,Everton,Crystal Palace,1,1,2.44588,0.734685,9.3,7.0,,
2023,22074,2024-02-20 18:30:00,premier,Manchester City,Brentford,1,0,2.53766,0.503799,3.0,3.2,,
2023,22151,2024-02-21 15:00:00,premier,Liverpool,Luton,4,1,3.70302,0.956512,4.1,2.9,,
2023,22147,2024-02-24 15:00:00,premier,Aston Villa,Nottingham Forest,4,2,3.48861,2.25569,7.0,7.0,,
2023,22148,2024-02-24 15:00:00,premier,Brighton,Everton,1,1,1.6538,0.286655,6.0,4.8,,
2023,22150,2024-02-24 15:00:00,premier,Crystal Palace,Burnley,3,0,2.41612,0.0760216,4.8,7.0,,
2023,22152,2024-02-24 15:00:00,premier,Manchester United,Fulham,1,2,1.96036,1.1385,5.9,7.0,,
2023,22145,2024-02-24 17:30:00,premier,Bournemouth,Manchester City,0,1,0.925889,1.79636,7.1,4.0,,
2023,22146,2024-02-24 20:00:00,premier,Arsenal,Newcastle United,4,1,2.59336,0.217373,7.2,7.2,,
2023,22154,2024-02-25 13:30:00,premier,Wolverhampton Wanderers,Sheffield United,1,0,1.21618,0.654342,7.9,7.0,,
2023,22153,2024-02-26 20:00:00,premier,West Ham,Brentford,4,2,2.06873,1.33683,9.2,6.1,,
2023,22155,2024-03-02 15:00:00,premier,Brentford,Chelsea,2,2,2.4732,2.1523,4.8,13.9,,
2023,22157,2024-03-02 15:00:00,premier,Everton,West Ham,1,3,3.12075,2.17948,7.0,4.8,,
2023,22158,2024-03-02 15:00:00,premier,Fulham,Brighton,3,0,1.37604,1.15198,7.0,7.0,,
2023,22161,2024-03-02 15:00:00,premier,Newcastle United,Wolverhampton Wanderers,3,0,3.33495,0.507769,6.8,6.1,,
2023,22162,2024-03-02 15:00:00,premier,Nottingham Forest,Liverpool,0,1,0.971466,1.32259,7.0,10.0,,
2023,22164,2024-03-02 15:00:00,premier,Tottenham,Crystal Palace,3,1,2.6625,0.277887,14.0,7.0,,
2023,22159,2024-03-02 17:30:00,premier,Luton,Aston Villa,2,3,2.43312,2.08586,10.1,7.1,,
2023,22156,2024-03-03 13:00:00,premier,Burnley,Bournemouth,0,2,1.60461,1.43616,7.9,7.8,,
2023,22160,2024-03-03 15:30:00,premier,Manchester City,Manchester United,3,1,2.64173,0.153764,7.9,8.0,,
2023,22163,2024-03-04 20:00:00,premier,Sheffield United,Arsenal,0,6,0.201374,2.47294,8.3,9.0,,
2023,22172,2024-03-09 12:30:00,premier,Manchester United,Everton,2,0,2.9016,1.8214,5.9,6.9,,
2023,22165,2024-03-09 15:00:00,premier,Bournemouth,Sheffield United,2,2,3.92657,1.91752,6.1,4.8,,
2023,22170,2024-03-09 15:00:00,premier,Crystal Palace,Luton,1,1,3.25103,1.08531,7.0,6.9,,
2023,22174,2024-03-09 15:00:00,premier,Wolverhampton Wanderers,Fulham,2,1,1.29589,2.94155,7.0,7.0,,
2023,22166,2024-03-09 17:30:00,premier,Arsenal,Brentford,2,1,1.59369,0.733239,4.9,7.1,,
2023,22167,2024-03-10 13:00:00,premier,Aston Villa,Tottenham,0,4,1.23267,2.25381,7.8,7.9,,
2023,22168,2024-03-10 14:00:00,premier,Brighton,Nottingham Forest,1,0,0.534518,0.687034,8.0,8.0,,
2023,22173,2024-03-10 14:00:00,premier,West Ham,Burnley,2,2,1.87414,0.88131,8.0,7.0,,
2023,22171,2024-03-10 15:45:00,premier,Liverpool,Manchester City,1,1,2.25492,1.37289,8.0,7.0,,
2023,22169,2024-03-11 20:00:00,premier,Chelsea,Newcastle United,3,2,1.78315,0.568435,9.2,9.2,,
2023,25861,2024-03-13 19:30:00,premier,Bournemouth,Luton,4,3,2.84403,2.79419,4.2,4.2,,
2023,22177,2024-03-16 15:00:00,premier,Burnley,Brentford,2,1,2.69776,1.25123,6.0,6.9,,
2023,22181,2024-03-16 15:00:00,premier,Luton,Nottingham Forest,1,1,0.853782,1.95268,2.8,6.0,,
2023,22180,2024-03-16 17:30:00,premier,Fulham,Tottenham,3,0,2.47234,2.14564,7.1,6.2,,
2023,22183,2024-03-17 14:00:00,premier,West Ham,Aston Villa,1,1,1.32829,0.911274,7.0,7.0,,
2023,22191,2024-03-30 12:30:00,premier,Newcastle United,West Ham,4,3,3.80922,0.994584,18.7,12.9,,
2023,22185,2024-03-30 15:00:00,premier,Bournemouth,Everton,2,1,1.39268,0.93378,16.8,21.1,,
2023,22188,2024-03-30 15:00:00,premier,Chelsea,Burnley,2,2,4.46643,2.10422,18.8,14.0,,
2023,22192,2024-03-30 15:00:00,premier,Nottingham Forest,Crystal Palace,1,1,0.784652,0.900972,14.0,21.0,,
2023,22193,2024-03-30 15:00:00,premier,Sheffield United,Fulham,3,3,1.78824,1.10254,21.0,13.9,,
2023,22194,2024-03-30 15:00:00,premier,Tottenham,Luton,2,1,2.46523,0.402402,13.9,14.0,,
2023,22186,2024-03-30 17:30:00,premier,Aston Villa,Wolverhampton Wanderers,2,0,1.28271,1.66232,13.1,21.1,,
2023,22187,2024-03-30 20:00:00,premier,Brentford,Manchester United,1,1,3.16487,0.989565,14.2,21.3,,
2023,22189,2024-03-31 14:00:00,premier,Liverpool,Brighton,2,1,3.21149,0.43922,20.9,21.0,,
2023,22190,2024-03-31 16:30:00,premier,Manchester City,Arsenal,0,0,1.22009,0.511402,21.0,22.0,,
2023,22198,2024-04-02 18:30:00,premier,Nottingham Forest,Fulham,3,1,1.94619,1.04304,3.1,3.1,,
2023,22202,2024-04-02 18:30:00,premier,Newcastle United,Everton,1,1,2.65009,1.69834,3.2,3.1,,
2023,22195,2024-04-02 18:45:00,premier,Bournemouth,Crystal Palace,1,0,1.30969,0.174389,3.2,3.2,,
2023,22197,2024-04-02 18:45:00,premier,Burnley,Wolverhampton Wanderers,1,1,1.12581,1.01021,3.2,3.1,,
2023,22199,2024-04-02 19:15:00,premier,West Ham,Tottenham,1,1,1.47017,1.39423,3.3,3.2,,
2023,22196,2024-04-03 18:30:00,premier,Arsenal,Luton,2,0,1.14384,0.292082,3.1,4.1,,
2023,22200,2024-04-03 18:30:00,premier,Brentford,Brighton,0,0,0.423299,1.22404,3.9,3.2,,
2023,22204,2024-04-03 19:15:00,premier,Manchester City,Aston Villa,4,1,3.87704,1.18643,3.1,4.1,,
2023,22203,2024-04-04 18:30:00,premier,Liverpool,Sheffield United,3,1,2.51772,0.720948,4.2,5.1,,
2023,22201,2024-04-04 19:15:00,premier,Chelsea,Manchester United,4,3,3.48048,1.56686,5.2,5.0,,
2023,22207,2024-04-06 11:30:00,premier,Crystal Palace,Manchester City,2,4,1.49472,2.26381,3.7,2.7,,
2023,22205,2024-04-06 14:00:00,premier,Aston Villa,Brentford,3,3,1.16333,1.42064,2.8,2.8,,
2023,22208,2024-04-06 14:00:00,premier,Everton,Burnley,1,0,0.659844,0.34699,3.8,3.8,,
2023,22209,2024-04-06 14:00:00,premier,Fulham,Newcastle United,0,1,0.834564,1.18012,3.8,3.8,,
2023,22210,2024-04-06 14:00:00,premier,Luton,Bournemouth,2,1,1.30478,0.616108,2.8,3.8,,
2023,22214,2024-04-06 14:00:00,premier,Wolverhampton Wanderers,West Ham,1,2,1.78341,1.14133,3.8,3.8,,
2023,22206,2024-04-06 16:30:00,premier,Brighton,Arsenal,0,3,0.428514,4.16518,2.9,2.9,,
2023,22211,2024-04-07 14:30:00,premier,Manchester United,Liverpool,2,2,0.814509,4.43457,2.8,2.8,,
2023,22212,2024-04-07 16:30:00,premier,Sheffield United,Chelsea,2,2,1.74265,0.521789,2.9,2.9,,
2023,22213,2024-04-07 19:00:00,premier,Tottenham,Nottingham Forest,3,1,1.61978,2.00122,5.0,5.0,,
2023,22222,2024-04-13 11:30:00,premier,Newcastle United,Tottenham,4,0,3.1483,0.737596,6.9,5.7,,
2023,22217,2024-04-13 14:00:00,premier,Brentford,Sheffield United,2,0,1.09071,0.834498,7.0,5.9,,
2023,22218,2024-04-13 14:00:00,premier,Burnley,Brighton,1,1,1.8522,0.889445,7.0,6.9,,
2023,22221,2024-04-13 14:00:00,premier,Manchester City,Luton,5,1,4.64245,0.809775,7.1,7.0,,
2023,22223,2024-04-13 14:00:00,premier,Nottingham Forest,Wolverhampton Wanderers,2,2,1.76244,1.45688,5.8,7.0,,
2023,22215,2024-04-13 16:30:00,premier,Bournemouth,Manchester United,2,2,2.38519,1.52274,7.1,6.1,,
2023,22220,2024-04-14 13:00:00,premier,Liverpool,Crystal Palace,0,1,3.04497,2.12879,6.9,8.1,,
2023,22224,2024-04-14 13:00:00,premier,West Ham,Fulham,0,2,1.45307,3.61413,8.0,8.0,,
2023,22216,2024-04-14 15:30:00,premier,Arsenal,Aston Villa,0,2,1.89003,0.929049,8.0,8.1,,
2023,22219,2024-04-15 19:00:00,premier,Chelsea,Everton,6,0,3.37093,1.21791,8.1,9.2,,
2023,22230,2024-04-20 14:00:00,premier,Luton,Brentford,1,5,0.497799,3.7809,7.0,7.0,,
2023,22232,2024-04-20 14:00:00,premier,Sheffield United,Burnley,1,4,1.97816,2.42338,7.0,7.0,,
2023,22234,2024-04-20 18:30:00,premier,Wolverhampton Wanderers,Arsenal,0,2,0.164516,1.66179,7.2,6.1,,
2023,22228,2024-04-21 12:30:00,premier,Everton,Nottingham Forest,2,0,0.473233,1.18916,5.7,7.9,,
2023,22225,2024-04-21 14:00:00,premier,Aston Villa,Bournemouth,3,1,2.62687,2.05211,6.9,7.9,,
2023,22227,2024-04-21 14:00:00,premier,Crystal Palace,West Ham,5,2,3.7185,1.34536,7.0,7.0,,
2023,22229,2024-04-21 15:30:00,premier,Fulham,Liverpool,1,3,0.83885,1.02445,7.1,7.1,,
2023,22175,2024-04-23 19:00:00,premier,Arsenal,Chelsea,5,0,3.45858,1.60343,3.0,8.0,,
2023,22184,2024-04-24 18:45:00,premier,Wolverhampton Wanderers,Bournemouth,0,1,0.484454,2.40311,4.0,3.2,,
2023,22178,2024-04-24 19:00:00,premier,Crystal Palace,Newcastle United,2,0,1.43661,0.55129,3.2,11.3,,
2023,22179,2024-04-24 19:00:00,premier,Everton,Liverpool,2,0,1.89111,1.87155,3.3,3.1,,
2023,22182,2024-04-24 19:00:00,premier,Manchester United,Sheffield United,4,2,3.51311,1.20517,11.1,4.2,,
2023,22176,2024-04-25 19:00:00,premier,Brighton,Manchester City,0,4,0.572021,1.90507,12.2,12.2,,
2023,22243,2024-04-27 11:30:00,premier,West Ham,Liverpool,2,2,0.794025,2.29298,5.9,2.7,,
2023,22238,2024-04-27 14:00:00,premier,Fulham,Crystal Palace,1,1,1.39418,1.05387,5.9,2.8,,
2023,22239,2024-04-27 14:00:00,premier,Manchester United,Burnley,1,1,3.06197,1.89591,2.8,7.0,,
2023,22240,2024-04-27 14:00:00,premier,Newcastle United,Sheffield United,5,1,2.93477,1.82408,2.8,2.8,,
2023,22244,2024-04-27 14:00:00,premier,Wolverhampton Wanderers,Luton,2,1,1.49011,0.90435,2.8,7.0,,
2023,22237,2024-04-27 16:30:00,premier,Everton,Brentford,1,0,1.21399,0.956356,2.9,7.1,,
2023,22236,2024-04-27 19:00:00,premier,Aston Villa,Chelsea,2,2,0.612257,1.56401,6.2,4.0,,
2023,22235,2024-04-28 13:00:00,premier,Bournemouth,Brighton,3,0,2.48132,1.35682,3.8,2.8,,
2023,22241,2024-04-28 13:00:00,premier,Tottenham,Arsenal,2,3,2.60458,1.51469,15.1,4.8,,
2023,22242,2024-04-28 15:30:00,premier,Nottingham Forest,Manchester City,0,2,2.17312,0.932063,7.1,2.9,,
2023,22149,2024-05-02 18:30:00,premier,Chelsea,Tottenham,2,0,2.22432,1.27064,5.0,4.2,,
2023,22252,2024-05-03 19:00:00,premier,Luton,Everton,1,1,0.950391,1.22959,6.2,6.1,,
2023,22245,2024-05-04 11:30:00,premier,Arsenal,Bournemouth,3,0,3.91372,0.4687,5.9,5.9,,
2023,22246,2024-05-04 14:00:00,premier,Brentford,Fulham,0,0,0.809379,1.45579,6.9,7.0,,
2023,22248,2024-05-04 14:00:00,premier,Burnley,Newcastle United,1,4,1.28632,4.25643,7.0,7.0,,
2023,22254,2024-05-04 14:00:00,premier,Sheffield United,Nottingham Forest,1,3,2.48986,1.93818,7.0,5.9,,
2023,22253,2024-05-04 16:30:00,premier,Manchester City,Wolverhampton Wanderers,5,1,4.52542,0.396887,6.0,7.1,,
2023,22247,2024-05-05 13:00:00,premier,Brighton,Aston Villa,1,0,2.63566,0.0644055,7.0,7.8,,
2023,22249,2024-05-05 13:00:00,premier,Chelsea,West Ham,5,0,4.21838,0.893899,2.8,8.1,,
2023,22251,2024-05-05 15:30:00,premier,Liverpool,Tottenham,4,2,3.26222,1.17205,8.2,2.9,,
2023,22250,2024-05-06 19:00:00,premier,Crystal Palace,Manchester United,4,0,2.0656,0.341417,9.2,9.2,,
2023,22258,2024-05-11 11:30:00,premier,Fulham,Manchester City,0,4,0.0886245,3.15218,6.9,6.8,,
2023,22255,2024-05-11 14:00:00,premier,Bournemouth,Brentford,1,2,1.07237,1.92722,7.1,7.0,,
2023,22257,2024-05-11 14:00:00,premier,Everton,Sheffield United,1,0,1.82411,0.465523,7.8,7.0,,
2023,22260,2024-05-11 14:00:00,premier,Newcastle United,Brighton,1,1,2.45163,1.91556,7.0,6.0,,
2023,22262,2024-05-11 14:00:00,premier,Tottenham,Burnley,2,1,3.00238,0.950331,5.9,7.0,,
2023,22263,2024-05-11 14:00:00,premier,West Ham,Luton,3,1,3.71009,0.640456,6.0,7.8,,
2023,22264,2024-05-11 14:00:00,premier,Wolverhampton Wanderers,Crystal Palace,1,3,1.1561,2.51452,6.9,4.8,,
2023,22261,2024-05-11 16:30:00,premier,Nottingham Forest,Chelsea,2,3,2.44569,2.41068,7.1,6.1,,
2023,22259,2024-05-12 15:30:00,premier,Manchester United,Arsenal,0,1,0.551669,1.73104,5.9,8.2,,
2023,22256,2024-05-13 19:00:00,premier,Aston Villa,Liverpool,3,3,2.71655,1.89968,8.2,8.1,,
2023,22233,2024-05-14 19:00:00,premier,Tottenham,Manchester City,0,2,1.84285,2.70331,3.2,3.3,,
2023,22226,2024-05-15 18:45:00,premier,Brighton,Chelsea,1,2,1.32423,1.544,4.2,4.1,,
2023,22231,2024-05-15 19:00:00,premier,Manchester United,Newcastle United,3,2,1.49706,2.27657,3.1,4.2,,
2023,22265,2024-05-19 15:00:00,premier,Arsenal,Everton,2,1,3.2117,0.664904,7.0,8.0,,
2023,22266,2024-05-19 15:00:00,premier,Brentford,Newcastle United,2,4,1.70157,3.65044,8.0,3.8,,
2023,22267,2024-05-19 15:00:00,premier,Brighton,Manchester United,0,2,1.9717,1.00404,3.8,3.8,,
2023,22268,2024-05-19 15:00:00,premier,Burnley,Nottingham Forest,1,2,1.08222,1.57962,8.0,7.9,,
2023,22269,2024-05-19 15:00:00,premier,Chelsea,Bournemouth,2,1,1.59771,2.002,3.8,8.0,,
2023,22270,2024-05-19 15:00:00,premier,Crystal Palace,Aston Villa,5,0,2.23189,0.598846,8.0,5.8,,
2023,22271,2024-05-19 15:00:00,premier,Liverpool,Wolverhampton Wanderers,2,0,5.65937,0.731254,5.8,8.0,,
2023,22272,2024-05-19 15:00:00,premier,Luton,Fulham,2,4,2.06743,1.11598,8.0,8.1,,
2023,22273,2024-05-19 15:00:00,premier,Manchester City,West Ham,3,1,2.31504,0.240159,4.8,8.0,,
2023,22274,2024-05-19 15:00:00,premier,Sheffield United,Tottenham,0,3,0.697312,3.19675,8.0,4.8,,
2024,26602,2024-08-16 19:00:00,premier,Manchester United,Fulham,1,0,2.04268,0.418711,60.0,60.0,,
2024,26603,2024-08-17 11:30:00,premier,Ipswich,Liverpool,0,2,0.342601,3.92906,14.0,60.0,,
2024,26604,2024-08-17 14:00:00,premier,Arsenal,Wolverhampton Wanderers,2,0,1.6283,0.575835,60.0,60.0,,
2024,26605,2024-08-17 14:00:00,premier,Everton,Brighton,0,3,0.405325,1.79083,60.0,60.0,,
2024,26606,2024-08-17 14:00:00,premier,Newcastle United,Southampton,1,0,0.433489,1.95483,60.0,60.0,,
2024,26607,2024-08-17 14:00:00,premier,Nottingham Forest,Bournemouth,1,1,1.24405,1.90915,60.0,60.0,,
2024,26608,2024-08-17 16:30:00,premier,West Ham,Aston Villa,1,2,2.8047,2.6703,60.0,60.0,,
2024,26609,2024-08-18 13:00:00,premier,Brentford,Crystal Palace,2,1,1.38064,1.14757,60.0,60.0,,
2024,26610,2024-08-18 15:30:00,premier,Chelsea,Manchester City,0,2,1.06123,1.18038,60.0,60.0,,
2024,26611,2024-08-19 19:00:00,premier,Leicester,Tottenham,1,1,1.02614,1.40775,60.0,60.0,,
2024,26612,2024-08-24 11:30:00,premier,Brighton,Manchester United,2,1,2.14153,1.28556,6.9,7.7,,
2024,26613,2024-08-24 14:00:00,premier,Crystal Palace,West Ham,0,2,1.3761,1.53421,6.0,6.9,,
2024,26614,2024-08-24 14:00:00,premier,Fulham,Leicester,2,1,1.96218,0.857005,7.8,4.8,,
2024,26615,2024-08-24 14:00:00,premier,Manchester City,Ipswich,4,1,3.07818,0.479999,5.9,7.1,,
2024,26616,2024-08-24 14:00:00,premier,Southampton,Nottingham Forest,0,1,0.214952,2.86475,7.0,7.0,,
2024,26617,2024-08-24 14:00:00,premier,Tottenham,Everton,4,0,2.61143,0.648869,4.8,7.0,,
2024,26618,2024-08-24 16:30:00,premier,Aston Villa,Arsenal,0,2,1.31664,1.41399,7.0,7.1,,
2024,26619,2024-08-25 13:00:00,premier,Wolverhampton Wanderers,Chelsea,2,6,2.4181,2.02935,8.0,6.9,,
2024,26620,2024-08-25 13:00:00,premier,Bournemouth,Newcastle United,1,1,2.53513,1.89287,8.0,8.0,,
2024,26621,2024-08-25 15:30:00,premier,Liverpool,Brentford,2,0,2.71877,0.457239,8.2,7.1,,
2024,26622,2024-08-31 11:30:00,premier,Arsenal,Brighton,1,1,2.41798,1.81748,6.8,7.0,,
2024,26623,2024-08-31 14:00:00,premier,Brentford,Southampton,3,1,3.86281,1.64713,5.9,7.0,,
2024,26624,2024-08-31 14:00:00,premier,Everton,Bournemouth,2,3,2.55629,2.95688,7.0,6.0,,
2024,26625,2024-08-31 14:00:00,premier,Ipswich,Fulham,1,1,0.707048,1.18883,7.0,7.0,,
2024,26626,2024-08-31 14:00:00,premier,Leicester,Aston Villa,1,2,0.774741,2.16385,7.0,6.9,,
2024,26627,2024-08-31 14:00:00,premier,Nottingham Forest,Wolverhampton Wanderers,1,1,1.41069,0.937632,7.0,6.0,,
2024,26628,2024-08-31 16:30:00,premier,West Ham,Manchester City,1,3,0.947201,3.19297,7.1,7.1,,
2024,26629,2024-09-01 12:30:00,premier,Newcastle United,Tottenham,2,1,1.58694,1.63304,7.0,7.9,,
2024,26630,2024-09-01 12:30:00,premier,Chelsea,Crystal Palace,1,1,2.97743,0.459708,7.0,7.9,,
2024,26631,2024-09-01 15:00:00,premier,Manchester United,Liverpool,0,3,1.50087,2.10397,8.1,7.0,,
2024,26632,2024-09-14 11:30:00,premier,Southampton,Manchester United,0,3,1.35593,3.02693,13.9,12.9,,
2024,26633,2024-09-14 14:00:00,premier,Brighton,Ipswich,0,0,1.75696,0.721323,14.1,14.0,,
2024,26634,2024-09-14 14:00:00,premier,Fulham,West Ham,1,1,2.88601,0.682719,14.0,13.9,,
2024,26635,2024-09-14 14:00:00,premier,Liverpool,Nottingham Forest,0,1,1.17044,0.589532,13.0,14.0,,
2024,26636,2024-09-14 14:00:00,premier,Crystal Palace,Leicester,2,2,2.88716,1.65187,13.1,14.0,,
2024,26637,2024-09-14 14:00:00,premier,Manchester City,Brentford,2,1,1.55279,1.05094,13.9,14.0,,
2024,26638,2024-09-14 16:30:00,premier,Aston Villa,Everton,3,2,3.15876,0.852158,14.1,14.1,,
2024,26639,2024-09-14 19:00:00,premier,Bournemouth,Chelsea,0,1,1.53731,0.932726,14.2,13.3,,
2024,26640,2024-09-15 13:00:00,premier,Tottenham,Arsenal,0,1,0.792595,1.1209,14.0,15.1,,
2024,26641,2024-09-15 15:30:00,premier,Wolverhampton Wanderers,Newcastle United,1,2,1.46969,1.48343,15.1,14.1,,
2024,26642,2024-09-21 11:30:00,premier,West Ham,Chelsea,0,3,0.758267,2.39727,6.9,6.7,,
2024,26643,2024-09-21 14:00:00,premier,Southampton,Ipswich,1,1,2.89813,1.645,7.1,7.0,,
2024,26644,2024-09-21 14:00:00,premier,Leicester,Everton,1,1,1.33793,1.82377,7.0,6.9,,
2024,26645,2024-09-21 14:00:00,premier,Liverpool,Bournemouth,3,0,2.43731,1.46979,7.0,6.8,,
2024,26646,2024-09-21 14:00:00,premier,Fulham,Newcastle United,3,1,3.21141,1.09768,7.0,5.9,,
2024,26647,2024-09-21 14:00:00,premier,Aston Villa,Wolverhampton Wanderers,3,1,2.37351,0.520117,6.9,5.9,,
2024,26648,2024-09-21 14:00:00,premier,Tottenham,Brentford,3,1,3.89481,0.893565,6.0,7.0,,
2024,26649,2024-09-21 16:30:00,premier,Crystal Palace,Manchester United,0,0,1.66928,2.35056,7.1,7.2,,
2024,26650,2024-09-22 13:00:00,premier,Brighton,Nottingham Forest,2,2,1.56836,1.36923,8.0,8.0,,
2024,26651,2024-09-22 15:30:00,premier,Manchester City,Arsenal,2,2,2.75588,1.28411,8.1,7.1,,
2024,26652,2024-09-28 11:30:00,premier,Newcastle United,Manchester City,1,1,1.34344,1.26516,6.9,5.8,,
2024,26653,2024-09-28 14:00:00,premier,Nottingham Forest,Fulham,0,1,0.614351,1.43592,6.0,7.0,,
2024,26654,2024-09-28 14:00:00,premier,Everton,Crystal Palace,2,1,1.10959,1.12358,7.0,6.9,,
2024,26655,2024-09-28 14:00:00,premier,Arsenal,Leicester,4,2,6.05305,0.337909,5.9,7.0,,
2024,26656,2024-09-28 14:00:00,premier,Brentford,West Ham,1,1,0.370222,0.878617,7.0,7.1,,
2024,26657,2024-09-28 14:00:00,premier,Chelsea,Brighton,4,2,3.65839,1.20712,7.1,6.0,,
2024,26658,2024-09-28 16:30:00,premier,Wolverhampton Wanderers,Liverpool,1,2,0.748925,2.11724,7.1,7.1,,
2024,26659,2024-09-29 13:00:00,premier,Ipswich,Aston Villa,2,2,1.84608,1.14494,8.0,8.0,,
2024,26660,2024-09-29 15:30:00,premier,Manchester United,Tottenham,0,3,0.600721,5.4072,8.0,8.1,,
2024,26661,2024-09-30 19:00:00,premier,Bournemouth,Southampton,3,1,1.44215,0.696068,9.2,9.2,,
2024,26662,2024-10-05 11:30:00,premier,Crystal Palace,Liverpool,0,1,0.609481,2.07332,6.9,6.8,,
2024,26663,2024-10-05 14:00:00,premier,Leicester,Bournemouth,1,0,0.912063,1.94963,7.0,4.8,,
2024,26664,2024-10-05 14:00:00,premier,Manchester City,Fulham,3,2,1.36684,2.75846,7.1,7.0,,
2024,26665,2024-10-05 14:00:00,premier,West Ham,Ipswich,4,1,4.39402,1.18463,7.0,6.0,,
2024,26666,2024-10-05 14:00:00,premier,Arsenal,Southampton,3,1,3.25165,1.27313,7.0,4.8,,
2024,26667,2024-10-05 14:00:00,premier,Brentford,Wolverhampton Wanderers,5,3,4.13513,0.696254,7.0,6.9,,
2024,26669,2024-10-05 16:30:00,premier,Everton,Newcastle United,0,0,0.692214,1.79048,7.1,7.2,,
2024,26668,2024-10-06 13:00:00,premier,Chelsea,Nottingham Forest,1,1,2.27752,1.66654,8.0,8.0,,
2024,26670,2024-10-06 13:00:00,premier,Aston Villa,Manchester United,0,0,0.532809,0.448537,7.0,6.9,,
2024,26671,2024-10-06 15:30:00,premier,Brighton,Tottenham,3,2,1.97217,1.09279,8.1,7.0,,
2024,26672,2024-10-19 11:30:00,premier,Tottenham,West Ham,4,1,1.44052,0.858803,12.8,13.9,,
2024,26673,2024-10-19 14:00:00,premier,Fulham,Aston Villa,1,3,2.63074,1.43595,14.0,13.0,,
2024,26674,2024-10-19 14:00:00,premier,Ipswich,Everton,0,2,1.174,1.60804,14.0,13.9,,
2024,26675,2024-10-19 14:00:00,premier,Manchester United,Brentford,2,1,1.76555,0.892843,13.0,14.0,,
2024,26676,2024-10-19 14:00:00,premier,Newcastle United,Brighton,0,1,1.93657,1.6779,13.9,12.9,,
2024,26678,2024-10-19 14:00:00,premier,Southampton,Leicester,2,3,2.42776,2.83826,14.0,14.0,,
2024,26680,2024-10-19 16:30:00,premier,Bournemouth,Arsenal,2,0,2.18419,0.740758,14.1,14.1,,
2024,26681,2024-10-20 13:00:00,premier,Wolverhampton Wanderers,Manchester City,1,2,0.761217,1.36569,15.0,15.0,,
2024,26679,2024-10-20 15:30:00,premier,Liverpool,Chelsea,2,1,2.22517,1.33904,15.2,14.1,,
2024,26677,2024-10-21 19:00:00,premier,Nottingham Forest,Crystal Palace,1,0,1.88573,0.835001,15.2,16.3,,
2024,26682,2024-10-25 19:00:00,premier,Leicester,Nottingham Forest,1,3,0.832415,2.54488,6.2,4.0,,
2024,26683,2024-10-26 14:00:00,premier,Manchester City,Southampton,1,0,3.16286,0.369989,6.0,7.0,,
2024,26684,2024-10-26 14:00:00,premier,Aston Villa,Bournemouth,1,1,1.974,0.328651,7.0,6.9,,
2024,26685,2024-10-26 14:00:00,premier,Brentford,Ipswich,4,3,4.09663,1.65698,7.0,7.0,,
2024,26686,2024-10-26 14:00:00,premier,Brighton,Wolverhampton Wanderers,2,2,1.51347,1.11074,7.0,6.0,,
2024,26687,2024-10-26 16:30:00,premier,Everton,Fulham,1,1,0.884845,1.49531,7.1,7.1,,
2024,26688,2024-10-27 14:00:00,premier,Chelsea,Newcastle United,2,1,1.61794,1.74225,6.9,8.0,,
2024,26689,2024-10-27 14:00:00,premier,Crystal Palace,Tottenham,1,0,0.978611,1.0192,5.8,8.1,,
2024,26690,2024-10-27 14:00:00,premier,West Ham,Manchester United,2,1,2.99312,2.62598,8.1,8.0,,
2024,26691,2024-10-27 16:30:00,premier,Arsenal,Liverpool,2,2,1.0883,1.35346,8.0,7.0,,
2024,26694,2024-11-02 12:30:00,premier,Newcastle United,Arsenal,1,0,0.859715,0.911305,5.9,5.8,,
2024,26692,2024-11-02 15:00:00,premier,Bournemouth,Manchester City,2,1,2.4493,2.3527,7.0,7.0,,
2024,26695,2024-11-02 15:00:00,premier,Ipswich,Leicester,1,1,1.33617,2.33858,7.0,7.8,,
2024,26696,2024-11-02 15:00:00,premier,Liverpool,Brighton,2,1,1.81037,1.01568,5.9,7.0,,
2024,26698,2024-11-02 15:00:00,premier,Nottingham Forest,West Ham,3,0,2.35011,0.132317,7.8,6.0,,
2024,26699,2024-11-02 15:00:00,premier,Southampton,Everton,1,0,0.540345,1.78581,7.0,6.9,,
2024,26701,2024-11-02 17:30:00,premier,Wolverhampton Wanderers,Crystal Palace,2,2,1.65018,2.64849,7.1,6.1,,
2024,26700,2024-11-03 14:00:00,premier,Tottenham,Aston Villa,4,1,2.09751,2.48749,7.0,8.0,,
2024,26697,2024-11-03 16:30:00,premier,Manchester United,Chelsea,1,1,2.1605,1.21071,7.1,7.1,,
2024,26693,2024-11-04 20:00:00,premier,Fulham,Brentford,2,1,1.43017,0.739231,9.1,9.2,,
2024,26702,2024-11-09 15:00:00,premier,Brentford,Bournemouth,3,2,1.56474,2.49234,4.8,7.0,,
2024,26706,2024-11-09 15:00:00,premier,Crystal Palace,Fulham,0,2,1.96037,2.25331,6.9,4.8,,
2024,26710,2024-11-09 15:00:00,premier,West Ham,Everton,0,0,1.1237,0.865983,7.0,7.0,,
2024,26711,2024-11-09 15:00:00,premier,Wolverhampton Wanderers,Southampton,2,0,0.912781,0.792655,6.9,7.0,,
2024,26703,2024-11-09 17:30:00,premier,Brighton,Manchester City,2,1,2.87116,2.60334,7.1,7.1,,
2024,26707,2024-11-09 20:00:00,premier,Liverpool,Aston Villa,2,0,2.68196,1.66337,7.2,6.2,,
2024,26704,2024-11-10 14:00:00,premier,Nottingham Forest,Newcastle United,1,3,1.17852,1.86904,8.0,8.1,,
2024,26708,2024-11-10 14:00:00,premier,Manchester United,Leicester,3,0,1.2369,0.417295,6.9,8.0,,
2024,26709,2024-11-10 14:00:00,premier,Tottenham,Ipswich,1,2,1.75088,2.18392,7.0,8.0,,
2024,26705,2024-11-10 16:30:00,premier,Chelsea,Arsenal,1,1,1.24067,1.9605,7.0,8.2,,
2024,26719,2024-11-23 12:30:00,premier,Leicester,Chelsea,1,2,0.967987,2.81658,12.9,12.8,,
2024,26712,2024-11-23 15:00:00,premier,Bournemouth,Brighton,1,2,1.91157,1.23059,14.0,13.9,,
2024,26714,2024-11-23 15:00:00,premier,Arsenal,Nottingham Forest,3,0,1.66016,0.403136,12.9,13.0,,
2024,26715,2024-11-23 15:00:00,premier,Everton,Brentford,0,0,1.5951,1.34314,14.0,14.0,,
2024,26716,2024-11-23 15:00:00,premier,Aston Villa,Crystal Palace,2,2,3.04455,1.61437,13.8,14.0,,
2024,26717,2024-11-23 15:00:00,premier,Fulham,Wolverhampton Wanderers,1,4,0.717158,1.33903,14.0,14.0,,
2024,26720,2024-11-23 17:30:00,premier,Manchester City,Tottenham,0,4,2.15899,3.30449,14.0,13.1,,
2024,26721,2024-11-24 14:00:00,premier,Southampton,Liverpool,2,3,1.53985,3.18835,15.0,14.8,,
2024,26718,2024-11-24 16:30:00,premier,Ipswich,Manchester United,1,1,1.98714,1.26912,14.1,14.1,,
2024,26713,2024-11-25 20:00:00,premier,Newcastle United,West Ham,0,2,1.49781,0.942824,15.2,16.2,,
2024,26723,2024-11-29 20:00:00,premier,Brighton,Southampton,1,1,1.86986,0.934969,6.2,5.2,,
2024,26722,2024-11-30 15:00:00,premier,Brentford,Leicester,4,1,2.21885,0.907555,7.0,7.1,,
2024,26725,2024-11-30 15:00:00,premier,Crystal Palace,Newcastle United,1,1,2.29595,0.020989,7.0,4.8,,
2024,26728,2024-11-30 15:00:00,premier,Nottingham Forest,Ipswich,1,0,1.76587,0.462771,7.0,5.9,,
2024,26731,2024-11-30 15:00:00,premier,Wolverhampton Wanderers,Bournemouth,2,4,0.866034,3.07901,7.0,7.0,,
2024,26730,2024-11-30 17:30:00,premier,West Ham,Arsenal,2,5,1.23539,3.99935,4.9,7.1,,
2024,26724,2024-12-01 13:30:00,premier,Chelsea,Aston Villa,3,0,1.94939,0.875443,8.0,7.9,,
2024,26727,2024-12-01 13:30:00,premier,Manchester United,Everton,4,0,1.76161,0.766749,6.9,7.9,,
2024,26729,2024-12-01 13:30:00,premier,Tottenham,Fulham,1,1,1.01086,1.57274,7.8,7.9,,
2024,26726,2024-12-01 16:00:00,premier,Liverpool,Manchester City,2,0,3.70054,0.745015,7.1,7.9,,
2024,26737,2024-12-03 19:30:00,premier,Ipswich,Crystal Palace,0,1,0.471708,1.65422,3.2,3.2,,
2024,26738,2024-12-03 20:15:00,premier,Leicester,West Ham,3,1,2.78061,2.87716,3.2,3.1,,
2024,26735,2024-12-04 19:30:00,premier,Everton,Wolverhampton Wanderers,4,0,1.49904,0.847724,3.2,4.2,,
2024,26739,2024-12-04 19:30:00,premier,Manchester City,Nottingham Forest,3,0,3.20169,0.802155,3.1,4.2,,
2024,26740,2024-12-04 19:30:00,premier,Newcastle United,Liverpool,3,3,1.52057,2.22766,4.2,3.1,,
2024,26741,2024-12-04 19:30:00,premier,Southampton,Chelsea,1,5,1.91014,5.8331,5.0,3.2,,
2024,26733,2024-12-04 20:15:00,premier,Arsenal,Manchester United,2,0,2.96684,0.256083,4.1,3.3,,
2024,26734,2024-12-04 20:15:00,premier,Aston Villa,Brentford,3,1,3.21673,1.13266,3.3,4.2,,
2024,26736,2024-12-05 19:30:00,premier,Fulham,Brighton,3,1,0.666644,1.09939,4.2,6.0,,
2024,26732,2024-12-05 20:15:00,premier,Bournemouth,Tottenham,1,0,3.27716,0.623934,5.2,4.3,,
2024,26742,2024-12-07 15:00:00,premier,Aston Villa,Southampton,1,0,2.51338,0.385832,2.8,2.8,,
2024,26743,2024-12-07 15:00:00,premier,Brentford,Newcastle United,4,2,1.746,1.95645,2.8,2.8,,
2024,26747,2024-12-07 15:00:00,premier,Crystal Palace,Manchester City,2,2,1.21476,1.5846,3.8,2.8,,
2024,26744,2024-12-07 17:30:00,premier,Manchester United,Nottingham Forest,2,3,1.4697,0.651217,2.9,2.9,,
2024,26749,2024-12-08 14:00:00,premier,Fulham,Arsenal,1,1,0.150988,2.4333,2.8,3.7,,
2024,26750,2024-12-08 14:00:00,premier,Ipswich,Bournemouth,1,2,1.5668,3.49127,4.8,2.7,,
2024,26751,2024-12-08 14:00:00,premier,Leicester,Brighton,2,2,1.42438,1.12184,4.7,2.8,,
2024,26745,2024-12-08 16:30:00,premier,Tottenham,Chelsea,3,4,3.25488,2.57326,2.8,3.9,,
2024,26746,2024-12-09 20:00:00,premier,West Ham,Wolverhampton Wanderers,2,1,1.19808,1.47567,6.0,5.0,,
2024,26752,2024-12-14 15:00:00,premier,Liverpool,Fulham,2,2,2.09698,1.2862,9.8,6.0,,
2024,26755,2024-12-14 15:00:00,premier,Arsenal,Everton,0,0,1.30865,0.132166,6.0,9.8,,
2024,26758,2024-12-14 15:00:00,premier,Wolverhampton Wanderers,Ipswich,1,2,1.23748,1.73349,4.8,6.0,,
2024,26760,2024-12-14 15:00:00,premier,Newcastle United,Leicester,4,0,3.95461,0.186759,7.0,6.0,,
2024,26761,2024-12-14 17:30:00,premier,Nottingham Forest,Aston Villa,2,1,2.2861,0.389423,7.0,7.1,,
2024,26756,2024-12-15 14:00:00,premier,Brighton,Crystal Palace,1,3,1.32323,3.00618,7.0,8.0,,
2024,26753,2024-12-15 16:30:00,premier,Manchester City,Manchester United,1,2,0.638103,2.04662,8.1,8.0,,
2024,26757,2024-12-15 19:00:00,premier,Chelsea,Brentford,2,1,2.59146,1.65861,7.1,8.2,,
2024,26759,2024-12-15 19:00:00,premier,Southampton,Tottenham,0,5,1.27356,3.89322,8.2,7.1,,
2024,26754,2024-12-16 20:00:00,premier,Bournemouth,West Ham,1,1,2.04842,1.81827,8.2,7.0,,
2024,26762,2024-12-21 12:30:00,premier,Aston Villa,Manchester City,2,1,2.05988,1.09627,6.8,5.8,,
2024,26766,2024-12-21 15:00:00,premier,Brentford,Nottingham Forest,0,2,0.769004,0.964897,5.8,6.9,,
2024,26767,2024-12-21 15:00:00,premier,West Ham,Brighton,1,1,1.22937,1.34379,4.8,6.0,,
2024,26771,2024-12-21 15:00:00,premier,Ipswich,Newcastle United,0,4,1.06427,3.23386,7.0,7.0,,
2024,26765,2024-12-21 17:30:00,premier,Crystal Palace,Arsenal,1,5,1.6052,3.05434,6.1,7.1,,
2024,26763,2024-12-22 14:00:00,premier,Fulham,Southampton,0,0,1.25255,0.280031,8.0,6.8,,
2024,26764,2024-12-22 14:00:00,premier,Everton,Chelsea,0,0,1.07081,1.51591,8.0,6.8,,
2024,26769,2024-12-22 14:00:00,premier,Manchester United,Bournemouth,0,3,2.28533,1.82831,6.9,5.8,,
2024,26770,2024-12-22 14:00:00,premier,Leicester,Wolverhampton Wanderers,0,3,0.78868,1.13531,8.0,8.0,,
2024,26768,2024-12-22 16:30:00,premier,Tottenham,Liverpool,3,6,1.20245,5.20214,6.9,8.1,,
2024,26777,2024-12-26 12:30:00,premier,Manchester City,Everton,1,1,2.51965,0.653289,5.0,3.9,,
2024,26772,2024-12-26 15:00:00,premier,Bournemouth,Crystal Palace,0,0,1.20189,0.500066,4.0,4.9,,
2024,26775,2024-12-26 15:00:00,premier,Chelsea,Fulham,1,2,1.55626,1.77929,4.0,4.0,,
2024,26778,2024-12-26 15:00:00,premier,Newcastle United,Aston Villa,3,0,2.82867,0.225522,5.0,5.1,,
2024,26779,2024-12-26 15:00:00,premier,Nottingham Forest,Tottenham,1,0,1.30018,1.05758,5.0,3.9,,
2024,26780,2024-12-26 15:00:00,premier,Southampton,West Ham,0,1,2.19833,1.90111,4.0,5.0,,
2024,26781,2024-12-26 17:30:00,premier,Wolverhampton Wanderers,Manchester United,2,0,0.826489,0.358876,4.1,4.1,,
2024,26776,2024-12-26 20:00:00,premier,Liverpool,Leicester,3,1,1.89935,0.22097,4.1,4.2,,
2024,26774,2024-12-27 19:30:00,premier,Brighton,Brentford,0,0,1.33538,0.961233,6.2,6.2,,
2024,26773,2024-12-27 20:15:00,premier,Arsenal,Ipswich,1,0,2.16462,0.0783327,6.1,6.2,,
2024,26788,2024-12-29 14:30:00,premier,Leicester,Manchester City,0,2,1.84208,1.58002,2.8,3.1,,
2024,26784,2024-12-29 15:00:00,premier,Crystal Palace,Southampton,2,1,3.05417,1.21853,3.0,3.0,,
2024,26785,2024-12-29 15:00:00,premier,Everton,Nottingham Forest,0,2,0.615191,2.02753,3.1,3.0,,
2024,26786,2024-12-29 15:00:00,premier,Fulham,Bournemouth,2,2,0.961566,1.70692,3.0,3.0,,
2024,26790,2024-12-29 15:00:00,premier,Tottenham,Wolverhampton Wanderers,2,2,2.28433,0.640697,3.0,2.9,,
2024,26791,2024-12-29 17:15:00,premier,West Ham,Liverpool,0,5,0.518279,3.29868,3.1,2.9,,
2024,26782,2024-12-30 19:45:00,premier,Aston Villa,Brighton,2,2,1.87997,0.938042,4.2,3.0,,
2024,26787,2024-12-30 19:45:00,premier,Ipswich,Chelsea,2,0,1.50093,1.60622,3.0,4.2,,
2024,26789,2024-12-30 20:00:00,premier,Manchester United,Newcastle United,0,2,1.00073,2.2424,4.1,4.2,,
2024,26783,2025-01-01 17:30:00,premier,Brentford,Arsenal,1,3,0.272604,1.99848,4.9,4.9,,
2024,26800,2025-01-04 12:30:00,premier,Tottenham,Newcastle United,1,2,1.00333,2.42963,5.9,4.7,,
2024,26792,2025-01-04 15:00:00,premier,Bournemouth,Everton,1,0,2.61852,0.561015,6.0,6.0,,
2024,26793,2025-01-04 15:00:00,premier,Aston Villa,Leicester,2,1,2.3456,0.81548,4.8,6.0,,
2024,26795,2025-01-04 15:00:00,premier,Crystal Palace,Chelsea,1,1,1.2766,1.51541,6.0,4.8,,
2024,26798,2025-01-04 15:00:00,premier,Manchester City,West Ham,4,1,1.97986,1.53286,6.0,5.9,,
2024,26799,2025-01-04 15:00:00,premier,Southampton,Brentford,0,5,0.249614,5.54874,6.0,2.9,,
2024,26794,2025-01-04 17:30:00,premier,Brighton,Arsenal,1,1,1.76513,1.81142,4.9,3.0,,
2024,26796,2025-01-05 14:00:00,premier,Fulham,Ipswich,2,2,2.65469,1.4434,7.0,5.8,,
2024,26797,2025-01-05 16:30:00,premier,Liverpool,Manchester United,2,2,2.862,1.67469,7.0,5.9,,
2024,26801,2025-01-06 20:00:00,premier,Wolverhampton Wanderers,Nottingham Forest,0,3,1.90463,2.57227,8.2,8.2,,
2024,26803,2025-01-14 19:30:00,premier,Brentford,Manchester City,2,2,2.39088,2.65315,10.2,10.2,,
2024,26808,2025-01-14 19:30:00,premier,West Ham,Fulham,3,2,0.937322,2.83581,10.2,9.2,,
2024,26809,2025-01-14 19:30:00,premier,Chelsea,Bournemouth,2,2,2.53808,1.14845,10.2,10.2,,
2024,26807,2025-01-14 20:00:00,premier,Nottingham Forest,Liverpool,1,1,0.5292,2.72291,8.0,9.1,,
2024,26804,2025-01-15 19:30:00,premier,Everton,Aston Villa,0,1,1.23126,1.28522,11.2,11.2,,
2024,26806,2025-01-15 19:30:00,premier,Leicester,Crystal Palace,0,2,2.09904,2.2647,11.2,11.2,,
2024,26810,2025-01-15 19:30:00,premier,Newcastle United,Wolverhampton Wanderers,3,0,2.13327,1.47433,11.3,9.0,,
2024,26802,2025-01-15 20:00:00,premier,Arsenal,Tottenham,2,1,2.25501,0.777071,11.1,11.3,,
2024,26805,2025-01-16 19:30:00,premier,Ipswich,Brighton,0,2,0.268127,1.06343,11.2,12.1,,
2024,26811,2025-01-16 20:00:00,premier,Manchester United,Southampton,3,1,3.10847,1.36705,11.1,12.2,,
2024,26819,2025-01-18 12:30:00,premier,Newcastle United,Bournemouth,1,4,0.837801,2.70174,2.7,3.7,,
2024,26813,2025-01-18 15:00:00,premier,Brentford,Liverpool,0,2,1.20021,4.16249,3.8,3.8,,
2024,26817,2025-01-18 15:00:00,premier,Leicester,Fulham,0,2,0.676934,2.36823,2.8,3.8,,
2024,26821,2025-01-18 15:00:00,premier,West Ham,Crystal Palace,0,2,0.221062,1.62561,3.8,2.8,,
2024,26812,2025-01-18 17:30:00,premier,Arsenal,Aston Villa,2,2,1.64458,1.20602,2.9,2.9,,
2024,26815,2025-01-19 14:00:00,premier,Everton,Tottenham,3,2,2.56089,1.35719,3.8,3.8,,
2024,26818,2025-01-19 14:00:00,premier,Manchester United,Brighton,1,3,1.31823,2.17172,2.8,2.8,,
2024,26820,2025-01-19 14:00:00,premier,Nottingham Forest,Southampton,3,2,2.36419,1.25922,4.8,2.8,,
2024,26816,2025-01-19 16:30:00,premier,Ipswich,Manchester City,0,6,0.795637,3.20228,2.9,4.9,,
2024,26814,2025-01-20 20:00:00,premier,Chelsea,Wolverhampton Wanderers,3,1,3.14882,1.06726,6.0,5.0,,
2024,26822,2025-01-25 15:00:00,premier,Bournemouth,Nottingham Forest,5,0,2.8254,0.996166,7.1,6.0,,
2024,26824,2025-01-25 15:00:00,premier,Brighton,Everton,0,1,0.64378,0.870883,6.0,6.0,,
2024,26827,2025-01-25 15:00:00,premier,Liverpool,Ipswich,4,1,2.16809,0.804707,7.0,5.9,,
2024,26829,2025-01-25 15:00:00,premier,Southampton,Newcastle United,1,3,0.825621,3.08319,6.0,7.1,,
2024,26831,2025-01-25 15:00:00,premier,Wolverhampton Wanderers,Arsenal,0,1,0.514724,0.887358,4.8,6.9,,
2024,26828,2025-01-25 17:30:00,premier,Manchester City,Chelsea,3,1,2.23213,1.49843,6.0,4.9,,
2024,26825,2025-01-26 14:00:00,premier,Crystal Palace,Brentford,1,2,1.23177,1.92037,8.0,8.0,,
2024,26830,2025-01-26 14:00:00,premier,Tottenham,Leicester,1,2,1.27483,1.40469,7.0,8.0,,
2024,26823,2025-01-26 16:30:00,premier,Aston Villa,West Ham,1,1,0.907851,1.67886,8.0,8.1,,
2024,26826,2025-01-26 19:00:00,premier,Fulham,Manchester United,0,1,0.560571,0.201988,8.2,7.2,,
2024,26840,2025-02-01 12:30:00,premier,Nottingham Forest,Brighton,7,0,4.0677,0.756296,6.9,6.9,,
2024,26832,2025-02-01 15:00:00,premier,Bournemouth,Liverpool,0,2,1.65273,2.7219,7.0,7.0,,
2024,26836,2025-02-01 15:00:00,premier,Everton,Leicester,4,0,3.11261,0.447136,7.0,6.0,,
2024,26837,2025-02-01 15:00:00,premier,Ipswich,Southampton,1,2,1.94845,1.17566,7.0,7.0,,
2024,26839,2025-02-01 15:00:00,premier,Newcastle United,Fulham,1,2,1.22716,1.60881,7.0,5.8,,
2024,26841,2025-02-01 17:30:00,premier,Wolverhampton Wanderers,Aston Villa,2,0,2.00146,0.742809,7.1,6.0,,
2024,26834,2025-02-02 14:00:00,premier,Brentford,Tottenham,0,2,1.66475,0.945355,7.0,7.0,,
2024,26838,2025-02-02 14:00:00,premier,Manchester United,Crystal Palace,0,2,1.50706,2.44633,6.8,7.0,,
2024,26833,2025-02-02 16:30:00,premier,Arsenal,Manchester City,5,1,1.53202,0.743191,8.1,8.0,,
2024,26835,2025-02-03 20:00:00,premier,Chelsea,West Ham,2,1,1.39066,1.1868,9.1,8.1,,
2024,26748,2025-02-12 19:30:00,premier,Everton,Liverpool,2,2,0.910523,0.929103,11.2,11.2,,
2024,26843,2025-02-14 20:00:00,premier,Brighton,Chelsea,3,0,2.06892,0.649788,13.3,11.0,,
2024,26846,2025-02-15 12:30:00,premier,Leicester,Arsenal,0,2,0.233209,1.75,13.9,12.8,,
2024,26842,2025-02-15 15:00:00,premier,Aston Villa,Ipswich,1,1,2.89841,0.332864,13.9,14.0,,
2024,26845,2025-02-15 15:00:00,premier,Fulham,Nottingham Forest,2,1,2.20993,0.331301,14.0,14.1,,
2024,26848,2025-02-15 15:00:00,premier,Manchester City,Newcastle United,4,0,2.12004,0.157211,12.9,14.0,,
2024,26849,2025-02-15 15:00:00,premier,Southampton,Bournemouth,1,3,0.974418,2.08722,14.0,14.0,,
2024,26851,2025-02-15 15:00:00,premier,West Ham,Brentford,0,1,0.673466,1.96499,11.8,13.0,,
2024,26844,2025-02-15 17:30:00,premier,Crystal Palace,Everton,1,2,2.30646,1.01565,13.1,2.9,,
2024,26847,2025-02-16 14:00:00,premier,Liverpool,Wolverhampton Wanderers,2,1,1.86758,1.05329,3.8,14.9,,
2024,26850,2025-02-16 16:30:00,premier,Tottenham,Manchester United,1,0,1.97109,1.42652,14.1,14.1,,
2024,26884,2025-02-19 15:00:00,premier,Aston Villa,Liverpool,2,2,1.02269,2.04279,4.0,3.0,,
2024,26858,2025-02-21 20:00:00,premier,Leicester,Brentford,0,4,0.727901,2.03465,6.3,6.2,,
2024,26855,2025-02-22 12:30:00,premier,Everton,Manchester United,2,2,2.10444,0.645685,6.8,5.8,,
2024,26852,2025-02-22 15:00:00,premier,Bournemouth,Wolverhampton Wanderers,0,1,0.629691,2.10124,7.0,6.0,,
2024,26853,2025-02-22 15:00:00,premier,Arsenal,West Ham,0,1,1.37264,1.02684,7.1,7.0,,
2024,26856,2025-02-22 15:00:00,premier,Fulham,Crystal Palace,0,2,0.23426,1.46203,7.0,6.9,,
2024,26857,2025-02-22 15:00:00,premier,Ipswich,Tottenham,1,4,1.15389,1.58741,7.0,5.9,,
2024,26861,2025-02-22 15:00:00,premier,Southampton,Brighton,0,4,0.154147,5.12018,7.0,7.8,,
2024,26854,2025-02-22 17:30:00,premier,Aston Villa,Chelsea,2,1,2.69413,2.17418,3.1,7.9,,
2024,26860,2025-02-23 14:00:00,premier,Newcastle United,Nottingham Forest,4,3,3.45858,2.38603,8.0,8.0,,
2024,26859,2025-02-23 16:30:00,premier,Manchester City,Liverpool,0,2,0.58248,0.807058,8.1,4.1,,
2024,26863,2025-02-25 19:30:00,premier,Brighton,Bournemouth,2,1,2.57927,1.70169,3.2,3.2,,
2024,26867,2025-02-25 19:30:00,premier,Wolverhampton Wanderers,Fulham,1,2,0.928973,1.43473,3.2,3.2,,
2024,26868,2025-02-25 19:30:00,premier,Crystal Palace,Aston Villa,4,1,4.02522,0.667217,3.2,3.1,,
2024,26869,2025-02-25 20:15:00,premier,Chelsea,Southampton,4,0,2.98234,0.845039,3.1,3.2,,
2024,26862,2025-02-26 19:30:00,premier,Brentford,Everton,1,1,1.34009,1.44955,5.0,4.3,,
2024,26864,2025-02-26 19:30:00,premier,Nottingham Forest,Arsenal,0,0,0.508611,1.31766,3.2,4.2,,
2024,26865,2025-02-26 19:30:00,premier,Tottenham,Manchester City,0,1,1.28426,2.38641,4.2,3.1,,
2024,26871,2025-02-26 19:30:00,premier,Manchester United,Ipswich,3,2,1.40202,1.04498,4.3,4.2,,
2024,26870,2025-02-26 20:15:00,premier,Liverpool,Newcastle United,2,0,1.40027,0.45882,3.2,3.3,,
2024,26866,2025-02-27 20:00:00,premier,West Ham,Leicester,2,0,1.70437,0.289578,5.2,6.0,,
2024,26878,2025-03-08 12:30:00,premier,Nottingham Forest,Manchester City,1,0,0.501476,0.721234,9.7,9.7,,
2024,26873,2025-03-08 15:00:00,premier,Brighton,Fulham,2,1,1.94417,0.708227,10.8,10.8,,
2024,26875,2025-03-08 15:00:00,premier,Crystal Palace,Ipswich,1,0,3.13879,1.63282,10.8,9.8,,
2024,26876,2025-03-08 15:00:00,premier,Liverpool,Southampton,3,1,4.98996,0.511566,9.8,10.8,,
2024,26872,2025-03-08 17:30:00,premier,Brentford,Aston Villa,0,1,0.637743,1.29638,9.9,10.9,,
2024,26881,2025-03-08 20:00:00,premier,Wolverhampton Wanderers,Everton,1,1,0.812432,1.3672,11.0,10.0,,
2024,26874,2025-03-09 14:00:00,premier,Chelsea,Leicester,1,0,1.76844,0.108487,11.7,9.8,,
2024,26879,2025-03-09 14:00:00,premier,Tottenham,Bournemouth,2,2,1.35053,2.22536,10.8,11.8,,
2024,26877,2025-03-09 16:30:00,premier,Manchester United,Arsenal,1,1,1.31107,1.82996,10.9,10.9,,
2024,26880,2025-03-10 20:00:00,premier,West Ham,Newcastle United,0,1,0.823986,1.62976,11.0,12.0,,
2024,26885,2025-03-15 15:00:00,premier,Everton,West Ham,1,1,1.189,0.516029,6.8,4.8,,
2024,26887,2025-03-15 15:00:00,premier,Ipswich,Nottingham Forest,2,4,0.520839,1.30722,7.0,7.1,,
2024,26889,2025-03-15 15:00:00,premier,Manchester City,Brighton,2,2,2.02642,2.11119,7.1,7.0,,
2024,26891,2025-03-15 15:00:00,premier,Southampton,Wolverhampton Wanderers,1,2,1.2821,0.540718,7.0,6.8,,
2024,26882,2025-03-15 17:30:00,premier,Bournemouth,Brentford,1,2,2.02714,1.60321,6.1,7.0,,
2024,26883,2025-03-16 13:30:00,premier,Arsenal,Chelsea,1,0,0.695725,0.286036,6.9,7.0,,
2024,26886,2025-03-16 13:30:00,premier,Fulham,Tottenham,2,0,1.03966,1.40865,7.9,7.0,,
2024,26888,2025-03-16 19:00:00,premier,Leicester,Manchester United,0,3,1.30455,1.13892,7.2,7.1,,
2024,26892,2025-04-01 19:45:00,premier,Arsenal,Fulham,2,1,2.30189,1.44206,16.3,16.3,,
2024,26895,2025-04-01 19:45:00,premier,Wolverhampton Wanderers,West Ham,1,0,1.10359,1.73057,17.2,17.2,,
2024,26894,2025-04-01 20:00:00,premier,Nottingham Forest,Manchester United,1,0,0.512063,1.86688,17.2,16.0,,
2024,26893,2025-04-02 19:45:00,premier,Brighton,Aston Villa,0,3,0.558009,1.20715,18.2,25.1,,
2024,26896,2025-04-02 19:45:00,premier,Bournemouth,Ipswich,1,2,1.99637,1.41263,18.1,18.2,,
2024,26898,2025-04-02 19:45:00,premier,Manchester City,Leicester,2,0,2.07165,0.104741,18.2,17.0,,
2024,26899,2025-04-02 19:45:00,premier,Newcastle United,Brentford,2,1,2.26584,1.53201,23.0,18.1,,
2024,26900,2025-04-02 19:45:00,premier,Southampton,Crystal Palace,1,1,0.687304,0.93776,18.2,25.2,,
2024,26901,2025-04-02 20:00:00,premier,Liverpool,Everton,1,0,1.29718,0.823136,25.2,18.2,,
2024,26897,2025-04-03 19:00:00,premier,Chelsea,Tottenham,1,0,1.30443,1.40274,18.2,18.2,,
2024,26905,2025-04-05 11:30:00,premier,Everton,Arsenal,1,1,1.22875,1.4031,2.6,3.7,,
2024,26904,2025-04-05 14:00:00,premier,Crystal Palace,Brighton,2,1,0.443965,1.27226,2.8,2.8,,
2024,26907,2025-04-05 14:00:00,premier,Ipswich,Wolverhampton Wanderers,1,2,0.872356,2.8096,2.8,3.8,,
2024,26911,2025-04-05 14:00:00,premier,West Ham,Bournemouth,2,2,0.907832,1.94869,3.8,2.8,,
2024,26902,2025-04-05 16:30:00,premier,Aston Villa,Nottingham Forest,2,1,2.63349,0.96769,2.9,3.9,,
2024,26903,2025-04-06 13:00:00,premier,Brentford,Chelsea,0,0,1.36123,1.47829,3.7,2.8,,
2024,26906,2025-04-06 13:00:00,premier,Fulham,Liverpool,3,2,1.72764,1.40638,4.7,3.7,,
2024,26910,2025-04-06 13:00:00,premier,Tottenham,Southampton,3,1,2.648,0.780439,2.8,3.7,,
2024,26909,2025-04-06 15:30:00,premier,Manchester United,Manchester City,0,0,1.23317,0.687894,4.8,3.8,,
2024,26908,2025-04-07 19:00:00,premier,Leicester,Newcastle United,0,3,0.354575,3.44111,5.0,5.0,,
2024,26917,2025-04-12 11:30:00,premier,Manchester City,Crystal Palace,5,2,4.59724,1.33808,5.8,6.9,,
2024,26914,2025-04-12 14:00:00,premier,Brighton,Leicester,2,2,3.6978,1.98444,7.0,4.8,,
2024,26920,2025-04-12 14:00:00,premier,Nottingham Forest,Everton,0,1,0.423949,1.26036,6.9,7.1,,
2024,26921,2025-04-12 14:00:00,premier,Southampton,Aston Villa,0,3,0.412256,2.99927,6.0,6.9,,
2024,26913,2025-04-12 16:30:00,premier,Arsenal,Brentford,1,1,0.767369,0.588583,7.2,6.1,,
2024,26915,2025-04-13 13:00:00,premier,Chelsea,Ipswich,2,2,2.90758,1.60301,7.0,8.0,,
2024,26916,2025-04-13 13:00:00,premier,Liverpool,West Ham,2,1,1.42902,1.46598,7.0,8.0,,
2024,26919,2025-04-13 13:00:00,premier,Wolverhampton Wanderers,Tottenham,4,2,2.22977,1.62887,8.0,7.0,,
2024,26918,2025-04-13 15:30:00,premier,Newcastle United,Manchester United,4,1,2.6383,0.786568,5.9,7.0,,
2024,26912,2025-04-14 19:00:00,premier,Bournemouth,Fulham,1,0,1.8577,1.07203,9.2,8.2,,
2024,26890,2025-04-16 18:30:00,premier,Newcastle United,Crystal Palace,5,0,2.32947,2.37548,3.1,4.3,,
2024,26923,2025-04-19 14:00:00,premier,Brentford,Brighton,4,2,2.95516,1.24107,6.9,7.0,,
2024,26924,2025-04-19 14:00:00,premier,Crystal Palace,Bournemouth,0,0,0.337818,0.664093,2.8,4.8,,
2024,26925,2025-04-19 14:00:00,premier,Everton,Manchester City,0,2,0.81683,1.87989,7.0,7.1,,
2024,26931,2025-04-19 14:00:00,premier,West Ham,Southampton,1,1,0.98423,0.922877,6.0,7.0,,
2024,26922,2025-04-19 16:30:00,premier,Aston Villa,Newcastle United,4,1,3.05371,1.27176,7.1,2.9,,
2024,26926,2025-04-20 13:00:00,premier,Fulham,Chelsea,1,2,0.306122,0.75172,5.8,7.0,,
2024,26927,2025-04-20 13:00:00,premier,Ipswich,Arsenal,0,4,0.192879,2.81362,7.0,7.9,,
2024,26929,2025-04-20 13:00:00,premier,Manchester United,Wolverhampton Wanderers,0,1,1.13966,0.187814,6.9,7.0,,
2024,26928,2025-04-20 15:30:00,premier,Leicester,Liverpool,0,1,0.232205,4.52706,8.1,7.1,,
2024,26930,2025-04-21 19:00:00,premier,Tottenham,Nottingham Forest,1,2,2.4024,0.557682,8.2,9.2,,
2024,26937,2025-04-22 19:00:00,premier,Manchester City,Aston Villa,2,1,1.36232,1.85906,3.2,3.1,,
2024,26933,2025-04-23 19:00:00,premier,Arsenal,Crystal Palace,2,2,1.92149,2.50515,3.2,4.2,,
2024,26935,2025-04-26 11:30:00,premier,Chelsea,Everton,1,0,0.768313,0.916838,5.9,6.9,,
2024,26934,2025-04-26 14:00:00,premier,Brighton,West Ham,3,2,1.29433,1.24134,7.0,7.0,,
2024,26938,2025-04-26 14:00:00,premier,Newcastle United,Ipswich,3,0,4.11539,0.127203,6.9,6.0,,
2024,26940,2025-04-26 14:00:00,premier,Southampton,Fulham,1,2,0.935581,1.9956,7.0,6.0,,
2024,26941,2025-04-26 14:00:00,premier,Wolverhampton Wanderers,Leicester,3,0,2.57666,1.04978,6.0,5.9,,
2024,26932,2025-04-27 13:00:00,premier,Bournemouth,Manchester United,1,1,0.60995,1.91039,8.0,7.0,,
2024,26936,2025-04-27 15:30:00,premier,Liverpool,Tottenham,5,1,2.51104,0.512812,7.0,5.9,,
2024,26939,2025-05-01 18:30:00,premier,Nottingham Forest,Brentford,0,2,0.670607,1.52054,10.0,12.2,,
2024,26942,2025-05-02 19:00:00,premier,Manchester City,Wolverhampton Wanderers,1,0,0.859463,0.622455,10.0,6.2,,
2024,26946,2025-05-03 11:30:00,premier,Aston Villa,Fulham,1,0,1.29013,0.702787,10.7,6.9,,
2024,26950,2025-05-03 14:00:00,premier,Everton,Ipswich,2,2,0.808481,1.14351,7.1,7.0,,
2024,26951,2025-05-03 14:00:00,premier,Leicester,Southampton,2,0,1.60739,0.550774,7.0,7.0,,
2024,26945,2025-05-03 16:30:00,premier,Arsenal,Bournemouth,1,2,2.05484,1.41783,9.9,6.1,,
2024,26943,2025-05-04 13:00:00,premier,West Ham,Tottenham,1,1,1.15166,0.847022,8.0,6.9,,
2024,26944,2025-05-04 13:00:00,premier,Brighton,Newcastle United,1,1,0.687863,1.63777,8.0,8.0,,
2024,26947,2025-05-04 13:00:00,premier,Brentford,Manchester United,4,3,3.58737,1.13404,2.8,7.0,,
2024,26948,2025-05-04 15:30:00,premier,Chelsea,Liverpool,3,1,3.51944,1.4267,8.2,7.0,,
2024,26949,2025-05-05 19:00:00,premier,Crystal Palace,Nottingham Forest,1,1,2.34037,0.63684,12.0,4.0,,
2024,26953,2025-05-10 14:00:00,premier,Fulham,Everton,1,3,1.20869,1.32604,7.1,7.0,,
2024,26954,2025-05-10 14:00:00,premier,Ipswich,Brentford,0,1,0.717433,1.32077,7.0,6.0,,
2024,26959,2025-05-10 14:00:00,premier,Southampton,Manchester City,0,0,0.136995,1.58463,7.0,7.8,,
2024,26961,2025-05-10 14:00:00,premier,Wolverhampton Wanderers,Brighton,0,2,0.73395,1.41254,7.8,6.0,,
2024,26955,2025-05-10 16:30:00,premier,Bournemouth,Aston Villa,0,1,1.02272,1.12376,7.0,7.2,,
2024,26957,2025-05-11 11:00:00,premier,Newcastle United,Chelsea,2,0,1.6703,0.646426,6.9,6.8,,
2024,26956,2025-05-11 13:15:00,premier,Manchester United,West Ham,0,2,2.31287,2.15985,7.0,7.0,,
2024,26958,2025-05-11 13:15:00,premier,Nottingham Forest,Leicester,2,2,1.76909,1.22949,5.8,8.0,,
2024,26960,2025-05-11 13:15:00,premier,Tottenham,Crystal Palace,0,2,0.806792,3.98546,7.0,5.8,,
2024,26952,2025-05-11 15:30:00,premier,Liverpool,Arsenal,2,2,2.74682,2.18795,7.0,8.0,,
2024,26963,2025-05-16 18:30:00,premier,Aston Villa,Tottenham,2,0,1.69061,0.523016,6.1,5.2,,
2024,26966,2025-05-16 19:15:00,premier,Chelsea,Manchester United,1,0,1.29571,0.337632,5.3,5.2,,
2024,26968,2025-05-18 11:00:00,premier,Everton,Southampton,2,0,2.67793,1.05025,7.9,7.9,,
2024,26971,2025-05-18 13:15:00,premier,West Ham,Nottingham Forest,1,2,0.850457,2.14756,7.0,7.0,,
2024,26964,2025-05-18 14:00:00,premier,Brentford,Fulham,2,3,2.43045,1.61741,8.0,8.0,,
2024,26969,2025-05-18 14:00:00,premier,Leicester,Ipswich,2,0,0.788544,1.36957,7.0,8.0,,
2024,26962,2025-05-18 15:30:00,premier,Arsenal,Newcastle United,1,0,1.15958,2.24634,7.0,7.2,,
2024,26965,2025-05-19 19:00:00,premier,Brighton,Liverpool,3,2,2.17789,3.065,9.2,8.1,,
2024,26967,2025-05-20 19:00:00,premier,Crystal Palace,Wolverhampton Wanderers,4,2,1.68451,1.42886,9.2,10.2,,
2024,26970,2025-05-20 19:00:00,premier,Manchester City,Bournemouth,3,1,1.59779,0.962014,10.2,10.1,,
2024,26972,2025-05-25 15:00:00,premier,Nottingham Forest,Chelsea,0,1,1.58014,1.30874,7.1,8.8,,
2024,26973,2025-05-25 15:00:00,premier,Newcastle United,Everton,0,1,1.1591,1.07279,7.0,7.2,,
2024,26974,2025-05-25 15:00:00,premier,Manchester United,Aston Villa,2,0,2.96259,0.335222,8.8,8.9,,
2024,26975,2025-05-25 15:00:00,premier,Liverpool,Crystal Palace,1,1,1.92122,1.4144,5.8,4.8,,
2024,26976,2025-05-25 15:00:00,premier,Tottenham,Brighton,1,4,1.85265,3.11624,8.9,5.8,,
2024,26977,2025-05-25 15:00:00,premier,Southampton,Arsenal,1,2,0.598144,2.40711,7.2,7.0,,
2024,26978,2025-05-25 15:00:00,premier,Wolverhampton Wanderers,Brentford,1,1,1.10889,1.97196,4.8,7.0,,
2024,26979,2025-05-25 15:00:00,premier,Bournemouth,Leicester,2,0,2.72449,0.156702,4.8,7.0,,
2024,26980,2025-05-25 15:00:00,premier,Ipswich,West Ham,1,3,0.893095,0.967379,7.0,7.1,,
2024,26981,2025-05-25 15:00:00,premier,Fulham,Manchester City,0,2,2.21797,2.45923,7.0,4.8,,
2025,28778,2025-08-15 19:00:00,premier,Liverpool,Bournemouth,4,2,2.33007,1.57303,60.0,60.0,,
2025,28779,2025-08-16 11:30:00,premier,Aston Villa,Newcastle United,0,0,0.318601,1.40098,60.0,60.0,,
2025,28780,2025-08-16 14:00:00,premier,Brighton,Fulham,1,1,1.44008,0.902883,60.0,60.0,,
2025,28781,2025-08-16 14:00:00,premier,Sunderland,West Ham,3,0,0.724368,0.558948,60.0,60.0,,
2025,28782,2025-08-16 14:00:00,premier,Tottenham,Burnley,3,0,1.97858,0.734138,60.0,60.0,,
2025,28783,2025-08-16 16:30:00,premier,Wolverhampton Wanderers,Manchester City,0,4,0.519436,2.29903,60.0,60.0,,
2025,28784,2025-08-17 13:00:00,premier,Chelsea,Crystal Palace,0,0,1.36793,1.03414,60.0,60.0,,
2025,28785,2025-08-17 13:00:00,premier,Nottingham Forest,Brentford,3,1,1.7555,1.32516,60.0,60.0,,
2025,28786,2025-08-17 15:30:00,premier,Manchester United,Arsenal,0,1,1.37653,1.3304,60.0,60.0,,
2025,28787,2025-08-18 19:00:00,premier,Leeds,Everton,1,0,2.3812,0.674338,60.0,60.0,,
2025,28788,2025-08-22 19:00:00,premier,West Ham,Chelsea,1,5,0.978572,3.94997,6.2,5.2,,
2025,28789,2025-08-23 11:30:00,premier,Manchester City,Tottenham,0,2,1.2475,1.28015,6.8,6.9,,
2025,28790,2025-08-23 14:00:00,premier,Brentford,Aston Villa,1,0,1.12964,0.976852,6.0,7.1,,
2025,28791,2025-08-23 14:00:00,premier,Burnley,Sunderland,2,0,1.00381,1.12127,7.0,7.0,,
2025,28792,2025-08-23 14:00:00,premier,Bournemouth,Wolverhampton Wanderers,1,0,1.78462,0.373367,7.8,6.9,,
2025,28793,2025-08-23 16:30:00,premier,Arsenal,Leeds,5,0,2.73761,0.156761,6.0,4.9,,
2025,28794,2025-08-24 13:00:00,premier,Crystal Palace,Nottingham Forest,1,1,1.10188,1.32987,7.0,7.0,,
2025,28795,2025-08-24 13:00:00,premier,Everton,Brighton,2,0,1.80116,2.08487,5.8,8.0,,
2025,28796,2025-08-24 15:30:00,premier,Fulham,Manchester United,1,1,1.65333,1.54603,8.1,7.0,,
2025,28797,2025-08-25 19:00:00,premier,Newcastle United,Liverpool,2,3,1.96342,0.646559,9.3,10.0,,
2025,28798,2025-08-30 11:30:00,premier,Chelsea,Fulham,2,0,2.4324,0.736228,7.7,5.8,,
2025,28799,2025-08-30 14:00:00,premier,Tottenham,Bournemouth,0,1,0.17067,2.1201,7.1,7.0,,
2025,28800,2025-08-30 14:00:00,premier,Wolverhampton Wanderers,Everton,2,3,0.943257,2.03791,7.0,6.0,,
2025,28801,2025-08-30 14:00:00,premier,Sunderland,Brentford,2,1,1.57127,1.44604,7.0,7.0,,
2025,28802,2025-08-30 14:00:00,premier,Manchester United,Burnley,3,2,4.02237,1.32618,5.9,7.0,,
2025,28803,2025-08-30 16:30:00,premier,Leeds,Newcastle United,0,0,0.6773,0.303635,7.0,4.9,,
2025,28804,2025-08-31 13:00:00,premier,Nottingham Forest,West Ham,0,3,0.716018,2.236,7.0,8.8,,
2025,28805,2025-08-31 13:00:00,premier,Brighton,Manchester City,2,1,2.20864,2.13418,7.0,8.1,,
2025,28806,2025-08-31 15:30:00,premier,Liverpool,Arsenal,1,0,0.481404,0.485679,5.9,8.0,,
2025,28807,2025-08-31 18:00:00,premier,Aston Villa,Crystal Palace,0,3,1.20586,2.59713,8.2,7.2,,
2025,28808,2025-09-13 11:30:00,premier,Arsenal,Nottingham Forest,3,0,2.8817,0.293681,12.8,12.9,,
2025,28809,2025-09-13 14:00:00,premier,Newcastle United,Wolverhampton Wanderers,1,0,1.19186,0.375942,13.9,14.0,,
2025,28810,2025-09-13 14:00:00,premier,Bournemouth,Brighton,2,1,1.44187,0.624923,14.0,13.0,,
2025,28811,2025-09-13 14:00:00,premier,Crystal Palace,Sunderland,0,0,1.75805,0.354129,12.8,14.0,,
2025,28812,2025-09-13 14:00:00,premier,Everton,Aston Villa,0,0,1.8927,0.354327,14.0,12.8,,
2025,28813,2025-09-13 14:00:00,premier,Fulham,Leeds,1,0,1.13979,0.830398,14.1,13.9,,
2025,28814,2025-09-13 16:30:00,premier,West Ham,Tottenham,0,3,0.793248,1.51402,13.1,14.1,,
2025,28815,2025-09-13 19:00:00,premier,Brentford,Chelsea,2,2,1.17533,0.755999,14.2,14.3,,
2025,28816,2025-09-14 13:00:00,premier,Burnley,Liverpool,0,1,0.168041,2.79492,15.0,13.9,,
2025,28817,2025-09-14 15:30:00,premier,Manchester City,Manchester United,3,0,1.99725,1.51915,14.1,15.1,,
2025,28818,2025-09-20 11:30:00,premier,Liverpool,Everton,2,1,1.06166,0.721371,5.9,6.9,,
2025,28819,2025-09-20 14:00:00,premier,West Ham,Crystal Palace,1,2,0.466365,2.33565,6.9,7.0,,
2025,28820,2025-09-20 14:00:00,premier,Wolverhampton Wanderers,Leeds,1,3,1.5661,0.456988,7.0,7.0,,
2025,28821,2025-09-20 14:00:00,premier,Brighton,Tottenham,2,2,1.40466,1.19181,7.0,6.9,,
2025,28822,2025-09-20 14:00:00,premier,Burnley,Nottingham Forest,1,1,1.14159,0.830779,6.0,7.1,,
2025,28824,2025-09-20 16:30:00,premier,Manchester United,Chelsea,2,1,1.34458,0.469843,6.0,6.9,,
2025,28825,2025-09-20 19:00:00,premier,Fulham,Brentford,3,1,1.52431,0.826556,7.2,7.0,,
2025,28823,2025-09-21 13:00:00,premier,Bournemouth,Newcastle United,0,0,0.55066,0.153629,8.0,8.0,,
2025,28826,2025-09-21 13:00:00,premier,Sunderland,Aston Villa,1,1,0.938312,0.939354,8.0,8.0,,
2025,28827,2025-09-21 15:30:00,premier,Arsenal,Manchester City,1,1,0.718575,1.1227,8.2,7.0,,
2025,28828,2025-09-27 11:30:00,premier,Brentford,Manchester United,3,1,2.78726,2.23609,6.7,6.8,,
2025,28829,2025-09-27 14:00:00,premier,Chelsea,Brighton,1,3,2.02653,2.4751,6.9,7.0,,
2025,28830,2025-09-27 14:00:00,premier,Crystal Palace,Liverpool,2,1,3.53323,3.10176,7.0,7.1,,
2025,28832,2025-09-27 14:00:00,premier,Leeds,Bournemouth,2,2,2.04728,1.06033,7.0,6.0,,
2025,28833,2025-09-27 14:00:00,premier,Manchester City,Burnley,5,1,3.22133,0.509491,5.9,7.0,,
2025,28834,2025-09-27 16:30:00,premier,Nottingham Forest,Sunderland,0,1,1.4203,1.94154,7.1,6.1,,
2025,28835,2025-09-27 19:00:00,premier,Tottenham,Wolverhampton Wanderers,1,1,0.818711,1.15951,7.2,7.2,,
2025,28831,2025-09-28 13:00:00,premier,Aston Villa,Fulham,3,1,1.36575,0.952612,7.0,7.8,,
2025,28836,2025-09-28 15:30:00,premier,Newcastle United,Arsenal,1,2,0.739851,2.07048,7.1,7.0,,
2025,28837,2025-09-29 19:00:00,premier,Everton,West Ham,1,1,0.909703,0.775766,9.3,9.2,,
2025,28838,2025-10-03 19:00:00,premier,Bournemouth,Fulham,3,1,1.33458,0.84335,6.2,5.2,,
2025,28844,2025-10-04 11:30:00,premier,Leeds,Tottenham,1,2,1.48051,0.688198,6.9,6.7,,
2025,28839,2025-10-04 14:00:00,premier,Arsenal,West Ham,2,0,3.0585,0.864549,5.9,4.8,,
2025,28845,2025-10-04 14:00:00,premier,Manchester United,Sunderland,2,0,1.9298,0.807119,7.1,6.9,,
2025,28842,2025-10-04 16:30:00,premier,Chelsea,Liverpool,2,1,1.23721,2.05981,7.1,7.1,,
2025,28840,2025-10-05 13:00:00,premier,Aston Villa,Burnley,2,1,1.73572,0.502292,7.0,8.0,,
2025,28843,2025-10-05 13:00:00,premier,Everton,Crystal Palace,2,1,2.13876,2.17789,5.8,8.0,,
2025,28846,2025-10-05 13:00:00,premier,Newcastle United,Nottingham Forest,2,0,3.81662,0.337689,6.9,7.9,,
2025,28847,2025-10-05 13:00:00,premier,Wolverhampton Wanderers,Brighton,1,1,0.369404,1.39158,7.8,8.0,,
2025,28841,2025-10-05 15:30:00,premier,Brentford,Manchester City,0,1,0.693758,1.09647,8.2,8.1,,
2025,28854,2025-10-18 11:30:00,premier,Nottingham Forest,Chelsea,0,3,2.0555,2.5583,12.9,13.8,,
2025,28848,2025-10-18 14:00:00,premier,Brighton,Newcastle United,2,1,0.857104,1.28313,13.0,13.0,,
2025,28849,2025-10-18 14:00:00,premier,Burnley,Leeds,2,0,0.509647,2.33152,13.0,14.1,,
2025,28850,2025-10-18 14:00:00,premier,Crystal Palace,Bournemouth,3,3,4.56284,2.0471,13.0,14.8,,
2025,28853,2025-10-18 14:00:00,premier,Manchester City,Everton,2,0,2.4799,0.794622,12.9,13.0,,
2025,28855,2025-10-18 14:00:00,premier,Sunderland,Wolverhampton Wanderers,2,0,1.02481,0.676323,14.0,13.0,,
2025,28851,2025-10-18 16:30:00,premier,Fulham,Arsenal,0,1,0.502332,2.07823,14.9,14.1,,
2025,28856,2025-10-19 13:00:00,premier,Tottenham,Aston Villa,1,2,1.51461,0.352231,15.1,14.0,,
2025,28852,2025-10-19 15:30:00,premier,Liverpool,Manchester United,1,2,2.60972,2.53117,15.0,15.1,,
2025,28857,2025-10-20 19:00:00,premier,West Ham,Brentford,0,2,0.260251,3.46635,16.2,15.1,,
2025,28864,2025-10-24 19:00:00,premier,Leeds,West Ham,2,1,2.2214,0.498653,6.2,4.0,,
2025,28862,2025-10-25 14:00:00,premier,Chelsea,Sunderland,1,2,1.21332,1.5506,7.1,7.0,,
2025,28866,2025-10-25 14:00:00,premier,Newcastle United,Fulham,2,1,2.76806,1.52001,7.0,6.9,,
2025,28865,2025-10-25 16:30:00,premier,Manchester United,Brighton,4,2,1.96231,0.947154,6.0,7.1,,
2025,28861,2025-10-25 19:00:00,premier,Brentford,Liverpool,3,2,3.27126,2.11838,5.0,6.1,,
2025,28858,2025-10-26 13:00:00,premier,Bournemouth,Nottingham Forest,2,0,0.656601,0.305493,8.0,8.1,,
2025,28859,2025-10-26 13:00:00,premier,Arsenal,Crystal Palace,1,0,0.856175,0.350534,7.9,8.0,,
2025,28860,2025-10-26 13:00:00,premier,Aston Villa,Manchester City,1,0,0.843906,1.36914,7.0,8.0,,
2025,28867,2025-10-26 13:00:00,premier,Wolverhampton Wanderers,Burnley,2,3,2.58132,1.54544,8.0,8.0,,
2025,28863,2025-10-26 15:30:00,premier,Everton,Tottenham,0,3,1.4032,2.09327,8.1,7.1,,
2025,28868,2025-11-01 15:00:00,premier,Brighton,Leeds,3,0,2.64127,0.35919,6.9,7.8,,
2025,28869,2025-11-01 15:00:00,premier,Burnley,Arsenal,0,2,0.679177,2.51649,6.1,6.1,,
2025,28870,2025-11-01 15:00:00,premier,Crystal Palace,Brentford,2,0,0.734558,0.820498,6.1,6.8,,
2025,28871,2025-11-01 15:00:00,premier,Fulham,Wolverhampton Wanderers,3,0,1.91207,0.209934,7.0,6.1,,
2025,28874,2025-11-01 15:00:00,premier,Nottingham Forest,Manchester United,2,2,1.55066,0.91622,6.1,6.9,,
2025,28876,2025-11-01 17:30:00,premier,Tottenham,Chelsea,0,1,0.146954,3.34251,6.1,7.1,,
2025,28872,2025-11-01 20:00:00,premier,Liverpool,Aston Villa,2,0,1.47021,0.43502,7.0,6.3,,
2025,28877,2025-11-02 14:00:00,premier,West Ham,Newcastle United,3,1,1.41383,0.523615,8.8,8.0,,
2025,28873,2025-11-02 16:30:00,premier,Manchester City,Bournemouth,3,1,2.48999,0.899846,7.1,7.1,,
2025,28875,2025-11-03 20:00:00,premier,Sunderland,Everton,1,1,1.18068,1.00741,9.2,8.2,,
2025,28886,2025-11-08 12:30:00,premier,Tottenham,Manchester United,2,2,1.35532,0.820256,6.8,6.9,,
2025,28882,2025-11-08 15:00:00,premier,Everton,Fulham,2,0,2.30607,0.424478,4.8,7.0,,
2025,28887,2025-11-08 15:00:00,premier,West Ham,Burnley,3,2,2.96728,1.87478,6.0,7.0,,
2025,28885,2025-11-08 17:30:00,premier,Sunderland,Arsenal,2,2,1.20495,2.32943,4.9,7.1,,
2025,28880,2025-11-08 20:00:00,premier,Chelsea,Wolverhampton Wanderers,3,0,3.98342,0.111462,7.1,7.2,,
2025,28878,2025-11-09 14:00:00,premier,Aston Villa,Bournemouth,4,0,1.88282,2.00992,7.8,6.9,,
2025,28879,2025-11-09 14:00:00,premier,Brentford,Newcastle United,3,1,2.73729,0.432277,8.0,7.0,,
2025,28881,2025-11-09 14:00:00,premier,Crystal Palace,Brighton,0,0,0.839547,0.637037,8.0,8.0,,
2025,28884,2025-11-09 14:00:00,premier,Nottingham Forest,Leeds,3,1,2.49097,0.419461,8.0,8.0,,
2025,28883,2025-11-09 16:30:00,premier,Manchester City,Liverpool,3,0,1.59542,1.0281,7.0,7.9,,
2025,28891,2025-11-22 12:30:00,premier,Burnley,Chelsea,0,2,0.660943,1.72093,13.9,13.7,,
2025,28888,2025-11-22 15:00:00,premier,Bournemouth,West Ham,2,2,3.48299,0.390782,13.0,14.0,,
2025,28890,2025-11-22 15:00:00,premier,Brighton,Brentford,2,1,0.977488,2.19979,13.0,13.0,,
2025,28892,2025-11-22 15:00:00,premier,Fulham,Sunderland,1,0,2.83729,0.222768,14.0,13.9,,
2025,28894,2025-11-22 15:00:00,premier,Liverpool,Nottingham Forest,0,3,1.79273,1.19459,12.9,13.0,,
2025,28897,2025-11-22 15:00:00,premier,Wolverhampton Wanderers,Crystal Palace,0,2,1.66409,1.44933,13.8,13.0,,
2025,28896,2025-11-22 17:30:00,premier,Newcastle United,Manchester City,2,1,2.40555,2.45648,13.1,13.0,,
2025,28893,2025-11-23 14:00:00,premier,Leeds,Aston Villa,1,2,1.84668,1.35978,14.0,14.0,,
2025,28889,2025-11-23 16:30:00,premier,Arsenal,Tottenham,4,1,2.27827,0.0300672,15.0,15.2,,
2025,28895,2025-11-24 20:00:00,premier,Manchester United,Everton,0,1,2.2737,0.155063,16.3,16.2,,
2025,28899,2025-11-29 15:00:00,premier,Brentford,Burnley,3,1,3.72106,0.874025,7.0,7.1,,
2025,28903,2025-11-29 15:00:00,premier,Manchester City,Leeds,3,2,2.85292,1.75142,6.9,6.0,,
2025,28905,2025-11-29 15:00:00,premier,Sunderland,Bournemouth,3,2,1.16955,1.79274,7.0,7.0,,
2025,28902,2025-11-29 17:30:00,premier,Everton,Newcastle United,1,4,1.01125,2.45882,4.9,7.0,,
2025,28906,2025-11-29 20:00:00,premier,Tottenham,Fulham,1,2,1.04396,0.494736,6.1,7.2,,
2025,28901,2025-11-30 12:00:00,premier,Crystal Palace,Manchester United,1,2,2.13561,1.47768,7.9,5.7,,
2025,28898,2025-11-30 14:05:00,premier,Aston Villa,Wolverhampton Wanderers,1,0,1.15486,0.692588,7.0,8.0,,
2025,28904,2025-11-30 14:05:00,premier,Nottingham Forest,Brighton,0,2,0.960325,2.0572,8.0,8.0,,
2025,28907,2025-11-30 14:05:00,premier,West Ham,Liverpool,0,2,0.364152,1.56793,8.0,8.0,,
2025,28900,2025-11-30 16:30:00,premier,Chelsea,Arsenal,1,1,0.791914,1.22828,8.2,7.0,,
2025,28908,2025-12-02 19:30:00,premier,Bournemouth,Everton,0,1,0.635415,1.19573,3.2,3.1,,
2025,28912,2025-12-02 19:30:00,premier,Fulham,Manchester City,4,5,0.972635,1.96225,3.0,3.2,,
2025,28916,2025-12-02 20:15:00,premier,Newcastle United,Tottenham,2,2,1.88558,1.05205,3.1,3.0,,
2025,28909,2025-12-03 19:30:00,premier,Arsenal,Brentford,2,0,2.63126,0.588716,3.1,4.2,,
2025,28910,2025-12-03 19:30:00,premier,Brighton,Aston Villa,3,4,1.96298,3.15745,3.2,3.2,,
2025,28911,2025-12-03 19:30:00,premier,Burnley,Crystal Palace,0,1,1.16852,0.987797,4.2,3.3,,
2025,28917,2025-12-03 19:30:00,premier,Wolverhampton Wanderers,Nottingham Forest,0,1,1.02461,1.12389,3.2,3.2,,
2025,28913,2025-12-03 20:15:00,premier,Leeds,Chelsea,3,1,2.2047,0.964018,4.2,3.2,,
2025,28914,2025-12-03 20:15:00,premier,Liverpool,Sunderland,1,1,1.37633,0.712662,3.3,4.2,,
2025,28915,2025-12-04 20:00:00,premier,Manchester United,West Ham,1,1,2.27674,1.36584,4.3,4.2,,
2025,28919,2025-12-06 12:30:00,premier,Aston Villa,Arsenal,2,1,2.71986,1.85965,2.7,2.7,,
2025,28918,2025-12-06 15:00:00,premier,Bournemouth,Chelsea,0,0,1.41931,0.672602,3.8,2.8,,
2025,28921,2025-12-06 15:00:00,premier,Everton,Nottingham Forest,3,0,1.25348,0.31234,3.8,2.8,,
2025,28924,2025-12-06 15:00:00,premier,Manchester City,Sunderland,3,0,2.41605,0.626486,3.8,2.8,,
2025,28925,2025-12-06 15:00:00,premier,Newcastle United,Burnley,2,1,1.80708,1.58375,3.8,2.8,,
2025,28926,2025-12-06 15:00:00,premier,Tottenham,Brentford,2,0,2.42388,0.470563,3.8,2.8,,
2025,28923,2025-12-06 17:30:00,premier,Leeds,Liverpool,3,3,1.79333,2.04805,2.9,2.9,,
2025,28920,2025-12-07 14:00:00,premier,Brighton,West Ham,1,1,2.10077,1.7064,3.8,2.8,,
2025,28922,2025-12-07 16:30:00,premier,Fulham,Crystal Palace,1,2,0.766771,1.71109,4.9,3.9,,
2025,28927,2025-12-08 20:00:00,premier,Wolverhampton Wanderers,Manchester United,1,4,0.262147,4.04708,5.0,4.0,,
2025,28931,2025-12-13 15:00:00,premier,Chelsea,Everton,2,0,2.64457,1.34,7.0,7.0,,
2025,28933,2025-12-13 15:00:00,premier,Liverpool,Brighton,2,0,2.4127,1.69004,6.9,6.0,,
2025,28930,2025-12-13 17:30:00,premier,Burnley,Fulham,2,3,2.05486,1.65053,7.1,6.0,,
2025,28928,2025-12-13 20:00:00,premier,Arsenal,Wolverhampton Wanderers,2,1,1.61796,0.61997,7.3,5.0,,
2025,28932,2025-12-14 14:00:00,premier,Crystal Palace,Manchester City,0,3,1.30092,1.35317,6.9,8.0,,
2025,28935,2025-12-14 14:00:00,premier,Nottingham Forest,Tottenham,3,0,2.32658,0.380246,8.0,8.0,,
2025,28936,2025-12-14 14:00:00,premier,Sunderland,Newcastle United,1,0,0.630045,0.169329,8.0,8.0,,
2025,28937,2025-12-14 14:00:00,premier,West Ham,Aston Villa,2,3,1.27701,0.595093,7.0,8.1,,
2025,28929,2025-12-14 16:30:00,premier,Brentford,Leeds,1,1,0.697006,1.63409,8.1,8.0,,
2025,28934,2025-12-15 20:00:00,premier,Manchester United,Bournemouth,4,4,3.21204,2.35196,7.0,9.2,,
2025,28945,2025-12-20 12:30:00,premier,Newcastle United,Chelsea,2,2,2.87863,1.0261,5.9,6.9,,
2025,28938,2025-12-20 15:00:00,premier,Bournemouth,Burnley,1,1,1.81847,0.480528,4.8,6.9,,
2025,28940,2025-12-20 15:00:00,premier,Brighton,Sunderland,0,0,0.919272,1.31044,7.0,6.0,,
2025,28944,2025-12-20 15:00:00,premier,Manchester City,West Ham,3,0,3.58188,1.02143,6.0,6.0,,
2025,28947,2025-12-20 15:00:00,premier,Wolverhampton Wanderers,Brentford,0,2,1.26823,1.56309,6.8,5.9,,
2025,28946,2025-12-20 17:30:00,premier,Tottenham,Liverpool,1,2,1.34905,1.23164,6.1,7.1,,
2025,28941,2025-12-20 20:00:00,premier,Everton,Arsenal,0,1,0.213273,1.84723,7.2,7.0,,
2025,28943,2025-12-20 20:00:00,premier,Leeds,Crystal Palace,4,1,2.90786,1.53058,6.1,6.2,,
2025,28939,2025-12-21 16:30:00,premier,Aston Villa,Manchester United,2,1,1.86917,1.30455,7.1,5.9,,
2025,28942,2025-12-22 20:00:00,premier,Fulham,Nottingham Forest,1,0,1.70568,0.486296,9.1,8.2,,
2025,28954,2025-12-26 20:00:00,premier,Manchester United,Newcastle United,1,0,0.940811,1.12998,5.1,6.3,,
2025,28955,2025-12-27 12:30:00,premier,Nottingham Forest,Manchester City,1,2,0.600141,1.46468,4.7,6.9,,
2025,28948,2025-12-27 15:00:00,premier,Arsenal,Brighton,2,1,2.54318,0.710064,6.8,7.0,,
2025,28949,2025-12-27 15:00:00,premier,Brentford,Bournemouth,4,1,2.8513,2.56183,7.0,7.0,,
2025,28950,2025-12-27 15:00:00,premier,Burnley,Everton,0,0,1.24948,1.25204,7.0,6.8,,
2025,28953,2025-12-27 15:00:00,premier,Liverpool,Wolverhampton Wanderers,2,1,1.56502,0.780664,6.9,7.0,,
2025,28957,2025-12-27 15:00:00,premier,West Ham,Fulham,0,1,1.13719,1.11436,7.0,4.8,,
2025,28951,2025-12-27 17:30:00,premier,Chelsea,Aston Villa,1,2,1.97155,2.05918,7.2,6.0,,
2025,28956,2025-12-28 14:00:00,premier,Sunderland,Leeds,1,1,0.805957,2.60653,8.0,7.8,,
2025,28952,2025-12-28 16:30:00,premier,Crystal Palace,Tottenham,0,1,0.929681,0.870768,7.9,8.0,,
2025,28960,2025-12-30 19:30:00,premier,Burnley,Newcastle United,1,3,1.32551,2.49248,3.2,4.0,,
2025,28961,2025-12-30 19:30:00,premier,Chelsea,Bournemouth,2,2,2.33294,3.49142,3.1,3.2,,
2025,28965,2025-12-30 19:30:00,premier,Nottingham Forest,Everton,0,2,1.75445,1.69525,3.3,3.2,,
2025,28967,2025-12-30 19:30:00,premier,West Ham,Brighton,2,2,2.27644,3.08914,3.2,3.2,,
2025,28958,2025-12-30 20:15:00,premier,Arsenal,Aston Villa,4,1,4.41335,2.94195,3.2,3.1,,
2025,28964,2025-12-30 20:15:00,premier,Manchester United,Wolverhampton Wanderers,1,1,1.13306,1.21784,4.0,3.2,,
2025,28962,2026-01-01 17:30:00,premier,Crystal Palace,Fulham,1,1,2.35346,1.75434,4.0,5.1,,
2025,28963,2026-01-01 17:30:00,premier,Liverpool,Leeds,0,0,1.67833,0.15936,5.1,4.1,,
2025,28959,2026-01-01 20:00:00,premier,Brentford,Tottenham,0,0,0.556304,0.608309,5.2,4.1,,
2025,28966,2026-01-01 20:00:00,premier,Sunderland,Manchester City,0,0,0.962141,2.44247,4.2,5.3,,
2025,28972,2026-01-03 12:30:00,premier,Aston Villa,Nottingham Forest,3,1,1.42988,0.8982,3.7,3.7,,
2025,28970,2026-01-03 15:00:00,premier,Wolverhampton Wanderers,West Ham,3,0,2.23925,0.235678,3.8,3.8,,
2025,28973,2026-01-03 15:00:00,premier,Brighton,Burnley,2,0,1.4717,0.254551,3.8,3.8,,
2025,28971,2026-01-03 17:30:00,premier,Bournemouth,Arsenal,2,3,0.947846,1.28,3.9,3.9,,
2025,28976,2026-01-04 12:30:00,premier,Leeds,Manchester United,1,1,0.970138,1.94781,2.8,4.7,,
2025,28968,2026-01-04 15:00:00,premier,Newcastle United,Crystal Palace,2,0,2.72764,1.27825,4.8,2.9,,
2025,28969,2026-01-04 15:00:00,premier,Tottenham,Sunderland,1,1,1.4175,0.467481,2.8,2.8,,
2025,28974,2026-01-04 15:00:00,premier,Everton,Brentford,2,4,1.00566,3.05179,4.8,2.8,,
2025,28975,2026-01-04 15:00:00,premier,Fulham,Liverpool,2,2,0.609182,1.7188,2.9,2.9,,
2025,28977,2026-01-04 17:30:00,premier,Manchester City,Chelsea,1,1,1.03049,2.03726,2.9,4.9,,
2025,28987,2026-01-06 20:00:00,premier,West Ham,Nottingham Forest,1,2,1.73697,1.26683,3.2,3.3,,
2025,28978,2026-01-07 19:30:00,premier,Everton,Wolverhampton Wanderers,1,1,1.63321,0.71329,3.2,4.2,,
2025,28979,2026-01-07 19:30:00,premier,Bournemouth,Tottenham,3,2,1.19014,1.6261,4.1,3.2,,
2025,28981,2026-01-07 19:30:00,premier,Brentford,Sunderland,3,0,3.86096,1.50644,3.2,3.2,,
2025,28983,2026-01-07 19:30:00,premier,Crystal Palace,Aston Villa,0,0,1.32505,2.07015,3.2,4.3,,
2025,28984,2026-01-07 19:30:00,premier,Fulham,Chelsea,2,1,1.06013,2.45107,3.2,3.1,,
2025,28985,2026-01-07 19:30:00,premier,Manchester City,Brighton,1,1,2.95904,1.33162,3.1,4.2,,
2025,28982,2026-01-07 20:15:00,premier,Burnley,Manchester United,2,2,0.31971,2.52488,4.2,3.3,,
2025,28986,2026-01-07 20:15:00,premier,Newcastle United,Leeds,4,3,2.43495,2.35318,3.2,3.3,,
2025,28980,2026-01-08 20:00:00,premier,Arsenal,Liverpool,0,0,0.701832,0.318642,5.1,4.2,,
2025,28993,2026-01-17 12:30:00,premier,Manchester United,Manchester City,2,0,3.07278,0.387015,9.7,9.7,,
2025,28990,2026-01-17 15:00:00,premier,Chelsea,Brentford,2,0,1.62263,1.47521,9.8,9.8,,
2025,28991,2026-01-17 15:00:00,premier,Leeds,Fulham,1,0,2.16898,0.258796,9.8,9.8,,
2025,28992,2026-01-17 15:00:00,premier,Liverpool,Burnley,1,1,3.49045,0.546971,8.8,9.8,,
2025,28995,2026-01-17 15:00:00,premier,Sunderland,Crystal Palace,2,1,1.84601,1.15169,9.8,9.8,,
2025,28996,2026-01-17 15:00:00,premier,Tottenham,West Ham,1,2,1.65292,2.76761,9.8,10.8,,
2025,28994,2026-01-17 17:30:00,premier,Nottingham Forest,Arsenal,0,0,0.318481,2.86323,10.9,8.9,,
2025,28997,2026-01-18 14:00:00,premier,Wolverhampton Wanderers,Newcastle United,0,0,0.390216,0.813313,10.8,10.7,,
2025,28988,2026-01-18 16:30:00,premier,Aston Villa,Everton,0,1,0.905393,0.745859,10.9,10.9,,
2025,28989,2026-01-19 20:00:00,premier,Brighton,Bournemouth,1,1,0.995777,1.69737,12.0,12.0,,
2025,29007,2026-01-24 12:30:00,premier,West Ham,Sunderland,3,1,2.18675,0.713838,6.9,6.9,,
2025,29001,2026-01-24 15:00:00,premier,Burnley,Tottenham,2,2,1.54884,2.59093,7.0,7.0,,
2025,29004,2026-01-24 15:00:00,premier,Fulham,Brighton,2,1,1.13243,1.94652,7.0,4.8,,
2025,29005,2026-01-24 15:00:00,premier,Manchester City,Wolverhampton Wanderers,2,0,1.0654,0.542683,7.1,6.0,,
2025,28998,2026-01-24 17:30:00,premier,Bournemouth,Liverpool,3,2,3.31474,0.937335,4.9,7.1,,
2025,29000,2026-01-25 14:00:00,premier,Brentford,Nottingham Forest,0,2,2.00413,1.38958,8.0,7.9,,
2025,29002,2026-01-25 14:00:00,premier,Crystal Palace,Chelsea,1,3,2.41793,3.08817,8.0,8.0,,
2025,29006,2026-01-25 14:00:00,premier,Newcastle United,Aston Villa,0,2,1.95484,1.32143,7.0,6.9,,
2025,28999,2026-01-25 16:30:00,premier,Arsenal,Manchester United,2,3,1.42411,0.640902,8.0,8.2,,
2025,29003,2026-01-26 20:00:00,premier,Everton,Leeds,1,1,0.889916,1.6766,8.1,9.2,,
2025,29010,2026-01-31 15:00:00,premier,Brighton,Everton,1,1,1.42825,1.28126,7.0,4.8,,
2025,29015,2026-01-31 15:00:00,premier,Leeds,Arsenal,0,4,0.17871,3.54427,4.8,5.9,,
2025,29017,2026-01-31 15:00:00,premier,Wolverhampton Wanderers,Bournemouth,0,2,2.10353,1.59116,7.0,6.9,,
2025,29009,2026-01-31 17:30:00,premier,Chelsea,West Ham,3,2,2.66133,1.72585,6.1,7.2,,
2025,29014,2026-01-31 20:00:00,premier,Liverpool,Newcastle United,4,1,3.09973,0.284319,7.1,6.2,,
2025,29008,2026-02-01 14:00:00,premier,Aston Villa,Brentford,0,1,2.15316,0.314916,7.0,7.0,,
2025,29012,2026-02-01 14:00:00,premier,Manchester United,Fulham,3,2,1.84362,1.71998,6.9,8.0,,
2025,29013,2026-02-01 14:00:00,premier,Nottingham Forest,Crystal Palace,1,1,0.987254,1.648,7.0,7.0,,
2025,29016,2026-02-01 16:30:00,premier,Tottenham,Manchester City,2,2,1.49738,2.03614,8.1,8.1,,
2025,29011,2026-02-02 20:00:00,premier,Sunderland,Burnley,3,0,1.8865,0.126371,9.3,9.2,,
2025,29023,2026-02-06 20:00:00,premier,Leeds,Nottingham Forest,3,1,3.38179,1.6608,6.2,5.2,,
2025,29025,2026-02-07 12:30:00,premier,Manchester United,Tottenham,2,0,2.16576,0.593404,5.9,5.8,,
2025,29018,2026-02-07 15:00:00,premier,Bournemouth,Aston Villa,1,1,1.82646,0.646496,7.0,6.0,,
2025,29019,2026-02-07 15:00:00,premier,Arsenal,Sunderland,3,0,1.19401,0.427225,7.0,4.8,,
2025,29021,2026-02-07 15:00:00,premier,Burnley,West Ham,0,2,1.84644,1.1223,4.8,6.9,,
2025,29022,2026-02-07 15:00:00,premier,Fulham,Everton,1,2,2.20126,1.88778,6.0,7.0,,
2025,29027,2026-02-07 15:00:00,premier,Wolverhampton Wanderers,Chelsea,1,3,1.11372,3.76278,7.0,6.9,,
2025,29026,2026-02-07 17:30:00,premier,Newcastle United,Brentford,2,3,3.3215,1.65022,6.9,6.1,,
2025,29020,2026-02-08 14:00:00,premier,Brighton,Crystal Palace,0,1,0.737798,0.928404,8.0,7.0,,
2025,29024,2026-02-08 16:30:00,premier,Liverpool,Manchester City,1,2,1.26652,2.41476,7.9,7.0,,
2025,29030,2026-02-10 19:30:00,premier,Chelsea,Leeds,2,2,3.21176,1.28948,3.2,4.0,,
2025,29032,2026-02-10 19:30:00,premier,Everton,Bournemouth,1,2,2.33114,1.4121,3.2,3.2,,
2025,29036,2026-02-10 19:30:00,premier,Tottenham,Newcastle United,1,2,1.68925,2.46991,3.3,3.1,,
2025,29037,2026-02-10 20:15:00,premier,West Ham,Manchester United,1,1,1.30746,0.735767,3.2,3.3,,
2025,29028,2026-02-11 19:30:00,premier,Aston Villa,Brighton,1,0,0.576138,0.481306,4.2,3.2,,
2025,29031,2026-02-11 19:30:00,premier,Crystal Palace,Burnley,2,3,2.1276,0.691273,3.2,4.2,,
2025,29033,2026-02-11 19:30:00,premier,Manchester City,Fulham,3,0,1.67722,1.05283,3.1,4.2,,
2025,29034,2026-02-11 19:30:00,premier,Nottingham Forest,Wolverhampton Wanderers,0,0,3.69094,0.406959,5.0,4.2,,
2025,29035,2026-02-11 20:15:00,premier,Sunderland,Liverpool,0,1,0.693794,3.08172,4.2,3.2,,
2025,29029,2026-02-12 20:00:00,premier,Brentford,Arsenal,1,1,1.81154,0.78418,5.1,5.2,,
2025,29087,2026-02-18 20:00:00,premier,Wolverhampton Wanderers,Arsenal,2,2,0.173119,2.01018,7.0,6.0,,
2025,29038,2026-02-21 15:00:00,premier,Aston Villa,Leeds,1,1,1.25439,1.27855,9.8,10.8,,
2025,29039,2026-02-21 15:00:00,premier,Brentford,Brighton,0,2,1.69023,1.37203,8.8,9.8,,
2025,29040,2026-02-21 15:00:00,premier,Chelsea,Burnley,1,1,2.51534,1.01255,10.8,9.8,,
2025,29047,2026-02-21 17:30:00,premier,West Ham,Bournemouth,0,0,2.34412,0.522731,10.9,10.9,,
2025,29043,2026-02-21 20:00:00,premier,Manchester City,Newcastle United,2,1,2.22648,0.507954,10.0,11.0,,
2025,29041,2026-02-22 14:00:00,premier,Crystal Palace,Wolverhampton Wanderers,1,0,2.03559,1.67749,10.8,3.8,,
2025,29044,2026-02-22 14:00:00,premier,Nottingham Forest,Liverpool,0,1,0.934768,2.39634,10.8,10.7,,
2025,29045,2026-02-22 14:00:00,premier,Sunderland,Fulham,1,3,1.7609,2.16696,10.7,10.8,,
2025,29046,2026-02-22 16:30:00,premier,Tottenham,Arsenal,1,4,0.383264,3.31701,11.9,3.9,,
2025,29042,2026-02-23 20:00:00,premier,Everton,Manchester United,0,1,0.560924,1.4547,13.0,13.0,,
2025,29057,2026-02-27 20:00:00,premier,Wolverhampton Wanderers,Aston Villa,2,0,1.50771,1.31328,5.2,6.2,,
2025,29048,2026-02-28 12:30:00,premier,Bournemouth,Sunderland,1,1,1.82434,1.07887,6.8,5.9,,
2025,29051,2026-02-28 15:00:00,premier,Burnley,Brentford,3,4,0.823824,2.44595,7.0,7.0,,
2025,29054,2026-02-28 15:00:00,premier,Liverpool,West Ham,5,2,2.09939,1.3517,6.0,6.9,,
2025,29056,2026-02-28 15:00:00,premier,Newcastle United,Everton,2,3,1.11889,2.40731,6.8,4.8,,
2025,29053,2026-02-28 17:30:00,premier,Leeds,Manchester City,0,1,1.37824,2.46834,7.1,6.9,,
2025,29050,2026-03-01 14:00:00,premier,Brighton,Nottingham Forest,2,1,1.20107,0.83055,8.0,7.0,,
2025,29052,2026-03-01 14:00:00,premier,Fulham,Tottenham,2,1,2.3207,0.952091,7.0,6.9,,
2025,29055,2026-03-01 14:00:00,premier,Manchester United,Crystal Palace,2,1,2.34609,0.384699,5.8,7.0,,
2025,29049,2026-03-01 16:30:00,premier,Arsenal,Chelsea,2,1,1.71598,1.35268,7.0,8.1,,
2025,29058,2026-03-03 19:30:00,premier,Bournemouth,Brentford,0,0,2.3177,0.673328,3.3,3.2,,
2025,29061,2026-03-03 19:30:00,premier,Everton,Burnley,2,0,1.15845,0.762229,3.2,3.2,,
2025,29063,2026-03-03 19:30:00,premier,Leeds,Sunderland,0,1,0.888232,0.843856,3.1,3.3,,
2025,29067,2026-03-03 20:15:00,premier,Wolverhampton Wanderers,Liverpool,2,1,0.636033,2.17217,4.0,3.2,,
2025,29059,2026-03-04 19:30:00,premier,Aston Villa,Chelsea,1,4,1.06854,3.38883,5.0,3.1,,
2025,29060,2026-03-04 19:30:00,premier,Brighton,Arsenal,0,1,0.919228,0.514803,3.2,3.1,,
2025,29062,2026-03-04 19:30:00,premier,Fulham,West Ham,0,1,0.628123,1.49528,3.2,4.2,,
2025,29064,2026-03-04 19:30:00,premier,Manchester City,Nottingham Forest,2,2,2.72655,1.23642,4.1,3.2,,
2025,29065,2026-03-04 20:15:00,premier,Newcastle United,Manchester United,2,1,1.96637,1.80571,4.2,3.3,,
2025,29066,2026-03-05 20:00:00,premier,Tottenham,Crystal Palace,1,3,1.29615,1.91515,4.2,4.2,,
2025,29070,2026-03-14 15:00:00,premier,Burnley,Bournemouth,0,0,1.67695,2.36979,10.8,10.8,,
2025,29076,2026-03-14 15:00:00,premier,Sunderland,Brighton,0,1,0.659083,1.12832,10.8,9.8,,
2025,29068,2026-03-14 17:30:00,premier,Arsenal,Everton,2,0,1.90855,1.17847,9.9,10.9,,
2025,29071,2026-03-14 17:30:00,premier,Chelsea,Newcastle United,0,1,1.72508,1.03251,9.9,9.9,,
2025,29077,2026-03-14 20:00:00,premier,West Ham,Manchester City,1,1,0.488982,1.9546,10.0,10.0,,
2025,29072,2026-03-15 14:00:00,premier,Crystal Palace,Leeds,0,0,0.525205,1.13558,9.8,11.8,,
2025,29074,2026-03-15 14:00:00,premier,Manchester United,Aston Villa,3,1,1.67823,1.21071,10.7,10.8,,
2025,29075,2026-03-15 14:00:00,premier,Nottingham Forest,Fulham,0,0,0.821011,0.933988,10.8,10.8,,
2025,29073,2026-03-15 16:30:00,premier,Liverpool,Tottenham,1,1,1.30076,1.15636,11.8,9.9,,
2025,29069,2026-03-16 20:00:00,premier,Brentford,Wolverhampton Wanderers,2,2,2.7966,1.80044,13.0,13.0,,
2025,29078,2026-03-20 20:00:00,premier,Bournemouth,Manchester United,2,2,1.76664,1.74574,6.2,5.2,,
2025,29080,2026-03-21 12:30:00,premier,Brighton,Liverpool,2,1,3.42956,0.956801,6.9,5.8,,
2025,29082,2026-03-21 15:00:00,premier,Fulham,Burnley,3,1,3.48438,1.92556,6.0,7.0,,
2025,29081,2026-03-21 17:30:00,premier,Everton,Chelsea,3,0,1.44532,1.35143,7.0,7.0,,
2025,29083,2026-03-21 20:00:00,premier,Leeds,Brentford,0,0,0.417296,0.302221,6.2,5.0,,
2025,29085,2026-03-22 12:00:00,premier,Newcastle United,Sunderland,1,2,1.26705,2.66657,7.8,7.9,,
2025,29079,2026-03-22 14:15:00,premier,Aston Villa,West Ham,2,0,2.48528,0.760054,7.0,7.8,,
2025,29086,2026-03-22 14:15:00,premier,Tottenham,Nottingham Forest,0,3,1.6189,1.54408,6.9,7.0,,
2025,29091,2026-04-10 19:00:00,premier,West Ham,Wolverhampton Wanderers,4,0,2.54379,0.571967,19.2,25.0,,
2025,29092,2026-04-11 11:30:00,premier,Arsenal,Bournemouth,1,2,3.16346,1.39461,27.8,21.6,,
2025,29093,2026-04-11 14:00:00,premier,Brentford,Everton,2,2,2.26302,1.57033,20.8,20.9,,
2025,29094,2026-04-11 14:00:00,premier,Burnley,Brighton,0,2,0.812029,1.07182,21.0,21.1,,
2025,29097,2026-04-11 16:30:00,premier,Liverpool,Fulham,2,0,2.01499,1.42024,21.2,21.1,,
2025,29089,2026-04-12 13:00:00,premier,Nottingham Forest,Aston Villa,1,1,0.85045,1.36297,20.9,20.9,,
2025,29090,2026-04-12 13:00:00,premier,Sunderland,Tottenham,1,0,1.77584,1.01598,21.0,20.9,,
2025,29096,2026-04-12 13:00:00,premier,Crystal Palace,Newcastle United,2,1,3.13933,1.27299,28.0,21.0,,
2025,29095,2026-04-12 15:30:00,premier,Chelsea,Manchester City,0,3,1.22108,2.40839,21.9,28.8,,
2025,29088,2026-04-13 19:00:00,premier,Manchester United,Leeds,1,2,1.36555,2.95118,24.0,23.0,,
2025,29099,2026-04-18 11:30:00,premier,Brentford,Fulham,0,0,2.33552,0.790707,6.9,6.8,,
2025,29103,2026-04-18 14:00:00,premier,Leeds,Wolverhampton Wanderers,3,0,3.55804,0.568627,4.8,7.8,,
2025,29105,2026-04-18 14:00:00,premier,Newcastle United,Bournemouth,1,2,1.61167,3.36662,6.0,7.1,,
2025,29107,2026-04-18 16:30:00,premier,Tottenham,Brighton,2,2,1.56052,1.1373,6.1,7.1,,
2025,29100,2026-04-18 19:00:00,premier,Chelsea,Manchester United,0,1,1.28109,0.436043,6.1,5.0,,
2025,29098,2026-04-19 13:00:00,premier,Aston Villa,Sunderland,4,3,3.90223,1.56008,7.0,7.0,,
2025,29102,2026-04-19 13:00:00,premier,Everton,Liverpool,1,2,1.4784,1.38333,8.0,7.9,,
2025,29106,2026-04-19 13:00:00,premier,Nottingham Forest,Burnley,4,1,1.4425,0.601418,7.0,8.0,,
2025,29104,2026-04-19 15:30:00,premier,Manchester City,Arsenal,2,1,2.61528,2.28964,7.0,8.2,,
2025,29101,2026-04-20 19:00:00,premier,Crystal Palace,West Ham,0,0,0.733442,0.622445,8.2,10.0,,
